shape_id,shape_pt_lat,shape_pt_lon,shape_pt_sequence,shape_dist_traveled
3027,48.41616,-89.2363599,0,0
3027,48.41436,-89.23756,1,218
3027,48.4142999,-89.23755,2,227
3027,48.4134199,-89.2379599,3,331
3027,48.4124999,-89.2383899,4,439
3027,48.41236,-89.2384599,5,448
3027,48.41214,-89.23867,6,476
3027,48.41208,-89.23858,7,484
3027,48.4110899,-89.23906,8,602
3027,48.41019,-89.2394399,9,709
3027,48.4092099,-89.2398399,10,826
3027,48.40831,-89.2401999,11,930
3027,48.40782,-89.2405,12,974
3027,48.40779,-89.24048,13,981
3027,48.40694,-89.2408799,14,1083
3027,48.40674,-89.24094,15,1104
3027,48.40671,-89.24103,16,1111
3027,48.4067,-89.24109,17,1117
3027,48.4067,-89.24117,18,1124
3027,48.40687,-89.2426,19,1231
3027,48.40686,-89.24405,20,1334
3027,48.40678,-89.2452,21,1420
3027,48.4068,-89.24536,22,1429
3027,48.4068899,-89.24546,23,1443
3027,48.4079699,-89.2454799,24,1562
3027,48.40922,-89.24546,25,1691
3027,48.4092199,-89.24547,26,1698
3027,48.41011,-89.2454799,27,1802
3027,48.41061,-89.24543,28,1848
3027,48.41616,-89.2363599,29,2759
3104,48.36516,-89.28197,0,0
3104,48.3650999,-89.2823099,1,16
3104,48.36515,-89.28366,2,120
3104,48.36511,-89.2855899,3,247
3104,48.36516,-89.28573,4,272
3104,48.3651299,-89.28577,5,278
3104,48.36509,-89.28709,6,379
3104,48.36515,-89.28841,7,476
3104,48.3650999,-89.28879,8,501
3104,48.36511,-89.28886,9,509
3104,48.3650999,-89.2895599,10,564
3104,48.3650699,-89.2895999,11,572
3104,48.3649699,-89.2896599,12,579
3104,48.36423,-89.28956,13,678
3104,48.36335,-89.28952,14,778
3104,48.3623399,-89.28952,15,887
3104,48.3620499,-89.28951,16,914
3104,48.36112,-89.28952,17,1023
3104,48.3601499,-89.2894999,18,1124
3104,48.3596199,-89.28955,19,1188
3104,48.35908,-89.2898599,20,1257
3104,48.3586299,-89.2904499,21,1319
3104,48.35846,-89.29108,22,1382
3104,48.3582699,-89.29136,23,1389
3104,48.3578499,-89.2925199,24,1485
3104,48.35737,-89.29382,25,1601
3104,48.35711,-89.29479,26,1690
3104,48.35695,-89.29507,27,1706
3104,48.3568999,-89.29543,28,1730
3104,48.3568899,-89.2963599,29,1795
3104,48.35698,-89.2971,30,1867
3104,48.3568999,-89.29742,31,1875
3104,48.35691,-89.2987899,32,1981
3104,48.35691,-89.30002,33,2066
3104,48.35697,-89.30087,34,2151
3104,48.3569199,-89.3012799,35,2160
3104,48.3569199,-89.30268,36,2263
3104,48.3569299,-89.30402,37,2365
3104,48.3569299,-89.3055,38,2468
3104,48.35694,-89.3059,39,2495
3104,48.35698,-89.30602,40,2506
3104,48.35708,-89.3060799,41,2518
3104,48.35715,-89.30594,42,2541
3104,48.3574799,-89.30606,43,2555
3104,48.36003,-89.3060399,44,2829
3104,48.3601399,-89.3060699,45,2843
3104,48.36022,-89.3062,46,2853
3104,48.36019,-89.30721,47,2936
3104,48.3597199,-89.30997,48,3137
3104,48.3594899,-89.31127,49,3239
3104,48.35925,-89.3123399,50,3331
3104,48.3591899,-89.3125,51,3339
3104,48.3586299,-89.3134599,52,3436
3104,48.358,-89.3140199,53,3526
3104,48.3577499,-89.3141499,54,3543
3104,48.35687,-89.3142799,55,3644
3104,48.3559699,-89.3143,56,3742
3104,48.3538099,-89.31427,57,3982
3104,48.353,-89.3143799,58,4072
3104,48.3529199,-89.31442,59,4082
3104,48.3528499,-89.3145,60,4092
3104,48.3528,-89.31459,61,4100
3104,48.35275,-89.31479,62,4114
3104,48.3530199,-89.31643,63,4230
3104,48.3530199,-89.3165099,64,4240
3104,48.35303,-89.31656,65,4246
3104,48.35298,-89.31667,66,4256
3104,48.35293,-89.31672,67,4265
3104,48.34985,-89.3166499,68,4606
3104,48.34522,-89.3166099,69,5131
3104,48.34392,-89.3166499,70,5273
3104,48.3428799,-89.31702,71,5400
3104,48.3419299,-89.31772,72,5498
3104,48.3410999,-89.3187099,73,5637
3104,48.34046,-89.31994,74,5747
3104,48.3396299,-89.32191,75,5903
3104,48.3395599,-89.3219999,76,5915
3104,48.33952,-89.3220299,77,5921
3104,48.3394599,-89.3220299,78,5930
3104,48.33934,-89.32194,79,5943
3104,48.33928,-89.3218599,80,5954
3104,48.3391999,-89.32165,81,5971
3104,48.33918,-89.3215099,82,5983
3104,48.33919,-89.3212399,83,6002
3104,48.3396299,-89.31913,84,6160
3104,48.3398899,-89.31785,85,6257
3104,48.34036,-89.3161199,86,6410
3104,48.3425099,-89.30987,87,6927
3104,48.34349,-89.3069899,88,7159
3104,48.34408,-89.3057099,89,7276
3104,48.3458599,-89.30277,90,7565
3104,48.34626,-89.30209,91,7627
3104,48.34742,-89.3002599,92,7797
3104,48.3484,-89.2986599,93,7960
3104,48.34907,-89.29756,94,8064
3104,48.35005,-89.29594,95,8237
3104,48.35107,-89.29428,96,8407
3104,48.35211,-89.2925799,97,8569
3104,48.3530199,-89.29109,98,8728
3104,48.3533199,-89.2906199,99,8766
3104,48.3535799,-89.2901,100,8824
3104,48.35376,-89.28948,101,8863
3104,48.3543299,-89.2873599,102,9041
3104,48.35467,-89.28599,103,9158
3104,48.3552799,-89.28391,104,9310
3104,48.35567,-89.2824799,105,9421
3104,48.3559699,-89.2813599,106,9503
3104,48.3563399,-89.28002,107,9617
3104,48.35645,-89.2792,108,9672
3104,48.3565699,-89.2771599,109,9832
3104,48.35662,-89.27566,110,9942
3104,48.3566,-89.27454,111,10033
3104,48.3566299,-89.27449,112,10041
3104,48.3566999,-89.2730199,113,10159
3104,48.35675,-89.2715799,114,10261
3104,48.3567999,-89.27024,115,10362
3104,48.35685,-89.26884,116,10459
3104,48.35684,-89.26801,117,10538
3104,48.35694,-89.26641,118,10640
3104,48.3569899,-89.2650499,119,10740
3104,48.35698,-89.26399,120,10837
3104,48.3569899,-89.2635999,121,10844
3104,48.35695,-89.26356,122,10851
3104,48.3568299,-89.26355,123,10862
3104,48.35557,-89.26448,124,11016
3104,48.3546899,-89.2651099,125,11123
3104,48.35383,-89.26571,126,11229
3104,48.35259,-89.26663,127,11406
3104,48.35162,-89.2673099,128,11508
3104,48.3507499,-89.2679299,129,11610
3104,48.3498699,-89.26857,130,11720
3104,48.34899,-89.2692099,131,11824
3104,48.3489199,-89.2692,132,11832
3104,48.3488799,-89.26916,133,11838
3104,48.3487899,-89.2689199,134,11859
3104,48.3487499,-89.2686199,135,11881
3104,48.34881,-89.2677099,136,11951
3104,48.3489199,-89.2674,137,11973
3104,48.34919,-89.2669499,138,12021
3104,48.3492399,-89.26671,139,12038
3104,48.34927,-89.26526,140,12149
3104,48.34926,-89.26508,141,12173
3104,48.34927,-89.26379,142,12255
3104,48.3493099,-89.26365,143,12265
3104,48.34936,-89.2635999,144,12272
3104,48.3494799,-89.2635399,145,12285
3104,48.35041,-89.26358,146,12387
3104,48.3513399,-89.26359,147,12488
3104,48.35147,-89.26354,148,12528
3104,48.35176,-89.26362,149,12539
3104,48.35224,-89.2635699,150,12591
3104,48.3531,-89.263,151,12693
3104,48.35333,-89.26277,152,12748
3104,48.35333,-89.2628,153,12754
3104,48.35369,-89.26254,154,12798
3104,48.3538099,-89.2624899,155,12812
3104,48.3538799,-89.26256,156,12821
3104,48.3542299,-89.26392,157,12931
3104,48.35444,-89.26476,158,12993
3104,48.3545999,-89.2651099,159,13022
3104,48.3546899,-89.2651099,160,13033
3104,48.35549,-89.2644899,161,13133
3104,48.35635,-89.26387,162,13235
3104,48.35662,-89.26364,163,13292
3104,48.35695,-89.26352,164,13306
3104,48.35698,-89.2635399,165,13312
3104,48.35704,-89.2636699,166,13324
3104,48.3570199,-89.2649799,167,13424
3104,48.3569599,-89.26641,168,13528
3104,48.35691,-89.26779,169,13630
3104,48.3568599,-89.2692199,170,13736
3104,48.3569,-89.26948,171,13771
3104,48.3567899,-89.2711799,172,13876
3104,48.35675,-89.27265,173,13988
3104,48.3566999,-89.2740699,174,14095
3104,48.35673,-89.27432,175,14129
3104,48.3566299,-89.27613,176,14232
3104,48.35658,-89.2775799,177,14341
3104,48.3566,-89.27842,178,14423
3104,48.35646,-89.2796499,179,14502
3104,48.35635,-89.28007,180,14531
3104,48.35596,-89.28151,181,14657
3104,48.35557,-89.2829399,182,14763
3104,48.35529,-89.28411,183,14880
3104,48.3552899,-89.2840799,184,14889
3104,48.35481,-89.28577,185,15022
3104,48.3544599,-89.28699,186,15122
3104,48.3538399,-89.28926,187,15305
3104,48.35353,-89.2902899,188,15395
3104,48.35252,-89.2919599,189,15564
3104,48.3514799,-89.29365,190,15734
3104,48.3503599,-89.29549,191,15914
3104,48.3491,-89.29755,192,16118
3104,48.34804,-89.2992799,193,16289
3104,48.34654,-89.30176,194,16531
3104,48.34633,-89.30217,195,16567
3104,48.3455399,-89.3033899,196,16670
3104,48.3449399,-89.30435,197,16767
3104,48.34394,-89.30602,198,16943
3104,48.34246,-89.31009,199,17277
3104,48.34036,-89.3163199,200,17796
3104,48.3397899,-89.31847,201,17970
3104,48.3393599,-89.32079,202,18140
3104,48.3392699,-89.32125,203,18180
3104,48.33926,-89.3213999,204,18190
3104,48.33929,-89.3216399,205,18205
3104,48.33935,-89.32172,206,18214
3104,48.3394999,-89.32178,207,18228
3104,48.33958,-89.3217299,208,18239
3104,48.33965,-89.32166,209,18245
3104,48.34092,-89.31895,210,18492
3104,48.34184,-89.31778,211,18640
3104,48.34279,-89.31706,212,18749
3104,48.34382,-89.3166499,213,18874
3104,48.3483599,-89.3166,214,19376
3104,48.35231,-89.3164099,215,19800
3104,48.35254,-89.3163199,216,19829
3104,48.3526299,-89.3162499,217,19835
3104,48.35271,-89.3161499,218,19847
3104,48.3527599,-89.3160199,219,19860
3104,48.3527899,-89.31587,220,19874
3104,48.3528,-89.31571,221,19881
3104,48.35267,-89.3146699,222,19956
3104,48.35267,-89.3144499,223,19973
3104,48.3527199,-89.3143,224,19984
3104,48.3528299,-89.31423,225,19998
3104,48.3572199,-89.31424,226,20484
3104,48.35797,-89.31397,227,20564
3104,48.35829,-89.3137599,228,20608
3104,48.35892,-89.3129999,229,20699
3104,48.35925,-89.31224,230,20762
3104,48.35976,-89.30974,231,20958
3104,48.3597799,-89.3095599,232,20967
3104,48.36013,-89.3076199,233,21119
3104,48.3601699,-89.30728,234,21149
3104,48.3601699,-89.30625,235,21216
3104,48.36012,-89.3061399,236,21225
3104,48.36009,-89.3061,237,21231
3104,48.35999,-89.3060699,238,21242
3104,48.3582,-89.3060799,239,21437
3104,48.3570299,-89.3061,240,21566
3104,48.3569299,-89.3060699,241,21576
3104,48.3568899,-89.30597,242,21584
3104,48.35688,-89.3058099,243,21593
3104,48.3568999,-89.30554,244,21615
3104,48.3568899,-89.30546,245,21621
3104,48.35687,-89.30083,246,21982
3104,48.35688,-89.2992,247,22082
3104,48.35688,-89.29776,248,22185
3104,48.35688,-89.2963599,249,22292
3104,48.35688,-89.2953399,250,22366
3104,48.35699,-89.29477,251,22426
3104,48.35756,-89.2932399,252,22527
3104,48.3580099,-89.29202,253,22639
3104,48.35845,-89.29082,254,22740
3104,48.35856,-89.29048,255,22777
3104,48.35908,-89.28981,256,22836
3104,48.3595499,-89.28951,257,22886
3104,48.36068,-89.28942,258,23020
3104,48.36199,-89.28948,259,23158
3104,48.36325,-89.2894699,260,23298
3104,48.36387,-89.28941,261,23363
3104,48.36393,-89.28936,262,23371
3104,48.36396,-89.28928,263,23379
3104,48.3639899,-89.28906,264,23393
3104,48.3639899,-89.28627,265,23596
3104,48.3639799,-89.2845,266,23738
3104,48.3639899,-89.28324,267,23822
3104,48.36397,-89.28308,268,23837
3104,48.3639799,-89.28171,269,23931
3104,48.364,-89.28163,270,23938
3104,48.36403,-89.28157,271,23945
3104,48.36498,-89.28153,272,24047
3104,48.36506,-89.28157,273,24060
3104,48.3650999,-89.28171,274,24070
3104,48.36512,-89.28187,275,24080
3104,48.36516,-89.28197,276,24100
3498,48.40297,-89.26967,0,0
3498,48.4029199,-89.26965,1,13
3498,48.4029799,-89.26969,2,23
3498,48.403,-89.2697699,3,30
3498,48.403,-89.26992,4,39
3498,48.4029799,-89.27001,5,45
3498,48.40297,-89.2701999,6,59
3498,48.40294,-89.2702599,7,65
3498,48.40284,-89.2702999,8,78
3498,48.4027199,-89.2702999,9,93
3498,48.40227,-89.27044,10,140
3498,48.4020599,-89.2706,11,167
3498,48.4017299,-89.2710499,12,215
3498,48.4016699,-89.2711,13,224
3498,48.40158,-89.2710899,14,232
3498,48.4015399,-89.27107,15,238
3498,48.4013699,-89.27084,16,264
3498,48.4008799,-89.27055,17,319
3498,48.4008399,-89.2704599,18,328
3498,48.4008199,-89.2702999,19,338
3498,48.4008199,-89.27014,20,352
3498,48.40056,-89.2688,21,458
3498,48.40051,-89.26867,22,468
3498,48.4004799,-89.26864,23,474
3498,48.4003199,-89.26861,24,491
3498,48.39994,-89.26883,25,530
3498,48.3993299,-89.26878,26,599
3498,48.39925,-89.2688,27,609
3498,48.3991699,-89.2687499,28,617
3498,48.39913,-89.26861,29,627
3498,48.39913,-89.2673,30,731
3498,48.3992099,-89.26621,31,803
3498,48.39958,-89.2647499,32,923
3498,48.39992,-89.26339,33,1028
3498,48.4,-89.26201,34,1133
3498,48.4,-89.26056,35,1241
3498,48.4,-89.26037,36,1250
3498,48.39999,-89.25913,37,1331
3498,48.39997,-89.2587799,38,1337
3498,48.39998,-89.25866,39,1346
3498,48.39997,-89.25847,40,1358
3498,48.39994,-89.25839,41,1364
3498,48.3998999,-89.25833,42,1371
3498,48.39977,-89.2582799,43,1384
3498,48.39854,-89.2582799,44,1524
3498,48.3984,-89.2582799,45,1533
3498,48.3975299,-89.25827,46,1631
3498,48.39734,-89.25828,47,1678
3498,48.39613,-89.25827,48,1789
3498,48.3951399,-89.25827,49,1898
3498,48.39469,-89.25826,50,1942
3498,48.3937,-89.25827,51,2057
3498,48.3933,-89.2583,52,2123
3498,48.3921499,-89.2582499,53,2231
3498,48.39115,-89.2582499,54,2342
3498,48.3909,-89.2583,55,2379
3498,48.39071,-89.2582199,56,2405
3498,48.38973,-89.2582,57,2508
3498,48.38967,-89.25817,58,2517
3498,48.3896199,-89.2581199,59,2527
3498,48.3892299,-89.2570999,60,2617
3498,48.38917,-89.2568099,61,2636
3498,48.38915,-89.25594,62,2691
3498,48.38918,-89.2541499,63,2803
3498,48.38915,-89.25413,64,2825
3498,48.38918,-89.25242,65,2928
3498,48.38916,-89.25212,66,2972
3498,48.38917,-89.2512599,67,3036
3498,48.3891299,-89.2511899,68,3044
3498,48.3890299,-89.25114,69,3052
3498,48.38809,-89.25111,70,3155
3498,48.3871299,-89.25114,71,3262
3498,48.3869,-89.25116,72,3306
3498,48.3857499,-89.2510899,73,3407
3498,48.3856099,-89.2510899,74,3430
3498,48.38554,-89.2508999,75,3441
3498,48.38557,-89.2495199,76,3549
3498,48.3855499,-89.24799,77,3660
3498,48.38555,-89.24742,78,3720
3498,48.38553,-89.2458099,79,3823
3498,48.38553,-89.24566,80,3833
3498,48.3854899,-89.2455199,81,3842
3498,48.3853899,-89.24549,82,3852
3498,48.38503,-89.24555,83,3921
3498,48.3849899,-89.2455199,84,3930
3498,48.3840099,-89.2455199,85,4038
3498,48.3830599,-89.24553,86,4146
3498,48.38247,-89.24602,87,4236
3501,48.38247,-89.24602,0,0
3501,48.38248,-89.2456099,1,37
3501,48.3824999,-89.2455099,2,44
3501,48.3825599,-89.2454499,3,55
3501,48.38265,-89.24543,4,64
3501,48.38274,-89.24546,5,72
3501,48.38352,-89.24542,6,154
3501,48.38501,-89.24546,7,298
3501,48.3855,-89.2454799,8,350
3501,48.38557,-89.24554,9,361
3501,48.38559,-89.2456499,10,367
3501,48.38563,-89.24691,11,485
3501,48.38557,-89.2485999,12,585
3501,48.3855799,-89.25,13,692
3501,48.3856199,-89.25088,14,755
3501,48.38564,-89.2509899,15,762
3501,48.38567,-89.25104,16,768
3501,48.38577,-89.2510899,17,778
3501,48.38671,-89.25107,18,883
3501,48.38709,-89.251,19,939
3501,48.38717,-89.25104,20,952
3501,48.38802,-89.25107,21,1052
3501,48.38871,-89.25101,22,1120
3501,48.38915,-89.25112,23,1147
3501,48.38921,-89.2512,24,1154
3501,48.3892299,-89.2513,25,1163
3501,48.3892199,-89.2521099,26,1229
3501,48.38926,-89.25208,27,1255
3501,48.38921,-89.25242,28,1261
3501,48.38921,-89.2538899,29,1370
3501,48.38926,-89.25429,30,1418
3501,48.3892299,-89.2543799,31,1425
3501,48.3891999,-89.25571,32,1532
3501,48.3891999,-89.25683,33,1608
3501,48.38967,-89.2580899,34,1711
3501,48.3897,-89.25813,35,1717
3501,48.3898,-89.2581799,36,1727
3501,48.39097,-89.25811,37,1852
3501,48.3910699,-89.25814,38,1859
3501,48.39194,-89.25814,39,1964
3501,48.39289,-89.2581199,40,2069
3501,48.3938599,-89.2581199,41,2173
3501,48.39469,-89.25813,42,2254
3501,48.39558,-89.25813,43,2354
3501,48.39644,-89.25813,44,2454
3501,48.39696,-89.2581,45,2528
3501,48.39808,-89.2581799,46,2634
3501,48.3990399,-89.25821,47,2735
3501,48.3998299,-89.25823,48,2815
3501,48.39997,-89.2582799,49,2835
3501,48.40004,-89.2584099,50,2847
3501,48.40007,-89.25935,51,2932
3501,48.40007,-89.2591999,52,2938
3501,48.4000299,-89.26053,53,3043
3501,48.4000199,-89.2619899,54,3147
3501,48.3999899,-89.26306,55,3235
3501,48.39969,-89.2644599,56,3340
3501,48.39932,-89.26578,57,3443
3501,48.3991699,-89.267,58,3535
3501,48.3991699,-89.26717,59,3543
3501,48.39916,-89.26861,60,3648
3501,48.39918,-89.26867,61,3654
3501,48.3992099,-89.26873,62,3660
3501,48.39932,-89.26878,63,3670
3501,48.39988,-89.26877,64,3728
3501,48.40032,-89.26851,65,3775
3501,48.40037,-89.26857,66,3785
3501,48.40047,-89.2686499,67,3798
3501,48.40053,-89.26873,68,3807
3501,48.4005799,-89.26884,69,3816
3501,48.4008,-89.2700699,70,3914
3501,48.4008199,-89.27042,71,3941
3501,48.4009099,-89.27054,72,3951
3501,48.40115,-89.2706899,73,3982
3501,48.40122,-89.27071,74,3991
3501,48.40138,-89.2708599,75,4013
3501,48.4015399,-89.2710899,76,4030
3501,48.4015699,-89.2711199,77,4036
3501,48.40165,-89.2711,78,4045
3501,48.40178,-89.2708599,79,4064
3501,48.40228,-89.2703599,80,4130
3501,48.4023599,-89.27021,81,4146
3501,48.4025199,-89.2697399,82,4183
3501,48.40256,-89.26969,83,4190
3501,48.40297,-89.26967,84,4210
3509,48.38247,-89.24602,0,0
3509,48.38192,-89.2455199,1,11
3509,48.38103,-89.2455099,2,110
3509,48.38091,-89.24557,3,130
3509,48.38088,-89.2456499,4,136
3509,48.38087,-89.24572,5,143
3509,48.3808599,-89.24644,6,189
3509,48.38091,-89.2465999,7,200
3509,48.3809899,-89.24664,8,208
3509,48.3820699,-89.2465999,9,328
3509,48.38232,-89.24659,10,355
3509,48.38245,-89.24662,11,368
3509,48.38251,-89.24677,12,383
3509,48.38249,-89.24825,13,493
3509,48.38256,-89.24942,14,575
3509,48.3825299,-89.2495499,15,585
3509,48.38248,-89.25114,16,706
3509,48.38256,-89.25182,17,747
3509,48.38254,-89.25184,18,755
3509,48.38248,-89.2544699,19,952
3509,48.38248,-89.25591,20,1053
3509,48.38249,-89.2565099,21,1099
3509,48.3824599,-89.2566099,22,1108
3509,48.3823999,-89.2566799,23,1117
3509,48.38123,-89.25678,24,1253
3509,48.38094,-89.25669,25,1266
3509,48.38008,-89.2566799,26,1367
3509,48.3791199,-89.2566699,27,1467
3509,48.3782899,-89.2566699,28,1567
3509,48.37781,-89.25672,29,1636
3509,48.37671,-89.25666,30,1738
3509,48.37615,-89.25672,31,1811
3509,48.37484,-89.25666,32,1929
3509,48.37441,-89.2566699,33,1970
3509,48.37437,-89.25675,34,1980
3509,48.37434,-89.25685,35,1986
3509,48.37441,-89.25764,36,2065
3509,48.3743899,-89.25767,37,2073
3509,48.3743499,-89.2590699,38,2177
3509,48.37434,-89.25938,39,2196
3509,48.37441,-89.25984,40,2232
3509,48.3743599,-89.2601,41,2243
3509,48.3743299,-89.2613699,42,2341
3509,48.37428,-89.2614299,43,2348
3509,48.37333,-89.26146,44,2461
3509,48.37237,-89.26145,45,2563
3509,48.37181,-89.26151,46,2624
3509,48.3708499,-89.26146,47,2732
3509,48.3699299,-89.2614399,48,2841
3509,48.3695999,-89.26145,49,2870
3509,48.36875,-89.26153,50,2974
3509,48.36843,-89.26145,51,2982
3509,48.36836,-89.26155,52,2990
3509,48.3683499,-89.26162,53,2996
3509,48.36837,-89.2630099,54,3104
3509,48.36842,-89.26436,55,3214
3509,48.36839,-89.26443,56,3222
3509,48.3683499,-89.26598,57,3341
3509,48.36836,-89.26729,58,3446
3509,48.3684,-89.26763,59,3484
3509,48.3684099,-89.26766,60,3491
3509,48.36837,-89.2694,61,3616
3509,48.3683799,-89.26963,62,3638
3509,48.36837,-89.2697399,63,3646
3509,48.36842,-89.26991,64,3668
3509,48.36836,-89.27024,65,3675
3509,48.3683499,-89.2715799,66,3773
3509,48.36836,-89.27275,67,3855
3509,48.36833,-89.2728199,68,3861
3509,48.3683,-89.2728599,69,3868
3509,48.36803,-89.27294,70,3917
3509,48.3679899,-89.27291,71,3925
3509,48.3670399,-89.27288,72,4035
3509,48.36606,-89.27287,73,4141
3509,48.3659499,-89.27288,74,4148
3509,48.36565,-89.27293,75,4175
3509,48.36515,-89.2728899,76,4209
3509,48.36509,-89.27298,77,4219
3509,48.3650999,-89.2736099,78,4271
3509,48.36515,-89.27391,79,4308
3509,48.36509,-89.2743999,80,4344
3509,48.36516,-89.27557,81,4445
3509,48.36511,-89.2758,82,4458
3509,48.36509,-89.27723,83,4570
3509,48.36516,-89.27816,84,4631
3509,48.36512,-89.2782999,85,4643
3509,48.3650999,-89.2801099,86,4779
3509,48.3650999,-89.28135,87,4867
3509,48.36512,-89.28147,88,4875
3509,48.36512,-89.2818,89,4899
3509,48.36516,-89.28197,90,4926
3509,48.3650999,-89.2823099,91,4942
3509,48.36515,-89.28366,92,5046
3509,48.36511,-89.2855899,93,5173
3509,48.36516,-89.28573,94,5198
3509,48.3651299,-89.28577,95,5204
3509,48.36509,-89.28709,96,5305
3509,48.36515,-89.28841,97,5402
3509,48.3651299,-89.2886,98,5410
3509,48.36511,-89.2886399,99,5417
3509,48.36509,-89.29007,100,5524
3509,48.36509,-89.29146,101,5626
3509,48.36515,-89.29217,102,5673
3509,48.36512,-89.2922299,103,5681
3509,48.36511,-89.29366,104,5794
3509,48.36511,-89.29402,105,5809
3509,48.36515,-89.29491,106,5874
3509,48.36512,-89.29494,107,5884
3509,48.36509,-89.29627,108,5988
3509,48.3650999,-89.29778,109,6097
3509,48.36513,-89.2981,110,6118
3509,48.3650999,-89.2981999,111,6124
3509,48.36508,-89.29963,112,6235
3509,48.3650699,-89.29988,113,6251
3509,48.36515,-89.30028,114,6276
3509,48.36509,-89.30062,115,6288
3509,48.36509,-89.3019,116,6376
3509,48.36515,-89.3021,117,6415
3509,48.36511,-89.30222,118,6423
3509,48.36508,-89.30377,119,6551
3509,48.36515,-89.30488,120,6621
3509,48.36511,-89.305,121,6631
3509,48.3650699,-89.30597,122,6701
3509,48.36514,-89.3060399,123,6709
3509,48.3660799,-89.30602,124,6814
3509,48.36697,-89.30598,125,6899
3509,48.36698,-89.306,126,6909
3509,48.3679,-89.3060099,127,7016
3509,48.36892,-89.30602,128,7128
3509,48.3692999,-89.30603,129,7165
3509,48.36934,-89.30546,130,7187
3536,48.40297,-89.26967,0,0
3536,48.4029199,-89.26965,1,13
3536,48.4029799,-89.26969,2,23
3536,48.403,-89.2697699,3,30
3536,48.403,-89.26992,4,39
3536,48.4029799,-89.27001,5,45
3536,48.40297,-89.2701999,6,59
3536,48.40294,-89.2702599,7,65
3536,48.40284,-89.2702999,8,78
3536,48.4027199,-89.2702999,9,93
3536,48.40227,-89.27044,10,140
3536,48.4020599,-89.2706,11,167
3536,48.4017299,-89.2710499,12,215
3536,48.4016699,-89.2711,13,224
3536,48.40158,-89.2710899,14,232
3536,48.4015399,-89.27107,15,238
3536,48.4013699,-89.27084,16,264
3536,48.4008799,-89.27055,17,319
3536,48.4008399,-89.2704599,18,328
3536,48.4008199,-89.2702999,19,338
3536,48.4008199,-89.27014,20,352
3536,48.40056,-89.2688,21,458
3536,48.40051,-89.26867,22,468
3536,48.4004799,-89.26864,23,474
3536,48.4003199,-89.26861,24,491
3536,48.39994,-89.26883,25,530
3536,48.39988,-89.2687899,26,537
3536,48.39922,-89.26884,27,608
3536,48.3991699,-89.26894,28,617
3536,48.39916,-89.2690199,29,624
3536,48.3991699,-89.2703599,30,725
3536,48.3991699,-89.27179,31,835
3536,48.39918,-89.27324,32,936
3536,48.3992099,-89.27442,33,1020
3536,48.39916,-89.27458,34,1032
3536,48.3991099,-89.27464,35,1041
3536,48.3989699,-89.2746899,36,1057
3536,48.39863,-89.2747,37,1091
3536,48.3985199,-89.2746599,38,1101
3536,48.3979899,-89.2746299,39,1163
3536,48.39718,-89.2748899,40,1259
3536,48.39658,-89.27548,41,1334
3536,48.3965,-89.27547,42,1340
3536,48.3964799,-89.2755,43,1346
3536,48.3957299,-89.2762399,44,1449
3536,48.39495,-89.27702,45,1550
3536,48.39492,-89.2771,46,1557
3536,48.3944099,-89.2774899,47,1620
3536,48.3943099,-89.2776499,48,1635
3536,48.3942799,-89.2777499,49,1645
3536,48.39427,-89.27787,50,1656
3536,48.3943,-89.27812,51,1673
3536,48.3946799,-89.27937,52,1773
3536,48.39473,-89.28046,53,1848
3536,48.39472,-89.2804699,54,1855
3536,48.39472,-89.28052,55,1862
3536,48.39466,-89.2806999,56,1875
3536,48.39465,-89.2807999,57,1885
3536,48.3943,-89.28204,58,1986
3536,48.394,-89.28344,59,2092
3536,48.3939499,-89.28486,60,2196
3536,48.39403,-89.28585,61,2270
3536,48.39401,-89.28587,62,2279
3536,48.39397,-89.2871999,63,2383
3536,48.39396,-89.28879,64,2494
3536,48.39404,-89.28913,65,2516
3536,48.394,-89.2892099,66,2522
3536,48.39396,-89.28948,67,2549
3536,48.3938199,-89.28959,68,2562
3536,48.39282,-89.28959,69,2673
3536,48.39261,-89.28967,70,2693
3536,48.3925399,-89.28961,71,2704
3536,48.3915,-89.28955,72,2827
3536,48.3904799,-89.2895299,73,2936
3536,48.39016,-89.28951,74,2967
3536,48.3901,-89.2894299,75,2974
3536,48.39007,-89.28931,76,2984
3536,48.39004,-89.2888,77,3019
3536,48.39009,-89.28856,78,3038
3536,48.3901,-89.28715,79,3145
3536,48.39006,-89.28652,80,3189
3536,48.3901,-89.28623,81,3217
3536,48.39009,-89.28486,82,3320
3536,48.3901,-89.2845699,83,3331
3536,48.39005,-89.2832,84,3429
3536,48.39007,-89.2818,85,3541
3536,48.39007,-89.28135,86,3567
3536,48.39006,-89.27926,87,3721
3536,48.39006,-89.2790599,88,3735
3536,48.39007,-89.27898,89,3743
3536,48.39007,-89.27875,90,3760
3536,48.39003,-89.2786699,91,3768
3536,48.3889899,-89.2786699,92,3881
3536,48.38852,-89.27874,93,3931
3536,48.38842,-89.27866,94,3940
3536,48.38741,-89.2786699,95,4058
3536,48.3864399,-89.27866,96,4163
3536,48.38537,-89.2787,97,4276
3536,48.38533,-89.2786699,98,4284
3536,48.3852599,-89.2786399,99,4294
3536,48.38431,-89.27861,100,4399
3536,48.38419,-89.2785999,101,4406
3536,48.3841399,-89.27856,102,4417
3536,48.38409,-89.2784099,103,4430
3536,48.38405,-89.27754,104,4487
3536,48.38409,-89.27733,105,4510
3536,48.3841099,-89.27599,106,4611
3536,48.3841099,-89.2743999,107,4725
3536,48.3841099,-89.27301,108,4831
3536,48.38412,-89.2727299,109,4848
3536,48.38407,-89.27232,110,4876
3536,48.3840999,-89.2721299,111,4893
3536,48.3841399,-89.27083,112,4993
3536,48.38416,-89.27029,113,5025
3536,48.3842099,-89.27022,114,5034
3536,48.3851,-89.2702599,115,5136
3536,48.3860799,-89.27025,116,5243
3536,48.3867999,-89.2702699,117,5322
3536,48.3874199,-89.2704999,118,5391
3536,48.38786,-89.27049,119,5439
3536,48.3881,-89.2705199,120,5468
3536,48.38815,-89.2706299,121,5476
3536,48.38813,-89.27078,122,5483
3536,48.38806,-89.2708599,123,5493
3536,48.38793,-89.27083,124,5502
3536,48.38787,-89.27073,125,5509
3536,48.38784,-89.27058,126,5519
3536,48.3877799,-89.2705199,127,5526
3536,48.38727,-89.2704999,128,5582
3536,48.38669,-89.27028,129,5651
3536,48.38635,-89.27034,130,5691
3536,48.3861999,-89.27029,131,5704
3536,48.38527,-89.2702699,132,5815
3536,48.38429,-89.2702999,133,5915
3536,48.3841999,-89.2702999,134,5925
3536,48.3841699,-89.2702699,135,5931
3536,48.38413,-89.27021,136,5937
3536,48.38405,-89.26998,137,5957
3536,48.38409,-89.26976,138,5968
3536,48.3840999,-89.2683299,139,6073
3536,48.38412,-89.2668199,140,6189
3536,48.38406,-89.26556,141,6283
3536,48.38409,-89.2654399,142,6290
3536,48.3840999,-89.2640599,143,6395
3536,48.3840999,-89.26329,144,6452
3536,48.3841099,-89.2632399,145,6459
3536,48.38405,-89.26149,146,6578
3536,48.3841099,-89.2596599,147,6716
3536,48.38404,-89.25864,148,6784
3536,48.38406,-89.2586399,149,6793
3536,48.38408,-89.25857,150,6800
3536,48.38409,-89.2579599,151,6845
3536,48.3841099,-89.25783,152,6858
3536,48.38409,-89.25698,153,6916
3536,48.38412,-89.2568699,154,6925
3536,48.3841099,-89.2552599,155,7050
3536,48.3841,-89.25417,156,7125
3536,48.38408,-89.2541,157,7131
3536,48.3841099,-89.25272,158,7239
3536,48.3840999,-89.25233,159,7265
3536,48.38408,-89.2514,160,7330
3536,48.38406,-89.25128,161,7338
3536,48.3840399,-89.2512299,162,7344
3536,48.384,-89.2511899,163,7350
3536,48.3838699,-89.2511599,164,7364
3536,48.38359,-89.25119,165,7387
3536,48.38255,-89.25108,166,7504
3536,48.38249,-89.25101,167,7513
3536,48.3824699,-89.25094,168,7520
3536,48.38245,-89.2507599,169,7535
3536,48.3824699,-89.24905,170,7659
3536,48.38244,-89.24854,171,7702
3536,48.3824599,-89.24838,172,7709
3536,48.38247,-89.24602,173,7834
3538,48.38247,-89.24602,0,0
3538,48.3824699,-89.24665,1,27
3538,48.3824999,-89.2468299,2,37
3538,48.38248,-89.24767,3,97
3538,48.3824299,-89.2477499,4,104
3538,48.3822999,-89.24779,5,119
3538,48.38137,-89.24779,6,219
3538,48.38034,-89.24785,7,336
3538,48.3802999,-89.24782,8,345
3538,48.37941,-89.24783,9,468
3538,48.37825,-89.2477799,10,568
3538,48.3779699,-89.24779,11,599
3538,48.37768,-89.24793,12,633
3538,48.3769199,-89.24868,13,739
3538,48.37662,-89.24906,14,787
3538,48.37638,-89.2492,15,793
3538,48.37562,-89.24996,16,893
3538,48.37505,-89.25056,17,990
3538,48.3749,-89.25065,18,1011
3538,48.37441,-89.25112,19,1082
3538,48.37434,-89.25128,20,1097
3538,48.3743199,-89.2514,21,1106
3538,48.37441,-89.25228,22,1162
3538,48.37438,-89.25239,23,1171
3538,48.37434,-89.2533599,24,1246
3538,48.37439,-89.25375,25,1270
3538,48.37437,-89.2538499,26,1276
3538,48.37434,-89.2551999,27,1382
3538,48.3743299,-89.25619,28,1451
3538,48.37441,-89.25764,29,1560
3538,48.3743899,-89.25767,30,1568
3538,48.3743499,-89.2590699,31,1672
3538,48.37434,-89.25938,32,1691
3538,48.37441,-89.25984,33,1727
3538,48.37437,-89.2600499,34,1742
3538,48.3744,-89.26247,35,1917
3538,48.37437,-89.26254,36,1925
3538,48.3743599,-89.2626,37,1932
3538,48.3743599,-89.2645899,38,2081
3538,48.37441,-89.26526,39,2127
3538,48.3743599,-89.26565,40,2139
3538,48.37437,-89.2669799,41,2229
3538,48.37441,-89.2673,42,2281
3538,48.37438,-89.26733,43,2287
3538,48.3744,-89.26891,44,2402
3538,48.37437,-89.26897,45,2409
3538,48.37434,-89.2706599,46,2539
3538,48.37438,-89.27206,47,2637
3538,48.37434,-89.27222,48,2648
3538,48.3743499,-89.27349,49,2750
3538,48.3743599,-89.27396,50,2777
3538,48.37439,-89.2747,51,2822
3538,48.37437,-89.27477,52,2830
3538,48.3743599,-89.27485,53,2838
3538,48.3744,-89.27648,54,2959
3538,48.37437,-89.27655,55,2966
3538,48.37434,-89.2778499,56,3066
3538,48.37439,-89.27787,57,3087
3538,48.3743599,-89.27805,58,3102
3538,48.3743499,-89.2784399,59,3129
3538,48.37434,-89.27993,60,3247
3538,48.37438,-89.28046,61,3278
3538,48.37437,-89.28053,62,3284
3538,48.37434,-89.28242,63,3429
3538,48.37437,-89.28357,64,3533
3538,48.3743599,-89.28373,65,3550
3538,48.3743899,-89.28413,66,3579
3538,48.3743199,-89.28542,67,3677
3538,48.37435,-89.28679,68,3794
3538,48.3743199,-89.28844,69,3899
3538,48.3743299,-89.2893699,70,3968
3538,48.3743599,-89.2894299,71,3974
3538,48.37441,-89.28948,72,3980
3538,48.37471,-89.28944,73,4030
3538,48.3747499,-89.2894699,74,4038
3538,48.37565,-89.2894599,75,4143
3538,48.37671,-89.28945,76,4256
3538,48.37759,-89.2894699,77,4363
3538,48.37813,-89.28943,78,4414
3538,48.3792799,-89.28948,79,4540
3538,48.38018,-89.28945,80,4640
3538,48.3806,-89.28941,81,4681
3538,48.3814499,-89.28945,82,4782
3538,48.38199,-89.28944,83,4842
3538,48.38291,-89.2894599,84,4952
3538,48.38386,-89.28945,85,5054
3538,48.38454,-89.28942,86,5120
3538,48.38557,-89.2894699,87,5226
3538,48.38617,-89.28944,88,5309
3538,48.38717,-89.28945,89,5410
3538,48.38791,-89.28944,90,5481
3538,48.38895,-89.2894699,91,5605
3538,48.38969,-89.28943,92,5677
3538,48.3897199,-89.2894399,93,5683
3538,48.38976,-89.2894299,94,5690
3538,48.39066,-89.28945,95,5794
3538,48.39167,-89.2894599,96,5900
3538,48.39192,-89.28939,97,5924
3538,48.3920199,-89.28945,98,5934
3538,48.39292,-89.2894599,99,6044
3538,48.39391,-89.2894599,100,6152
3538,48.39488,-89.28947,101,6253
3538,48.3957299,-89.2894599,102,6354
3538,48.39632,-89.28945,103,6413
3538,48.39745,-89.28948,104,6535
3538,48.39836,-89.2894699,105,6639
3538,48.39888,-89.28946,106,6689
3538,48.3989399,-89.2894599,107,6697
3538,48.3989699,-89.2894699,108,6703
3538,48.3993299,-89.28942,109,6744
3538,48.3997999,-89.2891099,110,6806
3538,48.4000299,-89.28877,111,6841
3538,48.40024,-89.2882,112,6890
3538,48.40031,-89.28757,113,6931
3538,48.40028,-89.2868,114,6983
3538,48.40027,-89.28673,115,6993
3538,48.4002899,-89.2849699,116,7127
3538,48.4002899,-89.2836499,117,7216
3538,48.40028,-89.28311,118,7256
3538,48.4002899,-89.28304,119,7263
3538,48.4002899,-89.2817,120,7366
3538,48.4002899,-89.28138,121,7387
3538,48.4002899,-89.28007,122,7483
3538,48.40023,-89.27909,123,7556
3538,48.40024,-89.27901,124,7565
3538,48.40005,-89.2782699,125,7625
3538,48.39954,-89.27728,126,7718
3538,48.39946,-89.27714,127,7726
3538,48.3992399,-89.27609,128,7812
3538,48.39922,-89.2752799,129,7867
3538,48.39918,-89.2751599,130,7874
3538,48.3992099,-89.2746899,131,7911
3538,48.39923,-89.27462,132,7918
3538,48.3992999,-89.27451,133,7928
3538,48.39935,-89.27449,134,7935
3538,48.40027,-89.2744699,135,8036
3538,48.4012699,-89.2744699,136,8142
3538,48.40133,-89.2744599,137,8149
3538,48.40142,-89.2743699,138,8158
3538,48.40146,-89.27419,139,8170
3538,48.40143,-89.27277,140,8278
3538,48.4014099,-89.27241,141,8304
3538,48.40142,-89.2722999,142,8315
3538,48.4014099,-89.27205,143,8330
3538,48.40149,-89.27152,144,8371
3538,48.40158,-89.2712099,145,8393
3538,48.40195,-89.2706599,146,8455
3538,48.4023,-89.27038,147,8495
3538,48.40256,-89.26975,148,8548
3538,48.40264,-89.26966,149,8558
3538,48.4026899,-89.2696399,150,8565
3538,48.40297,-89.26967,151,8586
3539,48.37243,-89.31113,0,0
3539,48.3724199,-89.31118,1,6
3539,48.37233,-89.3112299,2,20
3539,48.37018,-89.31377,3,321
3539,48.3700899,-89.31378,4,328
3539,48.36968,-89.31355,5,380
3539,48.36951,-89.31334,6,403
3539,48.3694699,-89.31325,7,412
3539,48.36944,-89.31306,8,425
3539,48.36945,-89.31295,9,433
3539,48.36949,-89.31286,10,442
3539,48.3714399,-89.31058,11,714
3539,48.37192,-89.3097499,12,792
3539,48.372,-89.30967,13,803
3539,48.3720599,-89.30964,14,813
3539,48.3721899,-89.30953,15,828
3539,48.3724199,-89.30941,16,855
3539,48.3731,-89.3093299,17,928
3539,48.3731699,-89.30928,18,936
3539,48.3732,-89.30922,19,943
3539,48.37322,-89.3091299,20,950
3539,48.37323,-89.30725,21,1090
3539,48.3732099,-89.30701,22,1104
3539,48.37312,-89.30672,23,1127
3539,48.37299,-89.3064999,24,1148
3539,48.37286,-89.3063699,25,1163
3539,48.37269,-89.30628,26,1189
3539,48.3726199,-89.3062,27,1197
3539,48.3725799,-89.30605,28,1208
3539,48.3726,-89.30586,29,1228
3539,48.37319,-89.30412,30,1375
3539,48.3737699,-89.3029599,31,1482
3539,48.3744599,-89.30205,32,1590
3539,48.3752699,-89.3013199,33,1692
3539,48.37545,-89.30121,34,1705
3539,48.37634,-89.30078,35,1819
3539,48.3801399,-89.3005299,36,2234
3539,48.3804299,-89.3004999,37,2263
3539,48.3805599,-89.3004299,38,2275
3539,48.38061,-89.30038,39,2283
3539,48.38071,-89.30001,40,2316
3539,48.38077,-89.2963599,41,2582
3539,48.38078,-89.29612,42,2606
3539,48.3807599,-89.2947,43,2714
3539,48.38077,-89.29319,44,2820
3539,48.38078,-89.2927,45,2851
3539,48.38078,-89.29103,46,2978
3539,48.38077,-89.2895999,47,3084
3539,48.38075,-89.2887,48,3147
3539,48.38077,-89.28853,49,3154
3539,48.38077,-89.28722,50,3257
3539,48.38074,-89.28633,51,3318
3539,48.3807599,-89.2862,52,3327
3539,48.38077,-89.28485,53,3432
3539,48.38078,-89.2843399,54,3462
3539,48.38078,-89.2829999,55,3566
3539,48.3808,-89.2817,56,3656
3539,48.38077,-89.2816,57,3663
3539,48.38078,-89.27996,58,3793
3539,48.38077,-89.27943,59,3828
3539,48.38078,-89.2793599,60,3834
3539,48.38079,-89.2774,61,3974
3539,48.3807899,-89.2773199,62,3983
3539,48.3808,-89.2772599,63,3990
3539,48.38081,-89.2759,64,4094
3539,48.3808,-89.2743399,65,4207
3539,48.38078,-89.27317,66,4287
3539,48.3808,-89.2731499,67,4295
3539,48.3808,-89.2717999,68,4401
3539,48.3808,-89.27042,69,4504
3539,48.3808,-89.2688,70,4618
3539,48.3808,-89.26736,71,4722
3539,48.38078,-89.2668,72,4753
3539,48.3808,-89.26674,73,4762
3539,48.38078,-89.2653999,74,4864
3539,48.38078,-89.26398,75,4966
3539,48.3807899,-89.2626,76,5072
3539,48.3808,-89.2610699,77,5182
3539,48.38076,-89.26049,78,5220
3539,48.38077,-89.26047,79,5226
3539,48.38078,-89.2604099,80,5232
3539,48.3807899,-89.2589399,81,5348
3539,48.3808,-89.2575999,82,5449
3539,48.38079,-89.25624,83,5542
3539,48.3807899,-89.2561,84,5552
3539,48.3808,-89.25604,85,5560
3539,48.38081,-89.25459,86,5665
3539,48.38081,-89.25318,87,5772
3539,48.3808199,-89.25248,88,5820
3539,48.3808199,-89.25094,89,5936
3539,48.38084,-89.2499,90,6005
3539,48.38081,-89.2498,91,6011
3539,48.38084,-89.24849,92,6115
3539,48.38084,-89.2479799,93,6145
3539,48.3808499,-89.2479099,94,6153
3539,48.3808499,-89.24672,95,6241
3539,48.38087,-89.24665,96,6248
3539,48.3809599,-89.24659,97,6259
3539,48.38185,-89.24659,98,6361
3539,48.3824299,-89.24661,99,6419
3539,48.38248,-89.24652,100,6425
3539,48.38248,-89.24639,101,6435
3539,48.3824599,-89.24626,102,6445
3539,48.38247,-89.24602,103,6471
3540,48.40297,-89.26967,0,0
3540,48.4029199,-89.26965,1,13
3540,48.4029799,-89.26969,2,23
3540,48.403,-89.2697699,3,30
3540,48.403,-89.26992,4,39
3540,48.4029799,-89.27001,5,45
3540,48.40297,-89.2701999,6,59
3540,48.40294,-89.2702599,7,65
3540,48.40284,-89.2702999,8,78
3540,48.4027199,-89.2702999,9,93
3540,48.40227,-89.27044,10,140
3540,48.4020599,-89.2706,11,167
3540,48.4017299,-89.2710499,12,215
3540,48.4016699,-89.2711,13,224
3540,48.40158,-89.2710899,14,232
3540,48.4015399,-89.27107,15,238
3540,48.4013699,-89.27084,16,264
3540,48.4008799,-89.27055,17,319
3540,48.4008399,-89.2704599,18,328
3540,48.4008199,-89.2702999,19,338
3540,48.4008199,-89.27014,20,352
3540,48.40056,-89.2688,21,458
3540,48.40051,-89.26867,22,468
3540,48.4004799,-89.26864,23,474
3540,48.4003199,-89.26861,24,491
3540,48.39994,-89.26883,25,530
3540,48.39932,-89.2688,26,599
3540,48.39919,-89.2688499,27,614
3540,48.39915,-89.26907,28,632
3540,48.3991699,-89.2703999,29,735
3540,48.39916,-89.27189,30,841
3540,48.39923,-89.27326,31,941
3540,48.39928,-89.27405,32,993
3540,48.39926,-89.27413,33,1001
3540,48.39926,-89.27546,34,1108
3540,48.3993299,-89.27629,35,1165
3540,48.39963,-89.27715,36,1238
3540,48.40017,-89.27832,37,1341
3540,48.4003599,-89.27915,38,1404
3540,48.40037,-89.28025,39,1481
3540,48.40038,-89.2803099,40,1487
3540,48.40038,-89.28036,41,1493
3540,48.40037,-89.2804399,42,1502
3540,48.40038,-89.2818499,43,1607
3540,48.40037,-89.28217,44,1627
3540,48.40038,-89.28369,45,1727
3540,48.40037,-89.2853999,46,1866
3540,48.40038,-89.2869,47,1966
3540,48.40038,-89.28698,48,1975
3540,48.4003899,-89.28706,49,1982
3540,48.4003599,-89.2875299,50,2014
3540,48.40037,-89.28767,51,2026
3540,48.40033,-89.28813,52,2060
3540,48.40021,-89.28859,53,2096
3540,48.4000199,-89.28899,54,2133
3540,48.3996699,-89.28938,55,2183
3540,48.39929,-89.2895699,56,2227
3540,48.39888,-89.2896,57,2265
3540,48.39887,-89.28961,58,2272
3540,48.3978599,-89.2895999,59,2391
3540,48.3969,-89.2895999,60,2496
3540,48.39646,-89.28959,61,2537
3540,48.3964199,-89.28961,62,2543
3540,48.3954899,-89.2895999,63,2654
3540,48.39489,-89.28958,64,2713
3540,48.39485,-89.28961,65,2721
3540,48.3938899,-89.2895999,66,2835
3540,48.39286,-89.2895999,67,2946
3540,48.39261,-89.28967,68,2972
3540,48.3925699,-89.2896299,69,2979
3540,48.39161,-89.2895999,70,3085
3540,48.39051,-89.28968,71,3197
3540,48.38931,-89.28962,72,3339
3540,48.38846,-89.2895999,73,3426
3540,48.38762,-89.2896,74,3519
3540,48.38681,-89.28962,75,3619
3540,48.3859,-89.28961,76,3720
3540,48.38536,-89.2895999,77,3775
3540,48.38453,-89.28959,78,3888
3540,48.38362,-89.2895999,79,4002
3540,48.38327,-89.2895999,80,4032
3540,48.38228,-89.2895999,81,4150
3540,48.38155,-89.2896,82,4224
3540,48.38065,-89.28962,83,4324
3540,48.38014,-89.28961,84,4375
3540,48.3792,-89.2895999,85,4488
3540,48.37826,-89.28961,86,4583
3540,48.3772,-89.2895999,87,4683
3540,48.3764,-89.2896,88,4799
3540,48.37637,-89.28962,89,4805
3540,48.37543,-89.28958,90,4915
3540,48.37569,-89.28967,91,4968
3540,48.3745199,-89.28955,92,4975
3540,48.3744599,-89.2895599,93,4982
3540,48.3743599,-89.2895299,94,4991
3540,48.3743199,-89.28949,95,4998
3540,48.3742599,-89.2893699,96,5008
3540,48.37424,-89.28928,97,5015
3540,48.37428,-89.2878299,98,5124
3540,48.37427,-89.2864199,99,5233
3540,48.37428,-89.2860799,100,5248
3540,48.37427,-89.28607,101,5279
3540,48.3742899,-89.28601,102,5287
3540,48.37428,-89.28466,103,5391
3540,48.37431,-89.28201,104,5580
3540,48.3742899,-89.2798,105,5737
3540,48.37426,-89.27905,106,5785
3540,48.37427,-89.2789899,107,5792
3540,48.3742599,-89.27894,108,5799
3540,48.3742599,-89.2772,109,5933
3540,48.37419,-89.27521,110,6079
3540,48.3742299,-89.2750499,111,6085
3540,48.37424,-89.27363,112,6195
3540,48.37424,-89.2733099,113,6210
3540,48.37418,-89.27327,114,6245
3540,48.3742199,-89.2731199,115,6253
3540,48.37419,-89.27204,116,6356
3540,48.37424,-89.2696399,117,6528
3540,48.37431,-89.26858,118,6603
3540,48.37431,-89.26858,119,6611
3540,48.3743,-89.26851,120,6619
3540,48.3743199,-89.26709,121,6722
3540,48.37431,-89.2666,122,6757
3540,48.37432,-89.26596,123,6800
3540,48.3743,-89.26579,124,6809
3540,48.37431,-89.26465,125,6894
3540,48.37431,-89.2629799,126,6996
3540,48.37432,-89.26216,127,7079
3540,48.3743,-89.26207,128,7086
3540,48.3743,-89.26195,129,7097
3540,48.37431,-89.26188,130,7104
3540,48.3743199,-89.25975,131,7261
3540,48.37432,-89.25922,132,7295
3540,48.37428,-89.25928,133,7303
3540,48.3743199,-89.25784,134,7411
3540,48.37431,-89.2564799,135,7514
3540,48.37431,-89.2548999,136,7633
3540,48.37431,-89.25414,137,7677
3540,48.37431,-89.2541499,138,7683
3540,48.3743199,-89.25269,139,7792
3540,48.37431,-89.25186,140,7848
3540,48.3743,-89.2518199,141,7855
3540,48.3743299,-89.2512299,142,7902
3540,48.37441,-89.25108,143,7917
3540,48.37506,-89.25037,144,8030
3540,48.3751399,-89.25035,145,8040
3540,48.37591,-89.2496199,146,8143
3540,48.3760899,-89.24944,147,8168
3540,48.37614,-89.24941,148,8175
3540,48.37666,-89.24885,149,8275
3540,48.37766,-89.2479,150,8385
3540,48.37775,-89.24782,151,8391
3540,48.3786199,-89.24772,152,8494
3540,48.37907,-89.24766,153,8561
3540,48.38022,-89.24772,154,8664
3540,48.38062,-89.24768,155,8727
3540,48.38081,-89.2476499,156,8744
3540,48.3808499,-89.24753,157,8750
3540,48.3808499,-89.2467899,158,8806
3540,48.3808599,-89.24672,159,8812
3540,48.3808899,-89.2466599,160,8819
3540,48.38098,-89.24659,161,8832
3540,48.38192,-89.2465699,162,8937
3540,48.38247,-89.24602,163,8976
3541,48.37243,-89.31113,0,0
3541,48.3724199,-89.31118,1,6
3541,48.37233,-89.3112299,2,20
3541,48.37018,-89.31377,3,321
3541,48.3700899,-89.31378,4,328
3541,48.36968,-89.31355,5,380
3541,48.36951,-89.31334,6,403
3541,48.3694699,-89.31325,7,412
3541,48.36944,-89.31306,8,425
3541,48.36945,-89.31295,9,433
3541,48.36949,-89.31286,10,442
3541,48.3714399,-89.31058,11,714
3541,48.37192,-89.3097499,12,792
3541,48.372,-89.30967,13,803
3541,48.3720599,-89.30964,14,813
3541,48.3721899,-89.30953,15,828
3541,48.3724199,-89.30941,16,855
3541,48.3731,-89.3093299,17,928
3541,48.3731699,-89.30928,18,936
3541,48.3732,-89.30922,19,943
3541,48.37322,-89.3091299,20,950
3541,48.37323,-89.30725,21,1090
3541,48.3732099,-89.30701,22,1104
3541,48.37312,-89.30672,23,1127
3541,48.37299,-89.3064999,24,1148
3541,48.37286,-89.3063699,25,1163
3541,48.37269,-89.30628,26,1189
3541,48.3726199,-89.3062,27,1197
3541,48.3725799,-89.30605,28,1208
3541,48.3726,-89.30586,29,1228
3541,48.37319,-89.30412,30,1375
3541,48.3737699,-89.3029599,31,1482
3541,48.3744599,-89.30205,32,1590
3541,48.3752699,-89.3013199,33,1692
3541,48.37545,-89.30121,34,1705
3541,48.37634,-89.30078,35,1819
3541,48.3801399,-89.3005299,36,2234
3541,48.3804299,-89.3004999,37,2263
3541,48.3805599,-89.3004299,38,2275
3541,48.38061,-89.30038,39,2283
3541,48.38071,-89.30001,40,2316
3541,48.38077,-89.2963599,41,2582
3541,48.38078,-89.29612,42,2606
3541,48.3807599,-89.2947,43,2714
3541,48.38077,-89.29319,44,2820
3541,48.38078,-89.2927,45,2851
3541,48.38078,-89.29103,46,2978
3541,48.38077,-89.2895999,47,3084
3541,48.38075,-89.2887,48,3147
3541,48.38077,-89.28853,49,3154
3541,48.38077,-89.28722,50,3257
3541,48.38074,-89.28633,51,3318
3541,48.3807599,-89.2862,52,3327
3541,48.38077,-89.28485,53,3432
3541,48.38078,-89.2843399,54,3462
3541,48.38078,-89.2829999,55,3566
3541,48.3808,-89.2817,56,3656
3541,48.38077,-89.2816,57,3663
3541,48.38078,-89.27996,58,3793
3541,48.38077,-89.27943,59,3828
3541,48.38078,-89.2793599,60,3834
3541,48.38079,-89.2774,61,3974
3541,48.3807899,-89.2773199,62,3983
3541,48.3808,-89.2772599,63,3990
3541,48.38081,-89.2759,64,4094
3541,48.3808,-89.2743399,65,4207
3541,48.38078,-89.27317,66,4287
3541,48.3808,-89.2731499,67,4295
3541,48.3808,-89.2717999,68,4401
3541,48.3808,-89.27042,69,4504
3541,48.3808,-89.2688,70,4618
3541,48.3808,-89.26736,71,4722
3541,48.38078,-89.2668,72,4753
3541,48.3808,-89.26674,73,4762
3541,48.38078,-89.2653999,74,4864
3541,48.38078,-89.26398,75,4966
3541,48.3807899,-89.2626,76,5072
3541,48.3808,-89.2610699,77,5182
3541,48.38076,-89.26049,78,5220
3541,48.38077,-89.26047,79,5226
3541,48.38078,-89.2604099,80,5232
3541,48.3807899,-89.2589399,81,5348
3541,48.3808,-89.2575999,82,5449
3541,48.38079,-89.25624,83,5542
3541,48.3807899,-89.2561,84,5552
3541,48.3808,-89.25604,85,5560
3541,48.38081,-89.25459,86,5665
3541,48.38081,-89.25318,87,5772
3541,48.3808199,-89.25248,88,5820
3541,48.3808199,-89.25094,89,5936
3541,48.38084,-89.2499,90,6005
3541,48.38081,-89.2498,91,6011
3541,48.38084,-89.24849,92,6115
3541,48.38084,-89.2479799,93,6145
3541,48.3808499,-89.2479099,94,6153
3541,48.3808499,-89.24672,95,6241
3541,48.38087,-89.24665,96,6248
3541,48.3809599,-89.24659,97,6259
3541,48.38185,-89.24659,98,6361
3541,48.3824299,-89.24661,99,6419
3541,48.38248,-89.24652,100,6425
3541,48.38248,-89.24639,101,6435
3541,48.3824599,-89.24626,102,6445
3541,48.38247,-89.24602,103,6471
3542,48.37243,-89.31113,0,0
3542,48.3724199,-89.31118,1,6
3542,48.37233,-89.3112299,2,20
3542,48.37018,-89.31377,3,321
3542,48.3700899,-89.31378,4,328
3542,48.36968,-89.31355,5,380
3542,48.36951,-89.31334,6,403
3542,48.3694699,-89.31325,7,412
3542,48.36944,-89.31306,8,425
3542,48.36945,-89.31295,9,433
3542,48.36949,-89.31286,10,442
3542,48.3714399,-89.31058,11,714
3542,48.37192,-89.3097499,12,792
3542,48.372,-89.30967,13,803
3542,48.3720599,-89.30964,14,813
3542,48.3721899,-89.30953,15,828
3542,48.3724199,-89.30941,16,855
3542,48.3731,-89.3093299,17,928
3542,48.3731699,-89.30928,18,936
3542,48.3732,-89.30922,19,943
3542,48.37322,-89.3091299,20,950
3542,48.37323,-89.30725,21,1090
3542,48.3732099,-89.30701,22,1104
3542,48.37312,-89.30672,23,1127
3542,48.37299,-89.3064999,24,1148
3542,48.37286,-89.3063699,25,1163
3542,48.37269,-89.30628,26,1189
3542,48.3726199,-89.3062,27,1197
3542,48.3725799,-89.30605,28,1208
3542,48.3726,-89.30586,29,1228
3542,48.37319,-89.30412,30,1375
3542,48.3737699,-89.3029599,31,1482
3542,48.3744599,-89.30205,32,1590
3542,48.3752699,-89.3013199,33,1692
3542,48.37545,-89.30121,34,1705
3542,48.37634,-89.30078,35,1819
3542,48.3801399,-89.3005299,36,2234
3542,48.3804299,-89.3004999,37,2263
3542,48.3805599,-89.3004299,38,2275
3542,48.38061,-89.30038,39,2283
3542,48.38071,-89.30001,40,2316
3542,48.38077,-89.2963599,41,2582
3542,48.38078,-89.29612,42,2606
3542,48.3807599,-89.2947,43,2714
3542,48.38077,-89.29319,44,2820
3542,48.38078,-89.2927,45,2851
3542,48.38078,-89.29103,46,2978
3542,48.38077,-89.2895999,47,3084
3542,48.38075,-89.2887,48,3147
3542,48.38077,-89.28853,49,3154
3542,48.38077,-89.28722,50,3257
3542,48.38074,-89.28633,51,3318
3542,48.3807599,-89.2862,52,3327
3542,48.38077,-89.28485,53,3432
3542,48.38078,-89.2843399,54,3462
3542,48.38078,-89.2829999,55,3566
3542,48.3808,-89.2817,56,3656
3542,48.38077,-89.2816,57,3663
3542,48.38078,-89.27996,58,3793
3542,48.38077,-89.27943,59,3828
3542,48.38078,-89.2793599,60,3834
3542,48.38079,-89.2774,61,3974
3542,48.3807899,-89.2773199,62,3983
3542,48.3808,-89.2772599,63,3990
3542,48.38081,-89.2759,64,4094
3542,48.3808,-89.2743399,65,4207
3542,48.38078,-89.27317,66,4287
3542,48.3808,-89.2731499,67,4295
3542,48.3808,-89.2717999,68,4401
3542,48.3808,-89.27042,69,4504
3542,48.3808,-89.2688,70,4618
3542,48.3808,-89.26736,71,4722
3542,48.38078,-89.2668,72,4753
3542,48.3808,-89.26674,73,4762
3542,48.38078,-89.2653999,74,4864
3542,48.38078,-89.26398,75,4966
3542,48.3807899,-89.2626,76,5072
3542,48.3808,-89.2610699,77,5182
3542,48.38076,-89.26049,78,5220
3542,48.38077,-89.26047,79,5226
3542,48.38078,-89.2604099,80,5232
3542,48.3807899,-89.2589399,81,5348
3542,48.3808,-89.2575999,82,5449
3542,48.38079,-89.25624,83,5542
3542,48.3807899,-89.2561,84,5552
3542,48.3808,-89.25604,85,5560
3542,48.38081,-89.25459,86,5665
3542,48.38081,-89.25318,87,5772
3542,48.3808199,-89.25248,88,5820
3542,48.3808199,-89.25094,89,5936
3542,48.38084,-89.2499,90,6005
3542,48.38081,-89.2498,91,6011
3542,48.38084,-89.24849,92,6115
3542,48.38084,-89.2479799,93,6145
3542,48.3808499,-89.2479099,94,6153
3542,48.3808499,-89.24672,95,6241
3542,48.38087,-89.24665,96,6248
3542,48.3809599,-89.24659,97,6259
3542,48.38185,-89.24659,98,6361
3542,48.3824299,-89.24661,99,6419
3542,48.38248,-89.24652,100,6425
3542,48.38248,-89.24639,101,6435
3542,48.3824599,-89.24626,102,6445
3542,48.38247,-89.24602,103,6471
3543,48.40297,-89.26967,0,0
3543,48.4029199,-89.26965,1,13
3543,48.4029799,-89.26969,2,23
3543,48.403,-89.2697699,3,30
3543,48.403,-89.26992,4,39
3543,48.4029799,-89.27001,5,45
3543,48.40297,-89.2701999,6,59
3543,48.40294,-89.2702599,7,65
3543,48.40284,-89.2702999,8,78
3543,48.4027199,-89.2702999,9,93
3543,48.40227,-89.27044,10,140
3543,48.4020599,-89.2706,11,167
3543,48.4017299,-89.2710499,12,215
3543,48.4016699,-89.2711,13,224
3543,48.40158,-89.2710899,14,232
3543,48.4015399,-89.27107,15,238
3543,48.4013699,-89.27084,16,264
3543,48.4008799,-89.27055,17,319
3543,48.4008399,-89.2704599,18,328
3543,48.4008199,-89.2702999,19,338
3543,48.4008199,-89.27014,20,352
3543,48.40056,-89.2688,21,458
3543,48.40051,-89.26867,22,468
3543,48.4004799,-89.26864,23,474
3543,48.4003199,-89.26861,24,491
3543,48.39994,-89.26883,25,530
3543,48.39988,-89.2687899,26,537
3543,48.39922,-89.26884,27,608
3543,48.3991699,-89.26894,28,617
3543,48.39916,-89.2690199,29,624
3543,48.3991699,-89.2703599,30,725
3543,48.3991699,-89.27179,31,835
3543,48.39918,-89.27324,32,936
3543,48.3992099,-89.27442,33,1020
3543,48.39916,-89.27458,34,1032
3543,48.3991099,-89.27464,35,1041
3543,48.3989699,-89.2746899,36,1057
3543,48.39863,-89.2747,37,1091
3543,48.3985199,-89.2746599,38,1101
3543,48.3979899,-89.2746299,39,1163
3543,48.39718,-89.2748899,40,1259
3543,48.39658,-89.27548,41,1334
3543,48.3965,-89.27547,42,1340
3543,48.3964799,-89.2755,43,1346
3543,48.3957299,-89.2762399,44,1449
3543,48.39495,-89.27702,45,1550
3543,48.3948099,-89.2771899,46,1568
3543,48.3944,-89.27751,47,1619
3543,48.3943499,-89.27757,48,1628
3543,48.3942499,-89.27792,49,1657
3543,48.3942099,-89.278,50,1665
3543,48.3940799,-89.27806,51,1679
3543,48.39401,-89.27806,52,1689
3543,48.39316,-89.27841,53,1777
3543,48.39311,-89.27846,54,1789
3543,48.3921799,-89.2786399,55,1897
3543,48.39175,-89.27868,56,1937
3543,48.39168,-89.27865,57,1947
3543,48.39078,-89.27869,58,2049
3543,48.39052,-89.27868,59,2077
3543,48.3904399,-89.27871,60,2088
3543,48.38957,-89.2786999,61,2192
3543,48.38862,-89.27865,62,2298
3543,48.38852,-89.27874,63,2330
3543,48.38842,-89.27866,64,2339
3543,48.38741,-89.2786699,65,2457
3543,48.3864399,-89.27866,66,2562
3543,48.38537,-89.2787,67,2675
3543,48.38533,-89.27865,68,2683
3543,48.3843999,-89.27866,69,2791
3543,48.38387,-89.27868,70,2851
3543,48.38284,-89.27865,71,2960
3543,48.3824699,-89.27866,72,3001
3543,48.3823999,-89.2786399,73,3012
3543,48.38216,-89.27865,74,3039
3543,48.3820999,-89.2786699,75,3047
3543,48.3811899,-89.27862,76,3158
3543,48.38031,-89.2785999,77,3258
3543,48.37957,-89.27865,78,3325
3543,48.3784899,-89.2786299,79,3446
3543,48.37742,-89.2785999,80,3558
3543,48.37684,-89.27865,81,3631
3543,48.3758299,-89.2785999,82,3741
3543,48.37489,-89.27859,83,3841
3543,48.37447,-89.27859,84,3885
3543,48.37443,-89.27856,85,3892
3543,48.3743499,-89.27855,86,3901
3543,48.3739,-89.27862,87,3961
3543,48.37384,-89.27859,88,3968
3543,48.37271,-89.27865,89,4091
3543,48.37269,-89.27862,90,4098
3543,48.37175,-89.27858,91,4205
3543,48.37151,-89.27858,92,4227
3543,48.37097,-89.27862,93,4288
3543,48.37001,-89.27858,94,4400
3543,48.36906,-89.2785699,95,4507
3543,48.36809,-89.2786,96,4613
3543,48.36719,-89.27858,97,4719
3543,48.36623,-89.27858,98,4820
3543,48.36587,-89.27858,99,4857
3543,48.36508,-89.27861,100,4941
3543,48.3650299,-89.2786299,101,4948
3543,48.36483,-89.27863,102,4975
3543,48.3647399,-89.27859,103,4988
3543,48.3641099,-89.27858,104,5054
3543,48.3640199,-89.27862,105,5063
3543,48.3639899,-89.27875,106,5074
3543,48.36401,-89.2801799,107,5180
3543,48.36406,-89.28133,108,5260
3543,48.3643,-89.2815599,109,5268
3543,48.36553,-89.28151,110,5403
3544,48.40297,-89.26967,0,0
3544,48.4029199,-89.26965,1,13
3544,48.4029799,-89.26969,2,23
3544,48.403,-89.2697699,3,30
3544,48.403,-89.26992,4,39
3544,48.4029799,-89.27001,5,45
3544,48.40297,-89.2701999,6,59
3544,48.40294,-89.2702599,7,65
3544,48.40284,-89.2702999,8,78
3544,48.4027199,-89.2702999,9,93
3544,48.40227,-89.27044,10,140
3544,48.4020599,-89.2706,11,167
3544,48.4017299,-89.2710499,12,215
3544,48.4016699,-89.2711,13,224
3544,48.40158,-89.2710899,14,232
3544,48.4015399,-89.27107,15,238
3544,48.4013699,-89.27084,16,264
3544,48.4008799,-89.27055,17,319
3544,48.4008399,-89.2704599,18,328
3544,48.4008199,-89.2702999,19,338
3544,48.4008199,-89.27014,20,352
3544,48.40056,-89.2688,21,458
3544,48.40051,-89.26867,22,468
3544,48.4004799,-89.26864,23,474
3544,48.4003199,-89.26861,24,491
3544,48.39994,-89.26883,25,530
3544,48.39988,-89.2687899,26,537
3544,48.39922,-89.26884,27,608
3544,48.3991699,-89.26894,28,617
3544,48.39916,-89.2690199,29,624
3544,48.3991699,-89.2703599,30,725
3544,48.3991699,-89.27179,31,835
3544,48.39918,-89.27324,32,936
3544,48.3992099,-89.27442,33,1020
3544,48.39916,-89.27458,34,1032
3544,48.3991099,-89.27464,35,1041
3544,48.3989699,-89.2746899,36,1057
3544,48.39863,-89.2747,37,1091
3544,48.3985199,-89.2746599,38,1101
3544,48.3979899,-89.2746299,39,1163
3544,48.39718,-89.2748899,40,1259
3544,48.39658,-89.27548,41,1334
3544,48.3965,-89.27547,42,1340
3544,48.3964799,-89.2755,43,1346
3544,48.3957299,-89.2762399,44,1449
3544,48.39495,-89.27702,45,1550
3544,48.39492,-89.2771,46,1557
3544,48.3944099,-89.2774899,47,1620
3544,48.3943099,-89.2776499,48,1635
3544,48.3942799,-89.2777499,49,1645
3544,48.39427,-89.27787,50,1656
3544,48.3943,-89.27812,51,1673
3544,48.3946799,-89.27937,52,1773
3544,48.39473,-89.28046,53,1848
3544,48.39472,-89.2804699,54,1855
3544,48.39472,-89.28052,55,1862
3544,48.39466,-89.2806999,56,1875
3544,48.39465,-89.2807999,57,1885
3544,48.3943,-89.28204,58,1986
3544,48.394,-89.28344,59,2092
3544,48.3939499,-89.28486,60,2196
3544,48.39403,-89.28585,61,2270
3544,48.39401,-89.28587,62,2279
3544,48.39397,-89.2871999,63,2383
3544,48.39396,-89.28879,64,2494
3544,48.39404,-89.28913,65,2516
3544,48.394,-89.2892099,66,2522
3544,48.39396,-89.28948,67,2549
3544,48.3938199,-89.28959,68,2562
3544,48.39282,-89.28959,69,2673
3544,48.39261,-89.28967,70,2693
3544,48.3925399,-89.28961,71,2704
3544,48.3915,-89.28955,72,2827
3544,48.3904799,-89.2895299,73,2936
3544,48.39016,-89.28951,74,2967
3544,48.3901,-89.2894299,75,2974
3544,48.39007,-89.28931,76,2984
3544,48.39004,-89.2888,77,3019
3544,48.39009,-89.28856,78,3038
3544,48.3901,-89.28715,79,3145
3544,48.39006,-89.28652,80,3189
3544,48.3901,-89.28623,81,3217
3544,48.39009,-89.28486,82,3320
3544,48.3901,-89.2845699,83,3331
3544,48.39005,-89.2832,84,3429
3544,48.39007,-89.2818,85,3541
3544,48.39007,-89.28135,86,3567
3544,48.39006,-89.27926,87,3721
3544,48.39006,-89.2790599,88,3735
3544,48.39007,-89.27898,89,3743
3544,48.39007,-89.27875,90,3760
3544,48.39003,-89.2786699,91,3768
3544,48.3889899,-89.2786699,92,3881
3544,48.38852,-89.27874,93,3931
3544,48.38842,-89.27866,94,3940
3544,48.38741,-89.2786699,95,4058
3544,48.3864399,-89.27866,96,4163
3544,48.38537,-89.2787,97,4276
3544,48.38533,-89.2786699,98,4284
3544,48.3852599,-89.2786399,99,4294
3544,48.38431,-89.27861,100,4399
3544,48.38419,-89.2785999,101,4406
3544,48.3841399,-89.27856,102,4417
3544,48.38409,-89.2784099,103,4430
3544,48.38405,-89.27754,104,4487
3544,48.38409,-89.27733,105,4510
3544,48.3841099,-89.27599,106,4611
3544,48.3841099,-89.2743999,107,4725
3544,48.3841099,-89.27301,108,4831
3544,48.38412,-89.2727299,109,4848
3544,48.38407,-89.27232,110,4876
3544,48.3840999,-89.2721299,111,4893
3544,48.3841399,-89.27083,112,4993
3544,48.38416,-89.27029,113,5025
3544,48.3842099,-89.27022,114,5034
3544,48.3851,-89.2702599,115,5136
3544,48.3860799,-89.27025,116,5243
3544,48.3867999,-89.2702699,117,5322
3544,48.3874199,-89.2704999,118,5391
3544,48.38786,-89.27049,119,5439
3544,48.3881,-89.2705199,120,5468
3544,48.38815,-89.2706299,121,5476
3544,48.38813,-89.27078,122,5483
3544,48.38806,-89.2708599,123,5493
3544,48.38793,-89.27083,124,5502
3544,48.38787,-89.27073,125,5509
3544,48.38784,-89.27058,126,5519
3544,48.3877799,-89.2705199,127,5526
3544,48.38727,-89.2704999,128,5582
3544,48.38669,-89.27028,129,5651
3544,48.38635,-89.27034,130,5691
3544,48.3861999,-89.27029,131,5704
3544,48.38527,-89.2702699,132,5815
3544,48.38429,-89.2702999,133,5915
3544,48.3841999,-89.2702999,134,5925
3544,48.3841699,-89.2702699,135,5931
3544,48.38413,-89.27021,136,5937
3544,48.38405,-89.26998,137,5957
3544,48.38409,-89.26976,138,5968
3544,48.3840999,-89.2683299,139,6073
3544,48.38412,-89.2668199,140,6189
3544,48.38406,-89.26556,141,6283
3544,48.38409,-89.2654399,142,6290
3544,48.3840999,-89.2640599,143,6395
3544,48.3840999,-89.26329,144,6452
3544,48.3841099,-89.2632399,145,6459
3544,48.38405,-89.26149,146,6578
3544,48.3841099,-89.2596599,147,6716
3544,48.38404,-89.25864,148,6784
3544,48.38406,-89.2586399,149,6793
3544,48.38408,-89.25857,150,6800
3544,48.38409,-89.2579599,151,6845
3544,48.3841099,-89.25783,152,6858
3544,48.38409,-89.25698,153,6916
3544,48.38412,-89.2568699,154,6925
3544,48.3841099,-89.2552599,155,7050
3544,48.3841,-89.25417,156,7125
3544,48.38408,-89.2541,157,7131
3544,48.3841099,-89.25272,158,7239
3544,48.3840999,-89.25233,159,7265
3544,48.38408,-89.2514,160,7330
3544,48.38406,-89.25128,161,7338
3544,48.3840399,-89.2512299,162,7344
3544,48.384,-89.2511899,163,7350
3544,48.3838699,-89.2511599,164,7364
3544,48.38359,-89.25119,165,7387
3544,48.38255,-89.25108,166,7504
3544,48.38249,-89.25101,167,7513
3544,48.3824699,-89.25094,168,7520
3544,48.38245,-89.2507599,169,7535
3544,48.3824699,-89.24905,170,7659
3544,48.38244,-89.24854,171,7702
3544,48.3824599,-89.24838,172,7709
3544,48.38247,-89.24602,173,7834
3545,48.38247,-89.24602,0,0
3545,48.3820099,-89.2455,1,15
3545,48.38113,-89.24553,2,116
3545,48.38101,-89.24554,3,126
3545,48.38091,-89.2455799,4,135
3545,48.38088,-89.24563,5,141
3545,48.38087,-89.2457099,6,147
3545,48.3808899,-89.2471,7,255
3545,48.3808899,-89.2472599,8,263
3545,48.3809,-89.2485999,9,360
3545,48.38092,-89.24921,10,405
3545,48.38091,-89.24927,11,411
3545,48.3808899,-89.2506299,12,512
3545,48.38091,-89.2510599,13,537
3545,48.38091,-89.25162,14,582
3545,48.3809199,-89.25213,15,606
3545,48.3809,-89.2535599,16,719
3545,48.38093,-89.25512,17,828
3545,48.38091,-89.25522,18,840
3545,48.3809,-89.25689,19,964
3545,48.3809,-89.25764,20,1018
3545,48.3809,-89.25912,21,1136
3545,48.38095,-89.26028,22,1215
3545,48.3809199,-89.26034,23,1221
3545,48.3809199,-89.2604,24,1227
3545,48.38091,-89.26047,25,1235
3545,48.3809,-89.26181,26,1336
3545,48.38097,-89.26285,27,1394
3545,48.38091,-89.2627799,28,1400
3545,48.3809,-89.26289,29,1409
3545,48.38091,-89.26297,30,1418
3545,48.3809,-89.26447,31,1534
3545,48.3809,-89.2647499,32,1545
3545,48.38091,-89.2653,33,1587
3545,48.3808899,-89.2653699,34,1595
3545,48.3809,-89.26543,35,1601
3545,48.3809,-89.2668799,36,1715
3545,48.38093,-89.26814,37,1803
3545,48.3808899,-89.2682899,38,1810
3545,48.3808899,-89.2696699,39,1926
3545,48.3809,-89.2713099,40,2032
3545,48.3809,-89.27252,41,2118
3545,48.38091,-89.27251,42,2124
3545,48.3808899,-89.27415,43,2254
3545,48.3809,-89.27564,44,2356
3545,48.38094,-89.27606,45,2383
3545,48.3809199,-89.27619,46,2393
3545,48.3809,-89.2775199,47,2497
3545,48.38091,-89.27842,48,2560
3545,48.38093,-89.27849,49,2566
3545,48.381,-89.27855,50,2573
3545,48.38193,-89.2785299,51,2676
3545,48.38269,-89.27851,52,2759
3545,48.38268,-89.27849,53,2765
3545,48.3826899,-89.27849,54,2775
3545,48.3828,-89.2785399,55,2788
3545,48.38379,-89.2785699,56,2892
3545,48.38402,-89.27858,57,2913
3545,48.3841399,-89.2786299,58,2930
3545,48.38416,-89.2787999,59,2942
3545,48.38416,-89.2802099,60,3049
3545,48.38418,-89.28147,61,3132
3545,48.3841399,-89.28338,62,3235
3545,48.38413,-89.28409,63,3286
3545,48.3840699,-89.28416,64,3296
3545,48.38328,-89.28421,65,3402
3545,48.3831799,-89.28417,66,3419
3545,48.38251,-89.28416,67,3488
3545,48.3824599,-89.2840499,68,3499
3545,48.38248,-89.2838899,69,3509
3545,48.38248,-89.2824699,70,3617
3545,48.38246,-89.28134,71,3696
3545,48.38244,-89.28121,72,3705
3545,48.38244,-89.2810899,73,3715
3545,48.3824599,-89.2810299,74,3723
3545,48.3824699,-89.27961,75,3833
3545,48.3824599,-89.2787999,76,3881
3545,48.38244,-89.27866,77,3888
3545,48.38241,-89.2786299,78,3897
3545,48.38231,-89.27861,79,3907
3545,48.38216,-89.27865,80,3927
3545,48.38209,-89.27868,81,3934
3545,48.38116,-89.2786999,82,4037
3545,48.38104,-89.2786999,83,4048
3545,48.3809199,-89.27874,84,4061
3545,48.38088,-89.2788699,85,4070
3545,48.38088,-89.2790599,86,4087
3545,48.3809,-89.27917,87,4093
3545,48.3808899,-89.28059,88,4196
3545,48.38088,-89.28093,89,4216
3545,48.3808899,-89.2809999,90,4226
3545,48.38088,-89.28107,91,4233
3545,48.3808899,-89.28114,92,4241
3545,48.3808899,-89.2824799,93,4344
3545,48.3809,-89.2839499,94,4450
3545,48.38096,-89.28515,95,4542
3545,48.38088,-89.2851999,96,4548
3545,48.38088,-89.28646,97,4652
3545,48.3808899,-89.28803,98,4761
3545,48.38091,-89.28948,99,4866
3545,48.3809,-89.29007,100,4904
3545,48.38094,-89.29067,101,4950
3545,48.3809,-89.29083,102,4964
3545,48.3808899,-89.29228,103,5074
3545,48.3808899,-89.2933699,104,5150
3545,48.38093,-89.29352,105,5162
3545,48.38088,-89.29595,106,5344
3545,48.38096,-89.29645,107,5379
3545,48.38087,-89.29651,108,5388
3545,48.38088,-89.29783,109,5494
3545,48.38091,-89.29907,110,5579
3545,48.3809,-89.2991499,111,5585
3545,48.38091,-89.2992799,112,5592
3545,48.3809,-89.2994799,113,5603
3545,48.38091,-89.29956,114,5611
3545,48.3809,-89.3009199,115,5713
3545,48.3809,-89.30231,116,5821
3545,48.3808899,-89.30377,117,5925
3545,48.3808899,-89.3052199,118,6033
3545,48.38088,-89.3053799,119,6046
3545,48.38093,-89.30578,120,6069
3545,48.3809,-89.30586,121,6078
3545,48.3808899,-89.3071899,122,6184
3545,48.3809,-89.30909,123,6288
3545,48.38088,-89.30908,124,6312
3545,48.3808199,-89.3115199,125,6486
3545,48.3808,-89.3115899,126,6493
3545,48.38071,-89.3117,127,6506
3545,48.38021,-89.31194,128,6568
3545,48.3798699,-89.31236,129,6619
3545,48.3796099,-89.31296,130,6666
3545,48.3794499,-89.31403,131,6753
3545,48.3794499,-89.31557,132,6853
3545,48.37943,-89.31564,133,6860
3545,48.3794,-89.3156999,134,6868
3545,48.37929,-89.3157899,135,6879
3545,48.37909,-89.31581,136,6903
3545,48.3781299,-89.3164799,137,7019
3545,48.3780599,-89.3165499,138,7029
3545,48.3779999,-89.3166399,139,7040
3545,48.37791,-89.31685,140,7058
3545,48.37739,-89.31912,141,7232
3545,48.37719,-89.31997,142,7294
3545,48.3767,-89.32212,143,7473
3545,48.37611,-89.3246899,144,7667
3545,48.37612,-89.32487,145,7677
3545,48.3761899,-89.32513,146,7697
3545,48.3761599,-89.3252399,147,7704
3545,48.3760899,-89.32527,148,7713
3545,48.37602,-89.32519,149,7720
3545,48.3759999,-89.32504,150,7727
3545,48.3759999,-89.32497,151,7734
3545,48.3760299,-89.3248899,152,7742
3545,48.37654,-89.3226199,153,7921
3545,48.37674,-89.32155,154,7996
3545,48.37686,-89.32132,155,8008
3545,48.3772399,-89.3197299,156,8132
3545,48.3775399,-89.3183899,157,8244
3545,48.3778399,-89.31706,158,8345
3545,48.3779299,-89.3167799,159,8366
3545,48.37795,-89.3165199,160,8386
3545,48.37785,-89.31521,161,8479
3545,48.37807,-89.31506,162,8504
3545,48.37808,-89.3151299,163,8513
3545,48.3780699,-89.3152699,164,8522
3545,48.37801,-89.3153999,165,8535
3545,48.37789,-89.31552,166,8550
3545,48.37785,-89.31567,167,8561
3545,48.37786,-89.3159499,168,8581
3545,48.37788,-89.31604,169,8589
3545,48.37789,-89.3162199,170,8599
3545,48.37792,-89.31636,171,8608
3545,48.37796,-89.31644,172,8616
3545,48.37802,-89.3165099,173,8623
3545,48.37812,-89.3164799,174,8632
3545,48.3789199,-89.31584,175,8735
3545,48.3793499,-89.31568,176,8784
3545,48.3794,-89.31562,177,8793
3545,48.3794499,-89.31541,178,8807
3545,48.3794399,-89.31406,179,8910
3545,48.37952,-89.31318,180,8971
3545,48.37965,-89.3126999,181,9017
3545,48.38009,-89.3119799,182,9081
3545,48.38067,-89.31156,183,9133
3545,48.3807199,-89.31158,184,9158
3545,48.38077,-89.31145,185,9165
3545,48.3807899,-89.31135,186,9174
3545,48.3807599,-89.3098899,187,9284
3545,48.38074,-89.30845,188,9386
3545,48.38077,-89.3083799,189,9397
3545,48.38078,-89.3068899,190,9509
3545,48.38078,-89.3052899,191,9619
3545,48.38074,-89.30479,192,9647
3545,48.38078,-89.30481,193,9654
3545,48.3807299,-89.30244,194,9832
3545,48.3806899,-89.3013799,195,9909
3545,48.38064,-89.30116,196,9924
3545,48.3805299,-89.3009899,197,9946
3545,48.38045,-89.30093,198,9952
3545,48.3789,-89.3008199,199,10133
3545,48.3773099,-89.30078,200,10311
3545,48.37648,-89.3009199,201,10389
3545,48.3754699,-89.3013799,202,10513
3545,48.3745899,-89.30215,203,10627
3545,48.3744499,-89.3022999,204,10638
3545,48.3737299,-89.30344,205,10763
3545,48.3732399,-89.30461,206,10863
3545,48.37313,-89.30546,207,10929
3545,48.37333,-89.30691,208,11032
3545,48.37325,-89.30945,209,11219
3545,48.37326,-89.3096599,210,11238
3545,48.3732399,-89.3099499,211,11260
3545,48.3731799,-89.3101399,212,11273
3545,48.37243,-89.31113,213,11383
3546,48.36934,-89.30546,0,0
3546,48.3693699,-89.3053599,1,7
3546,48.36939,-89.30523,2,17
3546,48.3693999,-89.30379,3,122
3546,48.36936,-89.3036,4,142
3546,48.36939,-89.3016399,5,277
3546,48.36937,-89.30129,6,313
3546,48.3693999,-89.29992,7,417
3546,48.36936,-89.29934,8,446
3546,48.3693999,-89.299,9,461
3546,48.3693999,-89.29776,10,546
3546,48.36936,-89.29653,11,654
3546,48.36941,-89.2948799,12,756
3546,48.3694,-89.29385,13,850
3546,48.36941,-89.29214,14,954
3546,48.3693999,-89.29077,15,1054
3546,48.36941,-89.29065,16,1083
3546,48.3693999,-89.2905,17,1089
3546,48.36941,-89.29046,18,1098
3546,48.36938,-89.2890699,19,1203
3546,48.36939,-89.2881,20,1267
3546,48.36939,-89.28803,21,1275
3546,48.3693999,-89.28797,22,1281
3546,48.3693999,-89.2866499,23,1382
3546,48.36939,-89.28547,24,1488
3546,48.36941,-89.2853599,25,1498
3546,48.36942,-89.2840499,26,1601
3546,48.36942,-89.2835899,27,1627
3546,48.36939,-89.28187,28,1778
3546,48.3692999,-89.2815199,29,1788
3546,48.36919,-89.2815599,30,1799
3546,48.3674899,-89.28157,31,1986
3546,48.36741,-89.28161,32,2021
3546,48.3673699,-89.28163,33,2030
3546,48.36646,-89.28157,34,2134
3546,48.36594,-89.2816,35,2185
3546,48.3658599,-89.28163,36,2193
3546,48.3651299,-89.2815599,37,2274
3546,48.36506,-89.2815,38,2281
3546,48.3650399,-89.28144,39,2287
3546,48.36506,-89.281,40,2315
3546,48.36505,-89.27905,41,2466
3546,48.36507,-89.27824,42,2531
3546,48.3650399,-89.27805,43,2537
3546,48.3650699,-89.2778799,44,2550
3546,48.3650699,-89.2778199,45,2556
3546,48.36508,-89.2777499,46,2563
3546,48.36505,-89.2762999,47,2670
3546,48.36506,-89.27599,48,2691
3546,48.36505,-89.2759399,49,2697
3546,48.3650699,-89.2744599,50,2810
3546,48.36506,-89.27298,51,2915
3546,48.3650699,-89.27287,52,2922
3546,48.36542,-89.27278,53,2958
3546,48.36547,-89.2728,54,2966
3546,48.36636,-89.2728199,55,3073
3546,48.3673699,-89.2728199,56,3187
3546,48.36806,-89.27278,57,3276
3546,48.36833,-89.2727599,58,3285
3546,48.36836,-89.27252,59,3302
3546,48.36833,-89.2711499,60,3405
3546,48.36831,-89.26988,61,3524
3546,48.3683,-89.2698399,62,3532
3546,48.36833,-89.26851,63,3635
3546,48.36833,-89.26804,64,3668
3546,48.36831,-89.26742,65,3742
3546,48.36834,-89.2657699,66,3847
3546,48.36834,-89.2643599,67,3944
3546,48.3683199,-89.26402,68,3973
3546,48.36831,-89.26401,69,4001
3546,48.3683199,-89.26217,70,4106
3546,48.36833,-89.26224,71,4130
3546,48.36833,-89.26151,72,4161
3546,48.36836,-89.2614299,73,4168
3546,48.36844,-89.26139,74,4180
3546,48.36882,-89.26138,75,4244
3546,48.3696899,-89.26141,76,4350
3546,48.3705799,-89.26141,77,4452
3546,48.37147,-89.26137,78,4564
3546,48.37152,-89.2613999,79,4575
3546,48.3723899,-89.2613999,80,4676
3546,48.3733399,-89.26141,81,4780
3546,48.37389,-89.26136,82,4860
3546,48.37425,-89.26138,83,4877
3546,48.3743199,-89.26131,84,4885
3546,48.37434,-89.26116,85,4898
3546,48.3743199,-89.2598299,86,5000
3546,48.37432,-89.25922,87,5055
3546,48.3743199,-89.2579,88,5159
3546,48.3743,-89.25693,89,5226
3546,48.3743199,-89.2567699,90,5240
3546,48.37434,-89.2567,91,5247
3546,48.37443,-89.2566099,92,5257
3546,48.37539,-89.2566099,93,5366
3546,48.37582,-89.25656,94,5409
3546,48.3758399,-89.2566,95,5415
3546,48.37673,-89.25662,96,5515
3546,48.37725,-89.25656,97,5586
3546,48.37835,-89.25663,98,5687
3546,48.37905,-89.25656,99,5780
3546,48.3793399,-89.25665,100,5791
3546,48.3802699,-89.2566399,101,5892
3546,48.38052,-89.25658,102,5941
3546,48.3805899,-89.25662,103,5947
3546,48.38144,-89.25663,104,6049
3546,48.38228,-89.25658,105,6156
3546,48.3824999,-89.2564399,106,6163
3546,48.38249,-89.25637,107,6170
3546,48.3824999,-89.2562799,108,6179
3546,48.3824699,-89.25489,109,6287
3546,48.3824699,-89.25348,110,6391
3546,48.38247,-89.25272,111,6456
3546,48.3824599,-89.25285,112,6463
3546,48.3824599,-89.2527699,113,6469
3546,48.3824699,-89.2526999,114,6477
3546,48.38245,-89.25111,115,6591
3546,48.3824699,-89.24966,116,6699
3546,48.38244,-89.24854,117,6784
3546,48.3824599,-89.24838,118,6791
3546,48.38247,-89.24602,119,6916
3547,48.36516,-89.28197,0,0
3547,48.3650999,-89.2823099,1,16
3547,48.36515,-89.28366,2,120
3547,48.36511,-89.2855899,3,247
3547,48.36516,-89.28573,4,272
3547,48.3651299,-89.28577,5,278
3547,48.36509,-89.28709,6,379
3547,48.36515,-89.28841,7,476
3547,48.3650999,-89.28879,8,501
3547,48.36511,-89.28886,9,509
3547,48.3650999,-89.2895599,10,564
3547,48.3650699,-89.2895999,11,572
3547,48.3649699,-89.2896599,12,579
3547,48.36423,-89.28956,13,678
3547,48.36335,-89.28952,14,778
3547,48.3623399,-89.28952,15,887
3547,48.3620499,-89.28951,16,914
3547,48.36112,-89.28952,17,1023
3547,48.3601499,-89.2894999,18,1124
3547,48.3596199,-89.28955,19,1188
3547,48.35908,-89.2898599,20,1257
3547,48.3586299,-89.2904499,21,1319
3547,48.35846,-89.29108,22,1382
3547,48.3582699,-89.29136,23,1389
3547,48.3578499,-89.2925199,24,1485
3547,48.35737,-89.29382,25,1601
3547,48.35711,-89.29479,26,1690
3547,48.35695,-89.29507,27,1706
3547,48.3568999,-89.29543,28,1730
3547,48.3568899,-89.2963599,29,1795
3547,48.35698,-89.2971,30,1867
3547,48.3568999,-89.29742,31,1875
3547,48.35691,-89.2987899,32,1981
3547,48.35691,-89.30002,33,2066
3547,48.35697,-89.30087,34,2151
3547,48.3569199,-89.3012799,35,2160
3547,48.3569199,-89.30268,36,2263
3547,48.3569299,-89.30402,37,2365
3547,48.3569299,-89.3055,38,2468
3547,48.35694,-89.3059,39,2495
3547,48.35698,-89.30602,40,2506
3547,48.35708,-89.3060799,41,2518
3547,48.35715,-89.30594,42,2541
3547,48.35744,-89.30605,43,2547
3547,48.3591899,-89.30603,44,2740
3547,48.36012,-89.30605,45,2843
3547,48.3602099,-89.30616,46,2856
3547,48.36023,-89.3063099,47,2866
3547,48.3602099,-89.3069999,48,2912
3547,48.36002,-89.3083,49,3012
3547,48.35983,-89.30948,50,3107
3547,48.3593899,-89.31184,51,3288
3547,48.3590899,-89.31269,52,3360
3547,48.35865,-89.3134299,53,3436
3547,48.35825,-89.31384,54,3485
3547,48.3578399,-89.31411,55,3538
3547,48.35546,-89.31429,56,3804
3547,48.35468,-89.31429,57,3885
3547,48.35375,-89.3143,58,3987
3547,48.35306,-89.3143499,59,4068
3547,48.35291,-89.3144399,60,4081
3547,48.3528299,-89.31453,61,4093
3547,48.35278,-89.3147,62,4106
3547,48.35278,-89.31485,63,4119
3547,48.35352,-89.31876,64,4439
3547,48.3535099,-89.3187499,65,4445
3547,48.35372,-89.3202599,66,4566
3547,48.35385,-89.32136,67,4639
3547,48.35392,-89.3226899,68,4739
3547,48.35395,-89.32402,69,4836
3547,48.35405,-89.32469,70,4908
3547,48.3540999,-89.3268899,71,5043
3547,48.3542,-89.32822,72,5168
3547,48.3541699,-89.3285899,73,5177
3547,48.3542399,-89.33006,74,5288
3547,48.3543,-89.33036,75,5316
3547,48.3542699,-89.33072,76,5330
3547,48.3543399,-89.33222,77,5441
3547,48.35442,-89.33302,78,5519
3547,48.3544699,-89.33468,79,5626
3547,48.35472,-89.33603,80,5722
3547,48.35507,-89.3375499,81,5846
3547,48.3551,-89.33765,82,5873
3547,48.3551199,-89.3377,83,5882
3547,48.35513,-89.33783,84,5894
3547,48.3554499,-89.3392299,85,6011
3547,48.35576,-89.3406099,86,6111
3547,48.35593,-89.34124,87,6176
3547,48.35623,-89.3427399,88,6279
3547,48.35656,-89.34397,89,6398
3547,48.35685,-89.3455299,90,6501
3547,48.3569899,-89.3462,91,6562
3547,48.357,-89.3476299,92,6663
3547,48.35695,-89.349,93,6771
3547,48.35697,-89.3493,94,6809
3547,48.35695,-89.35089,95,6909
3547,48.3569199,-89.35097,96,6917
3547,48.35688,-89.35103,97,6924
3547,48.35655,-89.3510799,98,6960
3547,48.35641,-89.35116,99,6975
3547,48.35596,-89.3516699,100,7039
3547,48.3556499,-89.3517699,101,7077
3547,48.3554799,-89.3517699,102,7088
3547,48.3551599,-89.35163,103,7132
3547,48.35501,-89.3514999,104,7149
3547,48.35449,-89.3507199,105,7231
3547,48.3541699,-89.3505499,106,7269
3547,48.35385,-89.35054,107,7306
3547,48.35353,-89.3506799,108,7343
3547,48.3533799,-89.3508099,109,7359
3547,48.35311,-89.35125,110,7401
3547,48.35303,-89.35158,111,7426
3547,48.3529899,-89.35329,112,7554
3547,48.35294,-89.3534799,113,7568
3547,48.35281,-89.35373,114,7592
3547,48.3526199,-89.35389,115,7615
3547,48.35255,-89.35392,116,7625
3547,48.35114,-89.35398,117,7782
3547,48.3508199,-89.35409,118,7815
3547,48.3499999,-89.35464,119,7915
3547,48.34906,-89.3555799,120,8047
3547,48.34857,-89.35588,121,8102
3547,48.34792,-89.3559999,122,8178
3547,48.34779,-89.3559699,123,8187
3547,48.34765,-89.35589,124,8205
3547,48.34749,-89.35573,125,8230
3547,48.34739,-89.3555,126,8251
3547,48.34733,-89.35497,127,8289
3547,48.3472099,-89.3546299,128,8316
3547,48.3472099,-89.35455,129,8322
3547,48.34723,-89.35441,130,8330
3547,48.34725,-89.35435,131,8336
3547,48.3472799,-89.3542899,132,8342
3547,48.34735,-89.3542299,133,8350
3547,48.34731,-89.35428,134,8375
3547,48.3474399,-89.3545899,135,8381
3547,48.34736,-89.3550199,136,8415
3547,48.3473799,-89.3553499,137,8439
3547,48.34748,-89.35565,138,8464
3547,48.3475999,-89.35582,139,8484
3547,48.3477299,-89.35592,140,8500
3547,48.3478999,-89.35598,141,8516
3547,48.34858,-89.3558399,142,8594
3547,48.3491499,-89.3554499,143,8658
3547,48.34996,-89.35461,144,8769
3547,48.35078,-89.35402,145,8874
3547,48.35229,-89.35386,146,9041
3547,48.35258,-89.3538699,147,9075
3547,48.3527299,-89.35378,148,9090
3547,48.3528499,-89.3536099,149,9106
3547,48.3529,-89.3535,150,9117
3547,48.3529599,-89.35329,151,9132
3547,48.35297,-89.35182,152,9241
3547,48.3530199,-89.3514399,153,9270
3547,48.3531499,-89.3511099,154,9300
3547,48.3534,-89.35074,155,9340
3547,48.3536399,-89.3505599,156,9369
3547,48.3538099,-89.3504899,157,9386
3547,48.3540699,-89.35048,158,9413
3547,48.3543999,-89.3506,159,9452
3547,48.35461,-89.3508,160,9479
3547,48.3549299,-89.3513799,161,9534
3547,48.35511,-89.35158,162,9563
3547,48.35527,-89.35169,163,9586
3547,48.3556399,-89.35172,164,9620
3547,48.356,-89.35159,165,9660
3547,48.35641,-89.35112,166,9717
3547,48.3565599,-89.35103,167,9733
3547,48.3568299,-89.3510099,168,9760
3547,48.3569299,-89.35103,169,9773
3547,48.35698,-89.35113,170,9783
3547,48.357,-89.35122,171,9792
3547,48.35703,-89.35161,172,9840
3547,48.3570199,-89.35199,173,9855
3547,48.3571599,-89.3534799,174,9965
3547,48.35727,-89.35478,175,10065
3547,48.35733,-89.35497,176,10090
3547,48.35744,-89.35671,177,10195
3547,48.35755,-89.35741,178,10279
3547,48.35753,-89.35785,179,10290
3547,48.3576499,-89.35923,180,10394
3547,48.35777,-89.36064,181,10497
3547,48.35786,-89.36105,182,10554
3547,48.3579399,-89.36281,183,10661
3547,48.3580799,-89.3643,184,10777
3547,48.35819,-89.3657899,185,10884
3547,48.35828,-89.36584,186,10917
3547,48.35825,-89.36629,187,10935
3547,48.3583699,-89.3676899,188,11040
3547,48.35849,-89.3690999,189,11147
3547,48.35862,-89.3705,190,11247
3547,48.35879,-89.37172,191,11354
3547,48.35888,-89.3733999,192,11459
3547,48.35901,-89.37483,193,11557
3547,48.35914,-89.37623,194,11674
3547,48.35924,-89.37743,195,11754
3547,48.35938,-89.3788799,196,11870
3547,48.3595199,-89.3803199,197,11969
3547,48.35966,-89.38176,198,12086
3547,48.35988,-89.38305,199,12185
3547,48.3598099,-89.38342,200,12203
3547,48.3599499,-89.3850499,201,12319
3547,48.36007,-89.38641,202,12423
3547,48.3602,-89.38783,203,12524
3547,48.36026,-89.38841,204,12563
3547,48.3602699,-89.38845,205,12569
3547,48.3603,-89.38851,206,12576
3547,48.36042,-89.38859,207,12589
3547,48.36049,-89.38861,208,12599
3547,48.36137,-89.38858,209,12699
3547,48.36234,-89.38849,210,12830
3547,48.3625,-89.3882399,211,12840
3547,48.3624699,-89.3868899,212,12933
3547,48.3624699,-89.3853799,213,13049
3547,48.3624699,-89.3852099,214,13056
3547,48.3624699,-89.3837699,215,13166
3547,48.3624799,-89.3824599,216,13266
3547,48.36242,-89.38168,217,13333
3547,48.3624699,-89.3812799,218,13349
3547,48.36246,-89.37969,219,13461
3547,48.36246,-89.37828,220,13566
3547,48.36241,-89.37736,221,13652
3547,48.3624699,-89.37692,222,13669
3547,48.3624699,-89.37542,223,13777
3547,48.3624699,-89.3739299,224,13892
3547,48.36245,-89.3724799,225,13994
3547,48.36244,-89.3725,226,14015
3547,48.36246,-89.37069,227,14121
3547,48.36246,-89.36938,228,14221
3547,48.36242,-89.36828,229,14320
3547,48.36245,-89.3667299,230,14422
3547,48.36245,-89.3652299,231,14532
3547,48.36245,-89.36472,232,14562
3547,48.3624399,-89.36328,233,14673
3547,48.36243,-89.36187,234,14778
3547,48.36242,-89.36128,235,14840
3547,48.3624399,-89.3596499,236,14942
3547,48.36245,-89.35821,237,15053
3547,48.3624399,-89.35677,238,15156
3547,48.3624399,-89.3553,239,15268
3547,48.36245,-89.3538699,240,15369
3547,48.36248,-89.35291,241,15439
3547,48.36245,-89.3507199,242,15583
3547,48.3624399,-89.3491699,243,15696
3547,48.36246,-89.3477899,244,15801
3547,48.36246,-89.3463,245,15909
3547,48.3624699,-89.346,246,15929
3547,48.36249,-89.3459299,247,15935
3547,48.36259,-89.3458599,248,15946
3547,48.3628,-89.34583,249,15986
3547,48.3644099,-89.3458899,250,16140
3547,48.3657199,-89.3458899,251,16285
3547,48.36706,-89.34588,252,16437
3547,48.3680899,-89.34584,253,16546
3547,48.36827,-89.3458899,254,16565
3547,48.3683199,-89.3459199,255,16574
3547,48.3684,-89.34608,256,16589
3547,48.3684199,-89.3480899,257,16734
3547,48.36839,-89.34833,258,16751
3547,48.3683499,-89.3484,259,16758
3547,48.36824,-89.3484899,260,16770
3547,48.36692,-89.3484499,261,16919
3547,48.36561,-89.34846,262,17066
3547,48.3653999,-89.34846,263,17087
3547,48.36532,-89.3484899,264,17101
3547,48.36394,-89.34847,265,17252
3547,48.36264,-89.34853,266,17421
3547,48.36246,-89.3488099,267,17431
3547,48.3624699,-89.35043,268,17554
3547,48.3624699,-89.35179,269,17656
3547,48.36251,-89.35252,270,17721
3547,48.3624799,-89.3541999,271,17826
3547,48.3624699,-89.3557,272,17939
3547,48.3624699,-89.35716,273,18045
3547,48.3624799,-89.35829,274,18123
3547,48.36246,-89.3596,275,18230
3547,48.36245,-89.36077,276,18310
3547,48.3624699,-89.36095,277,18321
3547,48.3625099,-89.36101,278,18327
3547,48.36256,-89.3610299,279,18333
3547,48.36355,-89.36097,280,18458
3547,48.3647399,-89.3609899,281,18559
3547,48.36565,-89.36098,282,18662
3547,48.36657,-89.36096,283,18791
3547,48.36768,-89.3609599,284,18896
3547,48.3686099,-89.3609599,285,19002
3547,48.36962,-89.36097,286,19108
3547,48.3706199,-89.36098,287,19220
3547,48.37154,-89.36093,288,19336
3547,48.3726,-89.36097,289,19438
3547,48.37352,-89.36098,290,19541
3547,48.37447,-89.3609,291,19654
3547,48.37477,-89.36098,292,19670
3547,48.37575,-89.3609599,293,19781
3547,48.37683,-89.3609599,294,19895
3547,48.37764,-89.36089,295,20007
3547,48.37881,-89.3609599,296,20121
3547,48.37978,-89.3609599,297,20225
3547,48.38038,-89.36089,298,20316
3547,48.3804599,-89.36095,299,20328
3547,48.3804899,-89.36094,300,20335
3547,48.3807,-89.36095,301,20360
3547,48.3808499,-89.36091,302,20374
3547,48.3809199,-89.3608599,303,20384
3547,48.3810199,-89.3606699,304,20401
3547,48.38121,-89.35939,305,20505
3547,48.3814,-89.35783,306,20623
3547,48.3815499,-89.3564599,307,20709
3547,48.38173,-89.3548199,308,20846
3547,48.38173,-89.35342,309,20955
3547,48.38166,-89.3528799,310,20979
3547,48.38133,-89.35145,311,21096
3547,48.38103,-89.35039,312,21172
3547,48.3808499,-89.3489,313,21282
3547,48.3808199,-89.3472099,314,21406
3547,48.3808199,-89.34613,315,21475
3547,48.3808199,-89.34456,316,21602
3547,48.38083,-89.34302,317,21716
3547,48.38078,-89.34208,318,21783
3547,48.38084,-89.34174,319,21803
3547,48.38083,-89.34033,320,21907
3547,48.38083,-89.33914,321,21991
3547,48.38081,-89.33806,322,22084
3547,48.3808199,-89.3365699,323,22187
3547,48.3808199,-89.33501,324,22300
3547,48.38079,-89.33498,325,22323
3547,48.38081,-89.33334,326,22430
3547,48.3807899,-89.33186,327,22529
3547,48.38075,-89.33131,328,22594
3547,48.3808,-89.32972,329,22700
3547,48.38081,-89.32845,330,22779
3547,48.38083,-89.3269499,331,22899
3547,48.38083,-89.32553,332,23005
3547,48.38084,-89.3241299,333,23109
3547,48.38083,-89.32267,334,23215
3547,48.38079,-89.3221,335,23270
3547,48.38083,-89.3204799,336,23374
3547,48.38084,-89.31899,337,23485
3547,48.38084,-89.31761,338,23588
3547,48.38083,-89.3162499,339,23691
3547,48.3808,-89.31557,340,23746
3547,48.3807899,-89.3139,341,23850
3547,48.38077,-89.31249,342,23960
3547,48.38077,-89.3123099,343,23968
3547,48.3807599,-89.31079,344,24078
3547,48.3807599,-89.3104399,345,24106
3547,48.38077,-89.31036,346,24113
3547,48.3807599,-89.30876,347,24231
3547,48.38074,-89.30845,348,24253
3547,48.38077,-89.3083799,349,24264
3547,48.38078,-89.3068899,350,24376
3547,48.38078,-89.3052899,351,24486
3547,48.38074,-89.30479,352,24514
3547,48.38074,-89.30321,353,24614
3547,48.3807299,-89.3018799,354,24714
3547,48.38074,-89.30048,355,24816
3547,48.3807599,-89.29901,356,24929
3547,48.3807599,-89.29752,357,25039
3547,48.38078,-89.29612,358,25158
3547,48.3807599,-89.2947,359,25266
3547,48.38077,-89.29319,360,25372
3547,48.38078,-89.2927,361,25403
3547,48.38078,-89.2925499,362,25414
3547,48.38077,-89.29247,363,25422
3547,48.38077,-89.29112,364,25523
3547,48.38077,-89.2897599,365,25617
3547,48.3807599,-89.2896899,366,25623
3547,48.38068,-89.28962,367,25633
3547,48.38014,-89.28961,368,25688
3547,48.3792,-89.2895999,369,25801
3547,48.37826,-89.28961,370,25896
3547,48.3772,-89.2895999,371,25996
3547,48.3764,-89.2896,372,26112
3547,48.37637,-89.28962,373,26118
3547,48.37543,-89.28958,374,26228
3547,48.37569,-89.28967,375,26281
3547,48.3737299,-89.28958,376,26382
3547,48.37279,-89.28968,377,26485
3547,48.37265,-89.28969,378,26513
3547,48.3715699,-89.2897299,379,26618
3547,48.3705799,-89.28971,380,26729
3547,48.3695999,-89.28971,381,26839
3547,48.3695299,-89.28971,382,26848
3547,48.3694699,-89.28968,383,26855
3547,48.36939,-89.2895299,384,26867
3547,48.36939,-89.2881,385,26996
3547,48.36939,-89.28803,386,27004
3547,48.3693999,-89.28797,387,27010
3547,48.3693999,-89.2866499,388,27111
3547,48.36939,-89.28547,389,27217
3547,48.36941,-89.2853599,390,27227
3547,48.36942,-89.2840499,391,27330
3547,48.36942,-89.2835899,392,27356
3547,48.36939,-89.28187,393,27507
3547,48.3692999,-89.2815199,394,27517
3547,48.36919,-89.2815599,395,27528
3547,48.3674899,-89.28157,396,27715
3547,48.36741,-89.28161,397,27750
3547,48.3673699,-89.28163,398,27759
3547,48.36646,-89.28157,399,27863
3547,48.36594,-89.2816,400,27914
3547,48.36583,-89.28163,401,27925
3547,48.36552,-89.28157,402,27961
3547,48.36511,-89.2816199,403,28000
3547,48.36509,-89.28167,404,28007
3547,48.36509,-89.28181,405,28016
3547,48.36516,-89.28197,406,28040
3548,48.40297,-89.26967,0,0
3548,48.4029199,-89.26965,1,13
3548,48.4029799,-89.26969,2,23
3548,48.403,-89.2697699,3,30
3548,48.403,-89.26992,4,39
3548,48.4029799,-89.27001,5,45
3548,48.40297,-89.2701999,6,59
3548,48.40294,-89.2702599,7,65
3548,48.40284,-89.2702999,8,78
3548,48.4027199,-89.2702999,9,93
3548,48.40227,-89.27044,10,140
3548,48.4020599,-89.2706,11,167
3548,48.4017299,-89.2710499,12,215
3548,48.4016699,-89.2711,13,224
3548,48.40158,-89.2710899,14,232
3548,48.4015399,-89.27107,15,238
3548,48.4013699,-89.27084,16,264
3548,48.4008799,-89.27055,17,319
3548,48.4008399,-89.2704599,18,328
3548,48.4008199,-89.2702999,19,338
3548,48.4008199,-89.27014,20,352
3548,48.40056,-89.2688,21,458
3548,48.40051,-89.26867,22,468
3548,48.4004799,-89.26864,23,474
3548,48.4003199,-89.26861,24,491
3548,48.39994,-89.26883,25,530
3548,48.39988,-89.2687899,26,537
3548,48.39922,-89.26884,27,608
3548,48.3991699,-89.26894,28,617
3548,48.39916,-89.2690199,29,624
3548,48.3991699,-89.2703599,30,725
3548,48.3991699,-89.27179,31,835
3548,48.39918,-89.27324,32,936
3548,48.3992099,-89.27442,33,1020
3548,48.39916,-89.27458,34,1032
3548,48.3991099,-89.27464,35,1041
3548,48.3989699,-89.2746899,36,1057
3548,48.39863,-89.2747,37,1091
3548,48.3985199,-89.2746599,38,1101
3548,48.3979899,-89.2746299,39,1163
3548,48.39718,-89.2748899,40,1259
3548,48.39658,-89.27548,41,1334
3548,48.3965,-89.27547,42,1340
3548,48.3964799,-89.2755,43,1346
3548,48.3957299,-89.2762399,44,1449
3548,48.39495,-89.27702,45,1550
3548,48.39492,-89.2771,46,1557
3548,48.3944099,-89.2774899,47,1620
3548,48.3943099,-89.2776499,48,1635
3548,48.3942799,-89.2777499,49,1645
3548,48.39427,-89.27787,50,1656
3548,48.3943,-89.27812,51,1673
3548,48.3946799,-89.27937,52,1773
3548,48.39473,-89.28046,53,1848
3548,48.39472,-89.2804699,54,1855
3548,48.39472,-89.28052,55,1862
3548,48.39466,-89.2806999,56,1875
3548,48.39465,-89.2807999,57,1885
3548,48.3943,-89.28204,58,1986
3548,48.394,-89.28344,59,2092
3548,48.3939499,-89.28486,60,2196
3548,48.39403,-89.28585,61,2270
3548,48.39401,-89.28587,62,2279
3548,48.39397,-89.2871999,63,2383
3548,48.39396,-89.28879,64,2494
3548,48.39404,-89.28913,65,2516
3548,48.394,-89.2892099,66,2522
3548,48.39396,-89.28948,67,2549
3548,48.3938199,-89.28959,68,2562
3548,48.39282,-89.28959,69,2673
3548,48.39261,-89.28967,70,2693
3548,48.3925399,-89.28961,71,2704
3548,48.3915,-89.28955,72,2827
3548,48.3904799,-89.2895299,73,2936
3548,48.39016,-89.28951,74,2967
3548,48.3901,-89.2894299,75,2974
3548,48.39007,-89.28931,76,2984
3548,48.39004,-89.2888,77,3019
3548,48.39009,-89.28856,78,3038
3548,48.3901,-89.28715,79,3145
3548,48.39006,-89.28652,80,3189
3548,48.3901,-89.28623,81,3217
3548,48.39009,-89.28486,82,3320
3548,48.3901,-89.2845699,83,3331
3548,48.39005,-89.2832,84,3429
3548,48.39007,-89.2818,85,3541
3548,48.39007,-89.28135,86,3567
3548,48.39006,-89.27926,87,3721
3548,48.39006,-89.2790599,88,3735
3548,48.39007,-89.27898,89,3743
3548,48.39007,-89.27875,90,3760
3548,48.39003,-89.2786699,91,3768
3548,48.3889899,-89.2786699,92,3881
3548,48.38852,-89.27874,93,3931
3548,48.38842,-89.27866,94,3940
3548,48.38741,-89.2786699,95,4058
3548,48.3864399,-89.27866,96,4163
3548,48.38537,-89.2787,97,4276
3548,48.38533,-89.2786699,98,4284
3548,48.3852599,-89.2786399,99,4294
3548,48.38431,-89.27861,100,4399
3548,48.38419,-89.2785999,101,4406
3548,48.3841399,-89.27856,102,4417
3548,48.38409,-89.2784099,103,4430
3548,48.38405,-89.27754,104,4487
3548,48.38409,-89.27733,105,4510
3548,48.3841099,-89.27599,106,4611
3548,48.3841099,-89.2743999,107,4725
3548,48.3841099,-89.27301,108,4831
3548,48.38412,-89.2727299,109,4848
3548,48.38407,-89.27232,110,4876
3548,48.38412,-89.27193,111,4910
3548,48.3840999,-89.27047,112,5016
3548,48.38405,-89.26998,113,5047
3548,48.38409,-89.26976,114,5058
3548,48.3840999,-89.2683299,115,5163
3548,48.38412,-89.2668199,116,5279
3548,48.38406,-89.26556,117,5373
3548,48.38409,-89.2654399,118,5380
3548,48.3840999,-89.2640599,119,5485
3548,48.3840999,-89.26329,120,5542
3548,48.3841099,-89.2632399,121,5549
3548,48.38405,-89.26149,122,5668
3548,48.3841099,-89.2596599,123,5806
3548,48.38404,-89.25864,124,5874
3548,48.38406,-89.2586399,125,5883
3548,48.38408,-89.25857,126,5890
3548,48.38409,-89.2579599,127,5935
3548,48.3841099,-89.25783,128,5948
3548,48.38409,-89.25698,129,6006
3548,48.38412,-89.2568699,130,6015
3548,48.3841099,-89.2552599,131,6140
3548,48.3841,-89.25417,132,6215
3548,48.38408,-89.2541,133,6221
3548,48.3841099,-89.25272,134,6329
3548,48.3840999,-89.25233,135,6355
3548,48.38408,-89.2514,136,6420
3548,48.38406,-89.25128,137,6428
3548,48.3840399,-89.2512299,138,6434
3548,48.384,-89.2511899,139,6440
3548,48.3838699,-89.2511599,140,6454
3548,48.38359,-89.25119,141,6477
3548,48.38255,-89.25108,142,6594
3548,48.38249,-89.25101,143,6603
3548,48.3824699,-89.25094,144,6610
3548,48.38245,-89.2507599,145,6625
3548,48.3824699,-89.24905,146,6749
3548,48.38244,-89.24854,147,6792
3548,48.3824599,-89.24838,148,6799
3548,48.38247,-89.24602,149,6924
3549,48.38247,-89.24602,0,0
3549,48.38192,-89.2455199,1,11
3549,48.38103,-89.2455099,2,110
3549,48.38091,-89.24557,3,130
3549,48.38088,-89.2456499,4,136
3549,48.38087,-89.24572,5,143
3549,48.3808599,-89.24644,6,189
3549,48.38091,-89.2465999,7,200
3549,48.3809899,-89.24664,8,208
3549,48.3820699,-89.2465999,9,328
3549,48.38232,-89.24659,10,355
3549,48.38245,-89.24662,11,368
3549,48.38251,-89.24677,12,383
3549,48.38249,-89.24825,13,493
3549,48.38256,-89.24942,14,575
3549,48.3825299,-89.24944,15,581
3549,48.38251,-89.24953,16,588
3549,48.38249,-89.2508699,17,686
3549,48.38252,-89.25105,18,696
3549,48.3825899,-89.25111,19,707
3549,48.38326,-89.25101,20,775
3549,48.38333,-89.2510599,21,783
3549,48.3840699,-89.25112,22,867
3549,48.3841099,-89.25114,23,874
3549,48.3841699,-89.25125,24,883
3549,48.38419,-89.2514199,25,894
3549,48.38416,-89.25271,26,995
3549,48.38421,-89.25373,27,1057
3549,48.3842099,-89.2537899,28,1067
3549,48.3841699,-89.25391,29,1079
3549,48.3841399,-89.25531,30,1184
3549,48.3841699,-89.25665,31,1284
3549,48.38418,-89.25713,32,1314
3549,48.3841699,-89.25852,33,1429
3549,48.38416,-89.2600599,34,1535
3549,48.3842,-89.26167,35,1649
3549,48.3841699,-89.26171,36,1658
3549,48.3841699,-89.26332,37,1783
3549,48.38416,-89.2647799,38,1879
3549,48.38425,-89.26587,39,1961
3549,48.38418,-89.26602,40,1971
3549,48.3841699,-89.2673699,41,2079
3549,48.3841699,-89.26883,42,2186
3549,48.38419,-89.27001,43,2267
3549,48.3841699,-89.27005,44,2274
3549,48.38416,-89.2714399,45,2386
3549,48.38416,-89.2722299,46,2434
3549,48.38416,-89.2728199,47,2482
3549,48.38422,-89.27315,48,2506
3549,48.38419,-89.27327,49,2517
3549,48.3841699,-89.27344,50,2529
3549,48.3841699,-89.2748599,51,2637
3549,48.38416,-89.2763099,52,2739
3549,48.38419,-89.27712,53,2794
3549,48.38418,-89.27715,54,2801
3549,48.38418,-89.27845,55,2898
3549,48.3842399,-89.27856,56,2907
3549,48.3842999,-89.27859,57,2914
3549,48.38468,-89.2785,58,2952
3549,48.3846899,-89.2785299,59,2958
3549,48.38553,-89.2785299,60,3059
3549,48.3865399,-89.2785399,61,3165
3549,48.38704,-89.27852,62,3208
3549,48.38705,-89.27849,63,3218
3549,48.3879399,-89.27856,64,3321
3549,48.38891,-89.27856,65,3428
3549,48.38984,-89.27858,66,3530
3549,48.39,-89.27859,67,3543
3549,48.39006,-89.27861,68,3551
3549,48.3901099,-89.27866,69,3558
3549,48.3902,-89.27957,70,3625
3549,48.3901499,-89.2797,71,3631
3549,48.3901399,-89.2797799,72,3638
3549,48.39013,-89.28118,73,3746
3549,48.39019,-89.28214,74,3814
3549,48.3901399,-89.28227,75,3825
3549,48.39012,-89.2835599,76,3926
3549,48.39012,-89.2839799,77,3951
3549,48.39013,-89.2853899,78,4062
3549,48.39019,-89.28669,79,4150
3549,48.3901499,-89.2868,80,4156
3549,48.39013,-89.28692,81,4171
3549,48.39012,-89.28823,82,4271
3549,48.39013,-89.28971,83,4378
3549,48.39019,-89.29043,84,4422
3549,48.3901399,-89.2905,85,4431
3549,48.39013,-89.29182,86,4532
3549,48.39009,-89.29315,87,4636
3549,48.38994,-89.29394,88,4687
3549,48.38977,-89.29484,89,4761
3549,48.38984,-89.29533,90,4797
3549,48.3898,-89.2956999,91,4804
3549,48.3900199,-89.2970199,92,4910
3549,48.39022,-89.2981699,93,4988
3549,48.3902399,-89.29822,94,4994
3549,48.39033,-89.29828,95,5002
3549,48.39091,-89.29803,96,5084
3549,48.39209,-89.2977399,97,5187
3549,48.39222,-89.29769,98,5205
3549,48.39233,-89.2976,99,5219
3549,48.39242,-89.29743,100,5237
3549,48.39252,-89.29698,101,5296
3549,48.39256,-89.29691,102,5302
3549,48.3925699,-89.29681,103,5312
3549,48.39286,-89.29559,104,5413
3549,48.3930999,-89.2946499,105,5486
3549,48.39384,-89.29312,106,5624
3549,48.39391,-89.29289,107,5646
3549,48.3939,-89.29205,108,5701
3549,48.39393,-89.2907799,109,5802
3549,48.39393,-89.29024,110,5833
3549,48.3939199,-89.2896599,111,5872
3549,48.39391,-89.28962,112,5878
3549,48.39388,-89.28899,113,5929
3549,48.3939,-89.28896,114,5936
3549,48.39393,-89.28715,115,6076
3549,48.39394,-89.28568,116,6182
3549,48.39391,-89.28485,117,6234
3549,48.3939199,-89.28482,118,6241
3549,48.39397,-89.28347,119,6346
3549,48.3940499,-89.28286,120,6392
3549,48.39433,-89.2817799,121,6475
3549,48.3943799,-89.2816599,122,6487
3549,48.39462,-89.28063,123,6557
3549,48.3946699,-89.28036,124,6581
3549,48.3946699,-89.2796899,125,6631
3549,48.39452,-89.2789299,126,6693
3549,48.3942099,-89.27816,127,6754
3549,48.3941199,-89.27805,128,6767
3549,48.39401,-89.2779799,129,6777
3549,48.39397,-89.2779399,130,6784
3549,48.39393,-89.2778799,131,6792
3549,48.3938899,-89.27773,132,6804
3549,48.39391,-89.27764,133,6812
3549,48.3939799,-89.2774799,134,6824
3549,48.39452,-89.2772499,135,6890
3549,48.3952999,-89.27649,136,6995
3549,48.39609,-89.27567,137,7090
3549,48.39705,-89.27484,138,7220
3549,48.3979199,-89.27451,139,7321
3549,48.39871,-89.27443,140,7405
3549,48.3987499,-89.2744699,141,7412
3549,48.3988499,-89.2744699,142,7424
3549,48.39892,-89.27449,143,7435
3549,48.3998299,-89.27449,144,7544
3549,48.4009099,-89.27449,145,7658
3549,48.4012999,-89.27448,146,7698
3549,48.4014099,-89.27438,147,7710
3549,48.4014399,-89.27428,148,7719
3549,48.40143,-89.27285,149,7822
3549,48.40146,-89.27176,150,7906
3549,48.40162,-89.2711499,151,7951
3549,48.40182,-89.27081,152,7983
3549,48.4023,-89.2703599,153,8046
3549,48.4023499,-89.27028,154,8055
3549,48.40248,-89.26989,155,8087
3549,48.40256,-89.26973,156,8099
3549,48.4026,-89.26968,157,8107
3549,48.40297,-89.26967,158,8136
3550,48.40297,-89.26967,0,0
3550,48.4029199,-89.26965,1,13
3550,48.4029799,-89.26969,2,23
3550,48.403,-89.2697699,3,30
3550,48.403,-89.26992,4,39
3550,48.4029799,-89.27001,5,45
3550,48.40297,-89.2701999,6,59
3550,48.40294,-89.2702599,7,65
3550,48.40284,-89.2702999,8,78
3550,48.4027199,-89.2702999,9,93
3550,48.40227,-89.27044,10,140
3550,48.4020599,-89.2706,11,167
3550,48.4017299,-89.2710499,12,215
3550,48.4016699,-89.2711,13,224
3550,48.40158,-89.2710899,14,232
3550,48.4015399,-89.27107,15,238
3550,48.4013699,-89.27084,16,264
3550,48.4008799,-89.27055,17,319
3550,48.4008399,-89.2704599,18,328
3550,48.4008199,-89.2702999,19,338
3550,48.4008199,-89.27014,20,352
3550,48.40056,-89.2688,21,458
3550,48.40051,-89.26867,22,468
3550,48.4004799,-89.26864,23,474
3550,48.4003199,-89.26861,24,491
3550,48.39994,-89.26883,25,530
3550,48.39988,-89.2687899,26,537
3550,48.39922,-89.26884,27,608
3550,48.3991699,-89.26894,28,617
3550,48.39916,-89.2690199,29,624
3550,48.3991699,-89.2703599,30,725
3550,48.3991699,-89.27179,31,835
3550,48.39918,-89.27324,32,936
3550,48.3992099,-89.27442,33,1020
3550,48.39916,-89.27458,34,1032
3550,48.3991099,-89.27464,35,1041
3550,48.3989699,-89.2746899,36,1057
3550,48.39863,-89.2747,37,1091
3550,48.3985199,-89.2746599,38,1101
3550,48.3979899,-89.2746299,39,1163
3550,48.39718,-89.2748899,40,1259
3550,48.39658,-89.27548,41,1334
3550,48.3965,-89.27547,42,1340
3550,48.3964799,-89.2755,43,1346
3550,48.3957299,-89.2762399,44,1449
3550,48.39495,-89.27702,45,1550
3550,48.39492,-89.2771,46,1557
3550,48.3944099,-89.2774899,47,1620
3550,48.3943099,-89.2776499,48,1635
3550,48.3942799,-89.2777499,49,1645
3550,48.39427,-89.27787,50,1656
3550,48.3943,-89.27812,51,1673
3550,48.3946799,-89.27937,52,1773
3550,48.39473,-89.28046,53,1848
3550,48.39472,-89.2804699,54,1855
3550,48.39472,-89.28052,55,1862
3550,48.39466,-89.2806999,56,1875
3550,48.39465,-89.2807999,57,1885
3550,48.3943,-89.28204,58,1986
3550,48.394,-89.28344,59,2092
3550,48.3939499,-89.28486,60,2196
3550,48.39403,-89.28585,61,2270
3550,48.39401,-89.28587,62,2279
3550,48.39397,-89.2871999,63,2383
3550,48.39396,-89.28879,64,2494
3550,48.39404,-89.28913,65,2516
3550,48.394,-89.2892099,66,2522
3550,48.39396,-89.28948,67,2549
3550,48.3938199,-89.28959,68,2562
3550,48.39282,-89.28959,69,2673
3550,48.39261,-89.28967,70,2693
3550,48.3925399,-89.28961,71,2704
3550,48.3915,-89.28955,72,2827
3550,48.3904799,-89.2895299,73,2936
3550,48.39016,-89.28951,74,2967
3550,48.3901,-89.2894299,75,2974
3550,48.39007,-89.28931,76,2984
3550,48.39004,-89.2888,77,3019
3550,48.39009,-89.28856,78,3038
3550,48.3901,-89.28715,79,3145
3550,48.39006,-89.28652,80,3189
3550,48.3901,-89.28623,81,3217
3550,48.39009,-89.28486,82,3320
3550,48.3901,-89.2845699,83,3331
3550,48.39005,-89.2832,84,3429
3550,48.39007,-89.2818,85,3541
3550,48.39007,-89.28135,86,3567
3550,48.39006,-89.27926,87,3721
3550,48.39006,-89.2790599,88,3735
3550,48.39007,-89.27898,89,3743
3550,48.39007,-89.27875,90,3760
3550,48.39003,-89.2786699,91,3768
3550,48.3889899,-89.2786699,92,3881
3550,48.38852,-89.27874,93,3931
3550,48.38842,-89.27866,94,3940
3550,48.38741,-89.2786699,95,4058
3550,48.3864399,-89.27866,96,4163
3550,48.38537,-89.2787,97,4276
3550,48.38533,-89.2786699,98,4284
3550,48.3852599,-89.2786399,99,4294
3550,48.38431,-89.27861,100,4399
3550,48.38419,-89.2785999,101,4406
3550,48.3841399,-89.27856,102,4417
3550,48.38409,-89.2784099,103,4430
3550,48.38405,-89.27754,104,4487
3550,48.38409,-89.27733,105,4510
3550,48.3841099,-89.27599,106,4611
3550,48.3841099,-89.2743999,107,4725
3550,48.3841099,-89.27301,108,4831
3550,48.38412,-89.2727299,109,4848
3550,48.38407,-89.27232,110,4876
3550,48.38412,-89.27193,111,4910
3550,48.3840999,-89.27047,112,5016
3550,48.38405,-89.26998,113,5047
3550,48.38409,-89.26976,114,5058
3550,48.3840999,-89.2683299,115,5163
3550,48.38412,-89.2668199,116,5279
3550,48.38406,-89.26556,117,5373
3550,48.38409,-89.2654399,118,5380
3550,48.3840999,-89.2640599,119,5485
3550,48.3840999,-89.26329,120,5542
3550,48.3841099,-89.2632399,121,5549
3550,48.38405,-89.26149,122,5668
3550,48.3841099,-89.2596599,123,5806
3550,48.38404,-89.25864,124,5874
3550,48.38406,-89.2586399,125,5883
3550,48.38408,-89.25857,126,5890
3550,48.38409,-89.2579599,127,5935
3550,48.3841099,-89.25783,128,5948
3550,48.38409,-89.25698,129,6006
3550,48.38412,-89.2568699,130,6015
3550,48.3841099,-89.2552599,131,6140
3550,48.3841,-89.25417,132,6215
3550,48.38408,-89.2541,133,6221
3550,48.3841099,-89.25272,134,6329
3550,48.3840999,-89.25233,135,6355
3550,48.38408,-89.2514,136,6420
3550,48.38406,-89.25128,137,6428
3550,48.3840399,-89.2512299,138,6434
3550,48.384,-89.2511899,139,6440
3550,48.3838699,-89.2511599,140,6454
3550,48.38359,-89.25119,141,6477
3550,48.38255,-89.25108,142,6594
3550,48.38249,-89.25101,143,6603
3550,48.3824699,-89.25094,144,6610
3550,48.38245,-89.2507599,145,6625
3550,48.3824699,-89.24905,146,6749
3550,48.38244,-89.24854,147,6792
3550,48.3824599,-89.24838,148,6799
3550,48.38247,-89.24602,149,6924
3553,48.38247,-89.24602,0,0
3553,48.38192,-89.2455199,1,11
3553,48.38103,-89.2455099,2,110
3553,48.38091,-89.24557,3,130
3553,48.38088,-89.2456499,4,136
3553,48.38087,-89.24572,5,143
3553,48.3808599,-89.24644,6,189
3553,48.38091,-89.2465999,7,200
3553,48.3809899,-89.24664,8,208
3553,48.3820699,-89.2465999,9,328
3553,48.38232,-89.24659,10,355
3553,48.38245,-89.24662,11,368
3553,48.38251,-89.24677,12,383
3553,48.38249,-89.24825,13,493
3553,48.38256,-89.24942,14,575
3553,48.3825299,-89.2495499,15,585
3553,48.38248,-89.25114,16,706
3553,48.38256,-89.25182,17,747
3553,48.38254,-89.25184,18,755
3553,48.38248,-89.2544699,19,952
3553,48.38248,-89.25591,20,1053
3553,48.38249,-89.2565099,21,1099
3553,48.3824599,-89.2566099,22,1108
3553,48.3823999,-89.2566799,23,1117
3553,48.38123,-89.25678,24,1253
3553,48.38094,-89.25669,25,1266
3553,48.38008,-89.2566799,26,1367
3553,48.3791199,-89.2566699,27,1467
3553,48.3782899,-89.2566699,28,1567
3553,48.37781,-89.25672,29,1636
3553,48.37671,-89.25666,30,1738
3553,48.37615,-89.25672,31,1811
3553,48.37484,-89.25666,32,1929
3553,48.37441,-89.2566699,33,1970
3553,48.37437,-89.25675,34,1980
3553,48.37434,-89.25685,35,1986
3553,48.37441,-89.25764,36,2065
3553,48.3743899,-89.25767,37,2073
3553,48.3743499,-89.2590699,38,2177
3553,48.37434,-89.25938,39,2196
3553,48.37441,-89.25984,40,2232
3553,48.3743599,-89.2601,41,2243
3553,48.3743299,-89.2613699,42,2341
3553,48.37428,-89.2614299,43,2348
3553,48.37333,-89.26146,44,2461
3553,48.37237,-89.26145,45,2563
3553,48.37181,-89.26151,46,2624
3553,48.3708499,-89.26146,47,2732
3553,48.3699299,-89.2614399,48,2841
3553,48.3695999,-89.26145,49,2870
3553,48.36875,-89.26153,50,2974
3553,48.36843,-89.26145,51,2982
3553,48.36836,-89.26155,52,2990
3553,48.3683499,-89.26162,53,2996
3553,48.36837,-89.2630099,54,3104
3553,48.36842,-89.26436,55,3214
3553,48.36839,-89.26443,56,3222
3553,48.3683499,-89.26598,57,3341
3553,48.36836,-89.26729,58,3446
3553,48.3684,-89.26763,59,3484
3553,48.3684099,-89.26766,60,3491
3553,48.36837,-89.2694,61,3616
3553,48.3683799,-89.26963,62,3638
3553,48.36837,-89.2697399,63,3646
3553,48.36842,-89.26991,64,3668
3553,48.36836,-89.27024,65,3675
3553,48.3683499,-89.2715799,66,3773
3553,48.36836,-89.27275,67,3855
3553,48.36833,-89.2728199,68,3861
3553,48.3683,-89.2728599,69,3868
3553,48.36803,-89.27294,70,3917
3553,48.3679899,-89.27291,71,3925
3553,48.3670399,-89.27288,72,4035
3553,48.36606,-89.27287,73,4141
3553,48.3659499,-89.27288,74,4148
3553,48.36565,-89.27293,75,4175
3553,48.36515,-89.2728899,76,4209
3553,48.36509,-89.27298,77,4219
3553,48.3650999,-89.2736099,78,4271
3553,48.36515,-89.27391,79,4308
3553,48.36509,-89.2743999,80,4344
3553,48.36516,-89.27557,81,4445
3553,48.36511,-89.2758,82,4458
3553,48.36509,-89.27723,83,4570
3553,48.36516,-89.27816,84,4631
3553,48.36512,-89.2782999,85,4643
3553,48.3650999,-89.2801099,86,4779
3553,48.3650999,-89.28135,87,4867
3553,48.36512,-89.28147,88,4875
3553,48.36512,-89.2818,89,4899
3553,48.36516,-89.28197,90,4926
3553,48.3650999,-89.2823099,91,4942
3553,48.36515,-89.28366,92,5046
3553,48.36511,-89.2855899,93,5173
3553,48.36516,-89.28573,94,5198
3553,48.3651299,-89.28577,95,5204
3553,48.36509,-89.28709,96,5305
3553,48.36515,-89.28841,97,5402
3553,48.3650999,-89.28879,98,5427
3553,48.36511,-89.28886,99,5435
3553,48.3650999,-89.2895599,100,5490
3553,48.3650699,-89.2895999,101,5498
3553,48.3649699,-89.2896599,102,5505
3553,48.36423,-89.28956,103,5604
3553,48.36335,-89.28952,104,5704
3553,48.3623399,-89.28952,105,5813
3553,48.3620499,-89.28951,106,5840
3553,48.36112,-89.28952,107,5949
3553,48.3601499,-89.2894999,108,6050
3553,48.3596199,-89.28955,109,6114
3553,48.35908,-89.2898599,110,6183
3553,48.3586299,-89.2904499,111,6245
3553,48.35846,-89.29108,112,6308
3553,48.3582699,-89.29136,113,6315
3553,48.3578499,-89.2925199,114,6411
3553,48.35737,-89.29382,115,6527
3553,48.35711,-89.29479,116,6616
3553,48.35695,-89.29507,117,6632
3553,48.3568999,-89.29543,118,6656
3553,48.3568899,-89.2963599,119,6721
3553,48.35698,-89.2971,120,6793
3553,48.3568999,-89.29742,121,6801
3553,48.35691,-89.2987899,122,6907
3553,48.35691,-89.30002,123,6992
3553,48.35697,-89.30087,124,7077
3553,48.3569199,-89.3012799,125,7086
3553,48.3569199,-89.30268,126,7189
3553,48.3569299,-89.30402,127,7291
3553,48.3569299,-89.3055,128,7394
3553,48.35694,-89.3059,129,7421
3553,48.35698,-89.30602,130,7432
3553,48.35708,-89.3060799,131,7444
3553,48.35715,-89.30594,132,7467
3553,48.35744,-89.30605,133,7473
3553,48.3591899,-89.30603,134,7666
3553,48.36012,-89.30605,135,7769
3553,48.3602099,-89.30616,136,7782
3553,48.36023,-89.3063099,137,7792
3553,48.3602099,-89.3069999,138,7838
3553,48.36002,-89.3083,139,7938
3553,48.35983,-89.30948,140,8033
3553,48.3593899,-89.31184,141,8214
3553,48.3590899,-89.31269,142,8286
3553,48.35865,-89.3134299,143,8362
3553,48.35825,-89.31384,144,8411
3553,48.3578399,-89.31411,145,8464
3553,48.35546,-89.31429,146,8730
3553,48.35468,-89.31429,147,8811
3553,48.35375,-89.3143,148,8913
3553,48.35306,-89.3143499,149,8994
3553,48.35291,-89.3144399,150,9007
3553,48.3528299,-89.31453,151,9019
3553,48.35278,-89.3147,152,9032
3553,48.35278,-89.31485,153,9045
3553,48.35352,-89.31876,154,9365
3553,48.3535099,-89.3187499,155,9371
3553,48.35372,-89.3202599,156,9492
3553,48.35385,-89.32136,157,9565
3553,48.35392,-89.3226899,158,9665
3553,48.35395,-89.32402,159,9762
3553,48.35405,-89.32469,160,9834
3553,48.3540999,-89.3268899,161,9969
3553,48.3542,-89.32822,162,10094
3553,48.3541699,-89.3285899,163,10103
3553,48.3542399,-89.33006,164,10214
3553,48.3543,-89.33036,165,10242
3553,48.3542699,-89.33072,166,10256
3553,48.3543399,-89.33222,167,10367
3553,48.35442,-89.33302,168,10445
3553,48.3544699,-89.33468,169,10552
3553,48.35472,-89.33603,170,10648
3553,48.35507,-89.3375499,171,10772
3553,48.3551,-89.33765,172,10799
3553,48.3551199,-89.3377,173,10808
3553,48.35513,-89.33783,174,10820
3553,48.3554499,-89.3392299,175,10937
3553,48.35576,-89.3406099,176,11037
3553,48.35593,-89.34124,177,11102
3553,48.35623,-89.3427399,178,11205
3553,48.35656,-89.34397,179,11324
3553,48.35685,-89.3455299,180,11427
3553,48.3569899,-89.3462,181,11488
3553,48.357,-89.3476299,182,11589
3553,48.35695,-89.349,183,11697
3553,48.35697,-89.3493,184,11735
3553,48.35695,-89.35089,185,11835
3553,48.3569199,-89.35097,186,11843
3553,48.35688,-89.35103,187,11850
3553,48.35655,-89.3510799,188,11886
3553,48.35641,-89.35116,189,11901
3553,48.35596,-89.3516699,190,11965
3553,48.3556499,-89.3517699,191,12003
3553,48.3554799,-89.3517699,192,12014
3553,48.3551599,-89.35163,193,12058
3553,48.35501,-89.3514999,194,12075
3553,48.35449,-89.3507199,195,12157
3553,48.3541699,-89.3505499,196,12195
3553,48.35385,-89.35054,197,12232
3553,48.35353,-89.3506799,198,12269
3553,48.3533799,-89.3508099,199,12285
3553,48.35311,-89.35125,200,12327
3553,48.35303,-89.35158,201,12352
3553,48.3529899,-89.35329,202,12480
3553,48.35294,-89.3534799,203,12494
3553,48.35281,-89.35373,204,12518
3553,48.3526199,-89.35389,205,12541
3553,48.35255,-89.35392,206,12551
3553,48.35114,-89.35398,207,12708
3553,48.3508199,-89.35409,208,12741
3553,48.3499999,-89.35464,209,12841
3553,48.34906,-89.3555799,210,12973
3553,48.34857,-89.35588,211,13028
3553,48.34792,-89.3559999,212,13104
3553,48.34779,-89.3559699,213,13113
3553,48.34765,-89.35589,214,13131
3553,48.34749,-89.35573,215,13156
3553,48.34739,-89.3555,216,13177
3553,48.34733,-89.35497,217,13215
3553,48.3472099,-89.3546299,218,13242
3553,48.3472099,-89.35455,219,13248
3553,48.34723,-89.35441,220,13256
3553,48.34725,-89.35435,221,13262
3553,48.3472799,-89.3542899,222,13268
3553,48.34735,-89.3542299,223,13276
3553,48.34731,-89.35428,224,13301
3553,48.3474399,-89.3545899,225,13307
3553,48.34736,-89.3550199,226,13341
3553,48.3473799,-89.3553499,227,13365
3553,48.34748,-89.35565,228,13390
3553,48.3475999,-89.35582,229,13410
3553,48.3477299,-89.35592,230,13426
3553,48.3478999,-89.35598,231,13442
3553,48.34858,-89.3558399,232,13520
3553,48.3491499,-89.3554499,233,13584
3553,48.34996,-89.35461,234,13695
3553,48.35078,-89.35402,235,13800
3553,48.35229,-89.35386,236,13967
3553,48.35258,-89.3538699,237,14001
3553,48.3527299,-89.35378,238,14016
3553,48.3528499,-89.3536099,239,14032
3553,48.3529,-89.3535,240,14043
3553,48.3529599,-89.35329,241,14058
3553,48.35297,-89.35182,242,14167
3553,48.3530199,-89.3514399,243,14196
3553,48.3531499,-89.3511099,244,14226
3553,48.3534,-89.35074,245,14266
3553,48.3536399,-89.3505599,246,14295
3553,48.3538099,-89.3504899,247,14312
3553,48.3540699,-89.35048,248,14339
3553,48.3543999,-89.3506,249,14378
3553,48.35461,-89.3508,250,14405
3553,48.3549299,-89.3513799,251,14460
3553,48.35511,-89.35158,252,14489
3553,48.35527,-89.35169,253,14512
3553,48.3556399,-89.35172,254,14546
3553,48.356,-89.35159,255,14586
3553,48.35641,-89.35112,256,14643
3553,48.3565599,-89.35103,257,14659
3553,48.3568299,-89.3510099,258,14686
3553,48.3569299,-89.35103,259,14699
3553,48.35698,-89.35113,260,14709
3553,48.357,-89.35122,261,14718
3553,48.35703,-89.35161,262,14766
3553,48.3570199,-89.35199,263,14781
3553,48.3571599,-89.3534799,264,14891
3553,48.35727,-89.35478,265,14991
3553,48.35733,-89.35497,266,15016
3553,48.35744,-89.35671,267,15121
3553,48.35755,-89.35741,268,15205
3553,48.35753,-89.35785,269,15216
3553,48.3576499,-89.35923,270,15320
3553,48.35777,-89.36064,271,15423
3553,48.35786,-89.36105,272,15480
3553,48.3579399,-89.36281,273,15587
3553,48.3580799,-89.3643,274,15703
3553,48.35819,-89.3657899,275,15810
3553,48.35828,-89.36584,276,15843
3553,48.35825,-89.36629,277,15861
3553,48.3583699,-89.3676899,278,15966
3553,48.35849,-89.3690999,279,16073
3553,48.35862,-89.3705,280,16173
3553,48.35879,-89.37172,281,16280
3553,48.35888,-89.3733999,282,16385
3553,48.35901,-89.37483,283,16483
3553,48.35914,-89.37623,284,16600
3553,48.35924,-89.37743,285,16680
3553,48.35938,-89.3788799,286,16796
3553,48.3595199,-89.3803199,287,16895
3553,48.35966,-89.38176,288,17012
3553,48.35988,-89.38305,289,17111
3553,48.3598099,-89.38342,290,17129
3553,48.3599499,-89.3850499,291,17245
3553,48.36007,-89.38641,292,17349
3553,48.3602,-89.38783,293,17450
3553,48.36026,-89.38841,294,17489
3553,48.3602699,-89.38845,295,17495
3553,48.3603,-89.38851,296,17502
3553,48.36042,-89.38859,297,17515
3553,48.36049,-89.38861,298,17525
3553,48.36137,-89.38858,299,17625
3553,48.36234,-89.38849,300,17756
3553,48.3625,-89.3882399,301,17766
3553,48.3624699,-89.3868899,302,17859
3553,48.3624699,-89.3853799,303,17975
3553,48.3624699,-89.3852099,304,17982
3553,48.3624699,-89.3837699,305,18092
3553,48.3624799,-89.3824599,306,18192
3553,48.36242,-89.38168,307,18259
3553,48.3624699,-89.3812799,308,18275
3553,48.36246,-89.37969,309,18387
3553,48.36246,-89.37828,310,18492
3553,48.36241,-89.37736,311,18578
3553,48.3624699,-89.37692,312,18595
3553,48.3624699,-89.37542,313,18703
3553,48.3624699,-89.3739299,314,18818
3553,48.36245,-89.3724799,315,18920
3553,48.36244,-89.3725,316,18941
3553,48.36246,-89.37069,317,19047
3553,48.36246,-89.36938,318,19147
3553,48.36242,-89.36828,319,19246
3553,48.36245,-89.3667299,320,19348
3553,48.36245,-89.3652299,321,19458
3553,48.36245,-89.36472,322,19488
3553,48.3624399,-89.36328,323,19599
3553,48.36243,-89.36187,324,19704
3553,48.36242,-89.36128,325,19766
3553,48.3624399,-89.3596499,326,19868
3553,48.36245,-89.35821,327,19979
3553,48.3624399,-89.35677,328,20082
3553,48.3624399,-89.3553,329,20194
3553,48.36245,-89.3538699,330,20295
3553,48.36248,-89.35291,331,20365
3553,48.36245,-89.3507199,332,20509
3553,48.3624399,-89.3491699,333,20622
3553,48.36246,-89.3477899,334,20727
3553,48.36246,-89.3463,335,20835
3553,48.3624699,-89.346,336,20855
3553,48.36249,-89.3459299,337,20861
3553,48.36259,-89.3458599,338,20872
3553,48.3628,-89.34583,339,20912
3553,48.3644099,-89.3458899,340,21066
3553,48.3657199,-89.3458899,341,21211
3553,48.36706,-89.34588,342,21363
3553,48.3680899,-89.34584,343,21472
3553,48.36827,-89.3458899,344,21491
3553,48.3683199,-89.3459199,345,21500
3553,48.3684,-89.34608,346,21515
3553,48.3684199,-89.3480899,347,21660
3553,48.36839,-89.34833,348,21677
3553,48.3683499,-89.3484,349,21684
3553,48.36824,-89.3484899,350,21696
3553,48.36692,-89.3484499,351,21845
3553,48.36561,-89.34846,352,21992
3553,48.3653999,-89.34846,353,22013
3553,48.36532,-89.3484899,354,22027
3553,48.36394,-89.34847,355,22178
3553,48.36264,-89.34853,356,22347
3553,48.36246,-89.3488099,357,22357
3553,48.3624699,-89.35043,358,22480
3553,48.3624699,-89.35179,359,22582
3553,48.36251,-89.35252,360,22647
3553,48.3624799,-89.3541999,361,22752
3553,48.3624699,-89.3557,362,22865
3553,48.3624699,-89.35716,363,22971
3553,48.3624799,-89.35829,364,23049
3553,48.36246,-89.3596,365,23156
3553,48.36245,-89.36077,366,23236
3553,48.3624699,-89.36095,367,23247
3553,48.3625099,-89.36101,368,23253
3553,48.36256,-89.3610299,369,23259
3553,48.36355,-89.36097,370,23384
3553,48.3647399,-89.3609899,371,23485
3553,48.36565,-89.36098,372,23588
3553,48.36657,-89.36096,373,23717
3553,48.36768,-89.3609599,374,23822
3553,48.3686099,-89.3609599,375,23928
3553,48.36962,-89.36097,376,24034
3553,48.3706199,-89.36098,377,24146
3553,48.37154,-89.36093,378,24262
3553,48.3726,-89.36097,379,24364
3553,48.37352,-89.36098,380,24467
3553,48.37447,-89.3609,381,24580
3553,48.37477,-89.36098,382,24596
3553,48.37575,-89.3609599,383,24707
3553,48.37683,-89.3609599,384,24821
3553,48.37764,-89.36089,385,24933
3553,48.37881,-89.3609599,386,25047
3553,48.37978,-89.3609599,387,25151
3553,48.38038,-89.36089,388,25242
3553,48.3804599,-89.36095,389,25254
3553,48.3804899,-89.36094,390,25261
3553,48.3807,-89.36095,391,25286
3553,48.3808499,-89.36091,392,25300
3553,48.3809199,-89.3608599,393,25310
3553,48.3810199,-89.3606699,394,25327
3553,48.38121,-89.35939,395,25431
3553,48.3814,-89.35783,396,25549
3553,48.3815499,-89.3564599,397,25635
3553,48.38173,-89.3548199,398,25772
3553,48.38173,-89.35342,399,25881
3553,48.38166,-89.3528799,400,25905
3553,48.38133,-89.35145,401,26022
3553,48.38103,-89.35039,402,26098
3553,48.3808499,-89.3489,403,26208
3553,48.3808199,-89.3472099,404,26332
3553,48.3808199,-89.34613,405,26401
3553,48.3808199,-89.34456,406,26528
3553,48.38083,-89.34302,407,26642
3553,48.38078,-89.34208,408,26709
3553,48.38084,-89.34174,409,26729
3553,48.38083,-89.34033,410,26833
3553,48.38083,-89.33914,411,26917
3553,48.38081,-89.33806,412,27010
3553,48.3808199,-89.3365699,413,27113
3553,48.3808199,-89.33501,414,27226
3553,48.38079,-89.33498,415,27249
3553,48.38081,-89.33334,416,27356
3553,48.3807899,-89.33186,417,27455
3553,48.38075,-89.33131,418,27520
3553,48.3808,-89.32972,419,27626
3553,48.38081,-89.32845,420,27705
3553,48.38083,-89.3269499,421,27825
3553,48.38083,-89.32553,422,27931
3553,48.38084,-89.3241299,423,28035
3553,48.38083,-89.32267,424,28141
3553,48.38079,-89.3221,425,28196
3553,48.38083,-89.3204799,426,28300
3553,48.38084,-89.31899,427,28411
3553,48.38084,-89.31761,428,28514
3553,48.38083,-89.3162499,429,28617
3553,48.3808,-89.31557,430,28672
3553,48.3807899,-89.3139,431,28776
3553,48.38077,-89.31249,432,28886
3553,48.38077,-89.3123099,433,28894
3553,48.3807599,-89.31079,434,29004
3553,48.3807599,-89.3104399,435,29032
3553,48.38077,-89.31036,436,29039
3553,48.3807599,-89.30876,437,29157
3553,48.38074,-89.30845,438,29179
3553,48.38077,-89.3083799,439,29190
3553,48.38078,-89.3068899,440,29302
3553,48.38078,-89.3052899,441,29412
3553,48.38074,-89.30479,442,29440
3553,48.38074,-89.30321,443,29540
3553,48.3807299,-89.3018799,444,29640
3553,48.38074,-89.30048,445,29742
3553,48.3807599,-89.29901,446,29855
3553,48.3807599,-89.29752,447,29965
3553,48.38078,-89.29612,448,30084
3553,48.3807599,-89.2947,449,30192
3553,48.38077,-89.29319,450,30298
3553,48.38078,-89.2927,451,30329
3553,48.38078,-89.2925499,452,30340
3553,48.38077,-89.29247,453,30348
3553,48.38077,-89.29112,454,30449
3553,48.38077,-89.2897599,455,30543
3553,48.3807599,-89.2896899,456,30549
3553,48.38068,-89.28962,457,30559
3553,48.38014,-89.28961,458,30614
3553,48.3792,-89.2895999,459,30727
3553,48.37826,-89.28961,460,30822
3553,48.3772,-89.2895999,461,30922
3553,48.3764,-89.2896,462,31038
3553,48.37637,-89.28962,463,31044
3553,48.37543,-89.28958,464,31154
3553,48.37569,-89.28967,465,31207
3553,48.3737299,-89.28958,466,31308
3553,48.37279,-89.28968,467,31411
3553,48.37265,-89.28969,468,31439
3553,48.3715699,-89.2897299,469,31544
3553,48.3705799,-89.28971,470,31655
3553,48.3695999,-89.28971,471,31765
3553,48.3695299,-89.28971,472,31774
3553,48.3694699,-89.28968,473,31781
3553,48.36939,-89.2895299,474,31793
3553,48.36939,-89.2881,475,31922
3553,48.36939,-89.28803,476,31930
3553,48.3693999,-89.28797,477,31936
3553,48.3693999,-89.2866499,478,32037
3553,48.36939,-89.28547,479,32143
3553,48.36941,-89.2853599,480,32153
3553,48.36942,-89.2840499,481,32256
3553,48.36942,-89.2835899,482,32282
3553,48.36939,-89.28187,483,32433
3553,48.3692999,-89.2815199,484,32443
3553,48.36919,-89.2815599,485,32454
3553,48.3674899,-89.28157,486,32641
3553,48.36741,-89.28161,487,32676
3553,48.3673699,-89.28163,488,32685
3553,48.36646,-89.28157,489,32789
3553,48.36594,-89.2816,490,32840
3553,48.36583,-89.28163,491,32851
3553,48.36552,-89.28157,492,32887
3553,48.36511,-89.2816199,493,32926
3553,48.36509,-89.28167,494,32933
3553,48.36509,-89.28181,495,32942
3553,48.36516,-89.28197,496,32966
3554,48.38247,-89.24602,0,0
3554,48.38192,-89.2455199,1,11
3554,48.38103,-89.2455099,2,110
3554,48.38091,-89.24557,3,130
3554,48.38088,-89.2456499,4,136
3554,48.38087,-89.24572,5,143
3554,48.3808599,-89.24644,6,189
3554,48.38091,-89.2465999,7,200
3554,48.3809899,-89.24664,8,208
3554,48.3820699,-89.2465999,9,328
3554,48.38232,-89.24659,10,355
3554,48.38245,-89.24662,11,368
3554,48.38251,-89.24677,12,383
3554,48.38249,-89.24825,13,493
3554,48.38256,-89.24942,14,575
3554,48.3825299,-89.2495499,15,585
3554,48.38248,-89.25114,16,706
3554,48.38256,-89.25182,17,747
3554,48.38251,-89.2518799,18,753
3554,48.3824999,-89.2535599,19,878
3554,48.38251,-89.2566099,20,1107
3554,48.38245,-89.2567,21,1115
3554,48.38239,-89.25673,22,1122
3554,48.38028,-89.2566799,23,1364
3554,48.3789499,-89.25666,24,1516
3554,48.37749,-89.2566699,25,1672
3554,48.3759999,-89.25665,26,1839
3554,48.3745499,-89.25665,27,1995
3554,48.3744,-89.2566799,28,2009
3554,48.3743499,-89.25678,29,2018
3554,48.37434,-89.25686,30,2026
3554,48.37441,-89.25984,31,2259
3554,48.3743599,-89.2601,32,2270
3554,48.3743299,-89.2613699,33,2368
3554,48.37428,-89.2614299,34,2375
3554,48.37333,-89.26146,35,2488
3554,48.37237,-89.26145,36,2590
3554,48.37181,-89.26151,37,2651
3554,48.3708499,-89.26146,38,2759
3554,48.3699299,-89.2614399,39,2868
3554,48.3695999,-89.26145,40,2897
3554,48.36875,-89.26153,41,3001
3554,48.36843,-89.26145,42,3009
3554,48.36836,-89.26155,43,3017
3554,48.3683499,-89.26162,44,3023
3554,48.36837,-89.2630099,45,3131
3554,48.36842,-89.26436,46,3241
3554,48.36839,-89.26443,47,3249
3554,48.3683499,-89.26598,48,3368
3554,48.36836,-89.26729,49,3473
3554,48.3684,-89.26763,50,3511
3554,48.3684099,-89.26766,51,3518
3554,48.36837,-89.2694,52,3643
3554,48.3683799,-89.26963,53,3665
3554,48.36837,-89.2697399,54,3673
3554,48.36842,-89.26991,55,3695
3554,48.36836,-89.27024,56,3702
3554,48.3683499,-89.2715799,57,3800
3554,48.36836,-89.27275,58,3882
3554,48.36833,-89.2728199,59,3888
3554,48.3683,-89.2728599,60,3895
3554,48.36803,-89.27294,61,3944
3554,48.3679899,-89.27291,62,3952
3554,48.3670399,-89.27288,63,4062
3554,48.36606,-89.27287,64,4168
3554,48.3659499,-89.27288,65,4175
3554,48.36565,-89.27293,66,4202
3554,48.36515,-89.2728899,67,4236
3554,48.36509,-89.27298,68,4246
3554,48.3650999,-89.2736099,69,4298
3554,48.36515,-89.27391,70,4335
3554,48.36509,-89.2743999,71,4371
3554,48.36516,-89.27557,72,4472
3554,48.36511,-89.2758,73,4485
3554,48.36509,-89.27723,74,4597
3554,48.36516,-89.27816,75,4658
3554,48.36512,-89.2782999,76,4670
3554,48.3650999,-89.2801099,77,4806
3554,48.3650999,-89.28135,78,4894
3554,48.36512,-89.28147,79,4902
3554,48.36512,-89.2818,80,4926
3554,48.36516,-89.28197,81,4953
3554,48.3650999,-89.2823099,82,4969
3554,48.36515,-89.28366,83,5073
3554,48.36511,-89.2855899,84,5200
3554,48.36516,-89.28573,85,5225
3554,48.3651299,-89.28577,86,5231
3554,48.36509,-89.28709,87,5332
3554,48.36515,-89.28841,88,5429
3554,48.3650999,-89.28879,89,5454
3554,48.36511,-89.28886,90,5462
3554,48.3650999,-89.2895599,91,5517
3554,48.3650699,-89.2895999,92,5525
3554,48.3649699,-89.2896599,93,5532
3554,48.36423,-89.28956,94,5631
3554,48.36335,-89.28952,95,5731
3554,48.3623399,-89.28952,96,5840
3554,48.3620499,-89.28951,97,5867
3554,48.36112,-89.28952,98,5976
3554,48.3601499,-89.2894999,99,6077
3554,48.3596199,-89.28955,100,6141
3554,48.35908,-89.2898599,101,6210
3554,48.3586299,-89.2904499,102,6272
3554,48.35846,-89.29108,103,6335
3554,48.3582699,-89.29136,104,6342
3554,48.3578499,-89.2925199,105,6438
3554,48.35737,-89.29382,106,6554
3554,48.35711,-89.29479,107,6643
3554,48.35695,-89.29507,108,6659
3554,48.3568999,-89.29543,109,6683
3554,48.3568899,-89.2963599,110,6748
3554,48.35698,-89.2971,111,6820
3554,48.3568999,-89.29742,112,6828
3554,48.35691,-89.2987899,113,6934
3554,48.35691,-89.30002,114,7019
3554,48.35697,-89.30087,115,7104
3554,48.3569199,-89.3012799,116,7113
3554,48.3569199,-89.30268,117,7216
3554,48.3569299,-89.30402,118,7318
3554,48.3569299,-89.3055,119,7421
3554,48.35694,-89.3059,120,7448
3554,48.35698,-89.30602,121,7459
3554,48.35708,-89.3060799,122,7471
3554,48.35715,-89.30594,123,7494
3554,48.35744,-89.30605,124,7500
3554,48.3591899,-89.30603,125,7693
3554,48.36012,-89.30605,126,7796
3554,48.3602099,-89.30616,127,7809
3554,48.36023,-89.3063099,128,7819
3554,48.3602099,-89.3069999,129,7865
3554,48.36002,-89.3083,130,7965
3554,48.35983,-89.30948,131,8060
3554,48.3593899,-89.31184,132,8241
3554,48.3590899,-89.31269,133,8313
3554,48.35865,-89.3134299,134,8389
3554,48.35825,-89.31384,135,8438
3554,48.3578399,-89.31411,136,8491
3554,48.35546,-89.31429,137,8757
3554,48.35468,-89.31429,138,8838
3554,48.35375,-89.3143,139,8940
3554,48.35306,-89.3143499,140,9021
3554,48.35291,-89.3144399,141,9034
3554,48.3528299,-89.31453,142,9046
3554,48.35278,-89.3147,143,9059
3554,48.35278,-89.31485,144,9072
3554,48.35352,-89.31876,145,9392
3554,48.3535099,-89.3187499,146,9398
3554,48.35372,-89.3202599,147,9519
3554,48.35385,-89.32136,148,9592
3554,48.35392,-89.3226899,149,9692
3554,48.35395,-89.32402,150,9789
3554,48.35405,-89.32469,151,9861
3554,48.3540999,-89.3268899,152,9996
3554,48.3542,-89.32822,153,10121
3554,48.3541699,-89.3285899,154,10130
3554,48.3542399,-89.33006,155,10241
3554,48.3543,-89.33036,156,10269
3554,48.3542699,-89.33072,157,10283
3554,48.3543399,-89.33222,158,10394
3554,48.35442,-89.33302,159,10472
3554,48.3544699,-89.33468,160,10579
3554,48.35472,-89.33603,161,10675
3554,48.35507,-89.3375499,162,10799
3554,48.3551,-89.33765,163,10826
3554,48.3551199,-89.3377,164,10835
3554,48.35513,-89.33783,165,10847
3554,48.3554499,-89.3392299,166,10964
3554,48.35576,-89.3406099,167,11064
3554,48.35593,-89.34124,168,11129
3554,48.35623,-89.3427399,169,11232
3554,48.35656,-89.34397,170,11351
3554,48.35685,-89.3455299,171,11454
3554,48.3569899,-89.3462,172,11515
3554,48.357,-89.3476299,173,11616
3554,48.35695,-89.349,174,11724
3554,48.35697,-89.3493,175,11762
3554,48.35697,-89.35102,176,11868
3554,48.35703,-89.35161,177,11942
3554,48.3570199,-89.35199,178,11957
3554,48.3571599,-89.3534799,179,12067
3554,48.35727,-89.35478,180,12167
3554,48.35733,-89.35497,181,12192
3554,48.35744,-89.35671,182,12297
3554,48.35755,-89.35741,183,12381
3554,48.35753,-89.35785,184,12392
3554,48.3576499,-89.35923,185,12496
3554,48.35777,-89.36064,186,12599
3554,48.35786,-89.36105,187,12656
3554,48.3579399,-89.36281,188,12763
3554,48.3580799,-89.3643,189,12879
3554,48.35819,-89.3657899,190,12986
3554,48.35828,-89.36584,191,13019
3554,48.35825,-89.36629,192,13037
3554,48.3583699,-89.3676899,193,13142
3554,48.35849,-89.3690999,194,13249
3554,48.35862,-89.3705,195,13349
3554,48.35879,-89.37172,196,13456
3554,48.35888,-89.3733999,197,13561
3554,48.35901,-89.37483,198,13659
3554,48.35914,-89.37623,199,13776
3554,48.35924,-89.37743,200,13856
3554,48.35938,-89.3788799,201,13972
3554,48.3595199,-89.3803199,202,14071
3554,48.35966,-89.38176,203,14188
3554,48.35988,-89.38305,204,14287
3554,48.3598099,-89.38342,205,14305
3554,48.3599499,-89.3850499,206,14421
3554,48.36007,-89.38641,207,14525
3554,48.3602,-89.38783,208,14626
3554,48.36026,-89.38841,209,14665
3554,48.3602699,-89.38845,210,14671
3554,48.3603,-89.38851,211,14678
3554,48.36042,-89.38859,212,14691
3554,48.36049,-89.38861,213,14701
3554,48.36137,-89.38858,214,14801
3554,48.36234,-89.38849,215,14932
3554,48.3625,-89.3882399,216,14942
3554,48.3624699,-89.3868899,217,15035
3554,48.3624699,-89.3853799,218,15151
3554,48.3624699,-89.3852099,219,15158
3554,48.3624699,-89.3837699,220,15268
3554,48.3624799,-89.3824599,221,15368
3554,48.36242,-89.38168,222,15435
3554,48.3624699,-89.3812799,223,15451
3554,48.36246,-89.37969,224,15563
3554,48.36246,-89.37828,225,15668
3554,48.36241,-89.37736,226,15754
3554,48.3624699,-89.37692,227,15771
3554,48.3624699,-89.37542,228,15879
3554,48.3624699,-89.3739299,229,15994
3554,48.36245,-89.3724799,230,16096
3554,48.36244,-89.3725,231,16117
3554,48.36246,-89.37069,232,16223
3554,48.36246,-89.36938,233,16323
3554,48.36242,-89.36828,234,16422
3554,48.36245,-89.3667299,235,16524
3554,48.36245,-89.3652299,236,16634
3554,48.36245,-89.36472,237,16664
3554,48.3624399,-89.36328,238,16775
3554,48.36243,-89.36187,239,16880
3554,48.36242,-89.36128,240,16942
3554,48.3624399,-89.3596499,241,17044
3554,48.36245,-89.35821,242,17155
3554,48.3624399,-89.35677,243,17258
3554,48.3624399,-89.3553,244,17370
3554,48.36245,-89.3538699,245,17471
3554,48.36248,-89.35291,246,17541
3554,48.36245,-89.3507199,247,17685
3554,48.3624399,-89.3491699,248,17798
3554,48.36246,-89.3477899,249,17903
3554,48.36246,-89.3463,250,18011
3554,48.3624699,-89.346,251,18031
3554,48.36249,-89.3459299,252,18037
3554,48.36259,-89.3458599,253,18048
3554,48.3628,-89.34583,254,18088
3554,48.3644099,-89.3458899,255,18242
3554,48.3657199,-89.3458899,256,18387
3554,48.36706,-89.34588,257,18539
3554,48.3680899,-89.34584,258,18648
3554,48.36827,-89.3458899,259,18667
3554,48.3683199,-89.3459199,260,18676
3554,48.3684,-89.34608,261,18691
3554,48.3684199,-89.3480899,262,18836
3554,48.36839,-89.34833,263,18853
3554,48.3683499,-89.3484,264,18860
3554,48.36824,-89.3484899,265,18872
3554,48.36692,-89.3484499,266,19021
3554,48.36561,-89.34846,267,19168
3554,48.3653999,-89.34846,268,19189
3554,48.36532,-89.3484899,269,19203
3554,48.36394,-89.34847,270,19354
3554,48.36264,-89.34853,271,19523
3554,48.36246,-89.3488099,272,19533
3554,48.3624699,-89.35043,273,19656
3554,48.3624699,-89.35179,274,19758
3554,48.36251,-89.35252,275,19823
3554,48.3624799,-89.3541999,276,19928
3554,48.3624699,-89.3557,277,20041
3554,48.3624699,-89.35716,278,20147
3554,48.3624799,-89.35829,279,20225
3554,48.36246,-89.3596,280,20332
3554,48.36245,-89.36077,281,20412
3554,48.3624699,-89.36095,282,20423
3554,48.3625099,-89.36101,283,20429
3554,48.36256,-89.3610299,284,20435
3554,48.36355,-89.36097,285,20560
3554,48.3647399,-89.3609899,286,20661
3554,48.36565,-89.36098,287,20764
3554,48.36657,-89.36096,288,20893
3554,48.36768,-89.3609599,289,20998
3554,48.3686099,-89.3609599,290,21104
3554,48.36962,-89.36097,291,21210
3554,48.3706199,-89.36098,292,21322
3554,48.37154,-89.36093,293,21438
3554,48.3726,-89.36097,294,21540
3554,48.37352,-89.36098,295,21643
3554,48.37447,-89.3609,296,21756
3554,48.37477,-89.36098,297,21772
3554,48.37575,-89.3609599,298,21883
3554,48.37683,-89.3609599,299,21997
3554,48.37764,-89.36089,300,22109
3554,48.37881,-89.3609599,301,22223
3554,48.37978,-89.3609599,302,22327
3554,48.38038,-89.36089,303,22418
3554,48.3804599,-89.36095,304,22430
3554,48.3804899,-89.36094,305,22437
3554,48.3807,-89.36095,306,22462
3554,48.3808499,-89.36091,307,22476
3554,48.3809199,-89.3608599,308,22486
3554,48.3810199,-89.3606699,309,22503
3554,48.38121,-89.35939,310,22607
3554,48.3814,-89.35783,311,22725
3554,48.3815499,-89.3564599,312,22811
3554,48.38173,-89.3548199,313,22948
3554,48.38173,-89.35342,314,23057
3554,48.38166,-89.3528799,315,23081
3554,48.38133,-89.35145,316,23198
3554,48.38103,-89.35039,317,23274
3554,48.3808499,-89.3489,318,23384
3554,48.3808199,-89.3472099,319,23508
3554,48.3808199,-89.34613,320,23577
3554,48.3808199,-89.34456,321,23704
3554,48.38083,-89.34302,322,23818
3554,48.38078,-89.34208,323,23885
3554,48.38084,-89.34174,324,23905
3554,48.38083,-89.34033,325,24009
3554,48.38083,-89.33914,326,24093
3554,48.38081,-89.33806,327,24186
3554,48.3808199,-89.3365699,328,24289
3554,48.3808199,-89.33501,329,24402
3554,48.38079,-89.33498,330,24425
3554,48.38081,-89.33334,331,24532
3554,48.3807899,-89.33186,332,24631
3554,48.38075,-89.33131,333,24696
3554,48.3808,-89.32972,334,24802
3554,48.38081,-89.32845,335,24881
3554,48.38083,-89.3269499,336,25001
3554,48.38083,-89.32553,337,25107
3554,48.38084,-89.3241299,338,25211
3554,48.38083,-89.32267,339,25317
3554,48.38079,-89.3221,340,25372
3554,48.38083,-89.3204799,341,25476
3554,48.38084,-89.31899,342,25587
3554,48.38084,-89.31761,343,25690
3554,48.38083,-89.3162499,344,25793
3554,48.3808,-89.31557,345,25848
3554,48.3807899,-89.3139,346,25952
3554,48.38077,-89.31249,347,26062
3554,48.38077,-89.3123099,348,26070
3554,48.3807599,-89.31079,349,26180
3554,48.3807599,-89.3104399,350,26208
3554,48.38077,-89.31036,351,26215
3554,48.3807599,-89.30876,352,26333
3554,48.38074,-89.30845,353,26355
3554,48.38077,-89.3083799,354,26366
3554,48.38078,-89.3068899,355,26478
3554,48.38078,-89.3052899,356,26588
3554,48.38074,-89.30479,357,26616
3554,48.38074,-89.30321,358,26716
3554,48.3807299,-89.3018799,359,26816
3554,48.38074,-89.30048,360,26918
3554,48.3807599,-89.29901,361,27031
3554,48.3807599,-89.29752,362,27141
3554,48.38078,-89.29612,363,27260
3554,48.3807599,-89.2947,364,27368
3554,48.38077,-89.29319,365,27474
3554,48.38078,-89.2927,366,27505
3554,48.38078,-89.2925499,367,27516
3554,48.38077,-89.29247,368,27524
3554,48.38077,-89.29112,369,27625
3554,48.38077,-89.2897599,370,27719
3554,48.3807599,-89.2896899,371,27725
3554,48.38068,-89.28962,372,27735
3554,48.38014,-89.28961,373,27790
3554,48.3792,-89.2895999,374,27903
3554,48.37826,-89.28961,375,27998
3554,48.3772,-89.2895999,376,28098
3554,48.3764,-89.2896,377,28214
3554,48.37637,-89.28962,378,28220
3554,48.37543,-89.28958,379,28330
3554,48.37569,-89.28967,380,28383
3554,48.3737299,-89.28958,381,28484
3554,48.37279,-89.28968,382,28587
3554,48.37265,-89.28969,383,28615
3554,48.3715699,-89.2897299,384,28720
3554,48.3705799,-89.28971,385,28831
3554,48.3695999,-89.28971,386,28941
3554,48.3695299,-89.28971,387,28950
3554,48.3694699,-89.28968,388,28957
3554,48.36939,-89.2895299,389,28969
3554,48.36939,-89.2881,390,29098
3554,48.36939,-89.28803,391,29106
3554,48.3693999,-89.28797,392,29112
3554,48.3693999,-89.2866499,393,29213
3554,48.36939,-89.28547,394,29319
3554,48.36941,-89.2853599,395,29329
3554,48.36942,-89.2840499,396,29432
3554,48.36942,-89.2835899,397,29458
3554,48.36939,-89.28187,398,29609
3554,48.3692999,-89.2815199,399,29619
3554,48.36919,-89.2815599,400,29630
3554,48.3674899,-89.28157,401,29817
3554,48.36741,-89.28161,402,29852
3554,48.3673699,-89.28163,403,29861
3554,48.36646,-89.28157,404,29965
3554,48.36594,-89.2816,405,30016
3554,48.36583,-89.28163,406,30027
3554,48.36552,-89.28157,407,30063
3554,48.36511,-89.2816199,408,30102
3554,48.36509,-89.28167,409,30109
3554,48.36509,-89.28181,410,30118
3554,48.36516,-89.28197,411,30142
3555,48.36553,-89.28151,0,0
3555,48.36561,-89.2814899,1,12
3555,48.3665,-89.2815199,2,112
3555,48.36716,-89.28151,3,184
3555,48.36719,-89.2814899,4,192
3555,48.36813,-89.2815199,5,294
3555,48.3682799,-89.2815199,6,312
3555,48.3683499,-89.28145,7,320
3555,48.36834,-89.28113,8,341
3555,48.3683199,-89.28099,9,354
3555,48.36833,-89.28094,10,360
3555,48.36833,-89.27956,11,460
3555,48.36833,-89.2786299,12,524
3555,48.36837,-89.27855,13,533
3555,48.36874,-89.27848,14,568
3555,48.3699199,-89.27852,15,674
3555,48.37039,-89.27845,16,754
3555,48.37044,-89.27849,17,768
3555,48.37136,-89.2785399,18,872
3555,48.37244,-89.27849,19,983
3555,48.3733099,-89.27851,20,1089
3555,48.37431,-89.2785299,21,1197
3555,48.37472,-89.27847,22,1237
3555,48.3747199,-89.27848,23,1243
3555,48.37565,-89.27851,24,1347
3555,48.37657,-89.2785299,25,1453
3555,48.37753,-89.2785299,26,1556
3555,48.37786,-89.27853,27,1594
3555,48.3787899,-89.2785399,28,1696
3555,48.37973,-89.2785399,29,1797
3555,48.38034,-89.2785,30,1866
3555,48.3812799,-89.27851,31,1971
3555,48.38225,-89.2785299,32,2080
3555,48.38269,-89.27851,33,2123
3555,48.3837,-89.27851,34,2235
3555,48.38468,-89.2785,35,2342
3555,48.3846899,-89.2785299,36,2348
3555,48.38553,-89.2785299,37,2449
3555,48.3865399,-89.2785399,38,2555
3555,48.38704,-89.27852,39,2598
3555,48.38792,-89.2785299,40,2709
3555,48.38891,-89.27852,41,2818
3555,48.38999,-89.27852,42,2931
3555,48.39042,-89.27853,43,2978
3555,48.39052,-89.27849,44,2988
3555,48.39165,-89.27852,45,3112
3555,48.3925799,-89.27843,46,3220
3555,48.39346,-89.2781,47,3324
3555,48.3937199,-89.27797,48,3347
3555,48.39381,-89.27789,49,3357
3555,48.39397,-89.27753,50,3392
3555,48.3945799,-89.27721,51,3463
3555,48.39539,-89.2764299,52,3573
3555,48.39609,-89.27567,53,3660
3555,48.39705,-89.27484,54,3790
3555,48.3979199,-89.27451,55,3891
3555,48.39871,-89.27443,56,3975
3555,48.3988,-89.2744599,57,3989
3555,48.39912,-89.27445,58,4026
3555,48.39916,-89.27436,59,4034
3555,48.39918,-89.27429,60,4041
3555,48.3991399,-89.27281,61,4152
3555,48.3991399,-89.27163,62,4231
3555,48.39913,-89.2715499,63,4239
3555,48.3991399,-89.27011,64,4345
3555,48.39913,-89.2688199,65,4435
3555,48.3991699,-89.26877,66,4441
3555,48.39926,-89.2687199,67,4454
3555,48.39972,-89.26877,68,4499
3555,48.4,-89.26871,69,4533
3555,48.40032,-89.26851,70,4567
3555,48.40037,-89.26857,71,4577
3555,48.40047,-89.2686499,72,4590
3555,48.40053,-89.26873,73,4599
3555,48.4005799,-89.26884,74,4608
3555,48.4008,-89.2700699,75,4706
3555,48.4008199,-89.27042,76,4733
3555,48.4009099,-89.27054,77,4743
3555,48.40115,-89.2706899,78,4774
3555,48.40122,-89.27071,79,4783
3555,48.40138,-89.2708599,80,4805
3555,48.4015399,-89.2710899,81,4822
3555,48.4015699,-89.2711199,82,4828
3555,48.40165,-89.2711,83,4837
3555,48.40178,-89.2708599,84,4856
3555,48.40228,-89.2703599,85,4922
3555,48.4023599,-89.27021,86,4938
3555,48.4025199,-89.2697399,87,4975
3555,48.40256,-89.26969,88,4982
3555,48.40297,-89.26967,89,5002
3556,48.40297,-89.26967,0,0
3556,48.4029199,-89.26965,1,13
3556,48.4029799,-89.26969,2,23
3556,48.403,-89.2697699,3,30
3556,48.403,-89.26992,4,39
3556,48.4029799,-89.27001,5,45
3556,48.40297,-89.2701999,6,59
3556,48.40294,-89.2702599,7,65
3556,48.40284,-89.2702999,8,78
3556,48.4027199,-89.2702999,9,93
3556,48.40227,-89.27044,10,140
3556,48.4020599,-89.2706,11,167
3556,48.4017299,-89.2710499,12,215
3556,48.4016699,-89.2711,13,224
3556,48.40158,-89.2710899,14,232
3556,48.4015399,-89.27107,15,238
3556,48.4013699,-89.27084,16,264
3556,48.4008799,-89.27055,17,319
3556,48.4008399,-89.2704599,18,328
3556,48.4008199,-89.2702999,19,338
3556,48.4008199,-89.27014,20,352
3556,48.40056,-89.2688,21,458
3556,48.40051,-89.26867,22,468
3556,48.4004799,-89.26864,23,474
3556,48.4003199,-89.26861,24,491
3556,48.39994,-89.26883,25,530
3556,48.39988,-89.2687899,26,537
3556,48.39922,-89.26884,27,608
3556,48.3991699,-89.26894,28,617
3556,48.39916,-89.2690199,29,624
3556,48.3991699,-89.2703599,30,725
3556,48.3991699,-89.27179,31,835
3556,48.39918,-89.27324,32,936
3556,48.3992099,-89.27442,33,1020
3556,48.39916,-89.27458,34,1032
3556,48.3991099,-89.27464,35,1041
3556,48.3989699,-89.2746899,36,1057
3556,48.39863,-89.2747,37,1091
3556,48.3985199,-89.2746599,38,1101
3556,48.3979899,-89.2746299,39,1163
3556,48.39718,-89.2748899,40,1259
3556,48.39658,-89.27548,41,1334
3556,48.3965,-89.27547,42,1340
3556,48.3964799,-89.2755,43,1346
3556,48.3957299,-89.2762399,44,1449
3556,48.39495,-89.27702,45,1550
3556,48.39492,-89.2771,46,1557
3556,48.3944099,-89.2774899,47,1620
3556,48.3943099,-89.2776499,48,1635
3556,48.3942799,-89.2777499,49,1645
3556,48.39427,-89.27787,50,1656
3556,48.3943,-89.27812,51,1673
3556,48.3946799,-89.27937,52,1773
3556,48.39473,-89.28046,53,1848
3556,48.39472,-89.2804699,54,1855
3556,48.39472,-89.28052,55,1862
3556,48.39466,-89.2806999,56,1875
3556,48.39465,-89.2807999,57,1885
3556,48.3943,-89.28204,58,1986
3556,48.394,-89.28344,59,2092
3556,48.3939499,-89.28486,60,2196
3556,48.39403,-89.28585,61,2270
3556,48.39401,-89.28587,62,2279
3556,48.39397,-89.2871999,63,2383
3556,48.39396,-89.28879,64,2494
3556,48.39404,-89.28913,65,2516
3556,48.394,-89.2892099,66,2522
3556,48.39396,-89.28948,67,2549
3556,48.3938199,-89.28959,68,2562
3556,48.39282,-89.28959,69,2673
3556,48.39261,-89.28967,70,2693
3556,48.3925399,-89.28961,71,2704
3556,48.3915,-89.28955,72,2827
3556,48.3904799,-89.2895299,73,2936
3556,48.39016,-89.28951,74,2967
3556,48.3901,-89.2894299,75,2974
3556,48.39007,-89.28931,76,2984
3556,48.39004,-89.2888,77,3019
3556,48.39009,-89.28856,78,3038
3556,48.3901,-89.28715,79,3145
3556,48.39006,-89.28652,80,3189
3556,48.3901,-89.28623,81,3217
3556,48.39009,-89.28486,82,3320
3556,48.3901,-89.2845699,83,3331
3556,48.39005,-89.2832,84,3429
3556,48.39007,-89.2818,85,3541
3556,48.39007,-89.28135,86,3567
3556,48.39006,-89.27926,87,3721
3556,48.39006,-89.2790599,88,3735
3556,48.39007,-89.27898,89,3743
3556,48.39007,-89.27875,90,3760
3556,48.39003,-89.2786699,91,3768
3556,48.3889899,-89.2786699,92,3881
3556,48.38852,-89.27874,93,3931
3556,48.38842,-89.27866,94,3940
3556,48.38741,-89.2786699,95,4058
3556,48.3864399,-89.27866,96,4163
3556,48.38537,-89.2787,97,4276
3556,48.38533,-89.2786699,98,4284
3556,48.3852599,-89.2786399,99,4294
3556,48.38431,-89.27861,100,4399
3556,48.38419,-89.2785999,101,4406
3556,48.3841399,-89.27856,102,4417
3556,48.38409,-89.2784099,103,4430
3556,48.38405,-89.27754,104,4487
3556,48.38409,-89.27733,105,4510
3556,48.3841099,-89.27599,106,4611
3556,48.3841099,-89.2743999,107,4725
3556,48.3841099,-89.27301,108,4831
3556,48.38412,-89.2727299,109,4848
3556,48.38407,-89.27232,110,4876
3556,48.3840999,-89.2721299,111,4893
3556,48.3841399,-89.27083,112,4993
3556,48.38416,-89.27029,113,5025
3556,48.3842099,-89.27022,114,5034
3556,48.3851,-89.2702599,115,5136
3556,48.3860799,-89.27025,116,5243
3556,48.3867999,-89.2702699,117,5322
3556,48.3874199,-89.2704999,118,5391
3556,48.38786,-89.27049,119,5439
3556,48.3881,-89.2705199,120,5468
3556,48.38815,-89.2706299,121,5476
3556,48.38813,-89.27078,122,5483
3556,48.38806,-89.2708599,123,5493
3556,48.38793,-89.27083,124,5502
3556,48.38787,-89.27073,125,5509
3556,48.38784,-89.27058,126,5519
3556,48.3877799,-89.2705199,127,5526
3556,48.38727,-89.2704999,128,5582
3556,48.38669,-89.27028,129,5651
3556,48.38635,-89.27034,130,5691
3556,48.3861999,-89.27029,131,5704
3556,48.38527,-89.2702699,132,5815
3556,48.38429,-89.2702999,133,5915
3556,48.3841999,-89.2702999,134,5925
3556,48.3841699,-89.2702699,135,5931
3556,48.38413,-89.27021,136,5937
3556,48.38405,-89.26998,137,5957
3556,48.38409,-89.26976,138,5968
3556,48.3840999,-89.2683299,139,6073
3556,48.38412,-89.2668199,140,6189
3556,48.38406,-89.26556,141,6283
3556,48.38409,-89.2654399,142,6290
3556,48.3840999,-89.2640599,143,6395
3556,48.3840999,-89.26329,144,6452
3556,48.3841099,-89.2632399,145,6459
3556,48.38405,-89.26149,146,6578
3556,48.3841099,-89.2596599,147,6716
3556,48.38404,-89.25864,148,6784
3556,48.38406,-89.2586399,149,6793
3556,48.38408,-89.25857,150,6800
3556,48.38409,-89.2579599,151,6845
3556,48.3841099,-89.25783,152,6858
3556,48.38409,-89.25698,153,6916
3556,48.38412,-89.2568699,154,6925
3556,48.3841099,-89.2552599,155,7050
3556,48.3841,-89.25417,156,7125
3556,48.38408,-89.2541,157,7131
3556,48.3841099,-89.25272,158,7239
3556,48.3840999,-89.25233,159,7265
3556,48.38408,-89.2514,160,7330
3556,48.38406,-89.25128,161,7338
3556,48.3840399,-89.2512299,162,7344
3556,48.384,-89.2511899,163,7350
3556,48.3838699,-89.2511599,164,7364
3556,48.38359,-89.25119,165,7387
3556,48.38255,-89.25108,166,7504
3556,48.38249,-89.25101,167,7513
3556,48.3824699,-89.25094,168,7520
3556,48.38245,-89.2507599,169,7535
3556,48.3824699,-89.24905,170,7659
3556,48.38244,-89.24854,171,7702
3556,48.3824599,-89.24838,172,7709
3556,48.38247,-89.24602,173,7834
3568,48.45221,-89.27192,0,0
3568,48.45243,-89.2716099,1,7
3568,48.4529399,-89.2704999,2,111
3568,48.45349,-89.26932,3,217
3568,48.45383,-89.26839,4,309
3568,48.45401,-89.26815,5,322
3568,48.4545,-89.2671,6,410
3568,48.4550699,-89.2658699,7,527
3568,48.4556,-89.26456,8,658
3568,48.45581,-89.2642899,9,665
3568,48.45585,-89.2641599,10,678
3568,48.45581,-89.2640299,11,687
3568,48.4549799,-89.26286,12,817
3568,48.45494,-89.26279,13,839
3568,48.4549,-89.26274,14,846
3568,48.4544099,-89.26164,15,951
3568,48.4539199,-89.26043,16,1051
3568,48.45321,-89.25862,17,1210
3568,48.4529,-89.25774,18,1253
3568,48.45247,-89.2566,19,1354
3568,48.45201,-89.25531,20,1458
3568,48.45178,-89.25478,21,1508
3568,48.45175,-89.2545799,22,1520
3568,48.45108,-89.25272,23,1679
3568,48.4506799,-89.25196,24,1749
3568,48.4504499,-89.2516899,25,1782
3568,48.4496,-89.25102,26,1886
3568,48.44876,-89.2503699,27,1991
3568,48.44821,-89.2499,28,2069
3568,48.4480199,-89.24984,29,2078
3568,48.44722,-89.2492,30,2182
3568,48.44697,-89.24895,31,2219
3568,48.4459199,-89.24836,32,2344
3568,48.44502,-89.2479,33,2450
3568,48.44482,-89.24779,34,2464
3568,48.44443,-89.24752,35,2510
3568,48.44436,-89.24754,36,2517
3568,48.4434,-89.2470899,37,2637
3568,48.44308,-89.24697,38,2668
3568,48.4421999,-89.2466299,39,2775
3568,48.4419799,-89.24655,40,2796
3568,48.4414,-89.24625,41,2863
3568,48.44131,-89.2461999,42,2871
3568,48.44127,-89.24616,43,2878
3568,48.44123,-89.2461399,44,2887
3568,48.441,-89.24579,45,2926
3568,48.4407899,-89.2446599,46,3010
3568,48.44077,-89.24376,47,3076
3568,48.44074,-89.24359,48,3090
3568,48.44074,-89.2435099,49,3098
3568,48.4407599,-89.2434399,50,3104
3568,48.4407999,-89.2433799,51,3111
3568,48.4416199,-89.2428899,52,3213
3568,48.44242,-89.2423999,53,3299
3568,48.4424999,-89.24231,54,3310
3568,48.44252,-89.24218,55,3320
3568,48.44213,-89.2409,56,3419
3568,48.44189,-89.2398299,57,3476
3568,48.4420099,-89.23968,58,3493
3568,48.4428299,-89.23919,59,3598
3568,48.44343,-89.23883,60,3662
3568,48.4435899,-89.23881,61,3680
3568,48.4436499,-89.2389099,62,3689
3568,48.44393,-89.23985,63,3790
3568,48.44425,-89.2412199,64,3871
3568,48.4442399,-89.24132,65,3877
3568,48.4441799,-89.2413799,66,3886
3568,48.44333,-89.2418699,67,3994
3568,48.4424399,-89.2424299,68,4103
3568,48.4420399,-89.24268,69,4145
3568,48.44111,-89.24324,70,4259
3568,48.4408299,-89.24342,71,4287
3568,48.4407599,-89.2434,72,4298
3568,48.4406899,-89.2433199,73,4306
3568,48.4406599,-89.24326,74,4312
3568,48.4404699,-89.24241,75,4375
3568,48.44049,-89.24247,76,4395
3568,48.4404699,-89.24245,77,4401
3568,48.44013,-89.2411499,78,4505
3568,48.44005,-89.24073,79,4532
3568,48.44002,-89.24068,80,4539
3568,48.43963,-89.23915,81,4656
3568,48.43923,-89.23778,82,4771
3568,48.43899,-89.23694,83,4836
3568,48.4383299,-89.23441,84,5025
3568,48.43822,-89.23392,85,5085
3568,48.4378,-89.2323799,86,5185
3568,48.4374399,-89.23106,87,5293
3568,48.43741,-89.23088,88,5326
3568,48.43737,-89.2308699,89,5332
3568,48.43726,-89.23037,90,5375
3568,48.43727,-89.2301,91,5398
3568,48.43775,-89.2288099,92,5505
3568,48.43803,-89.22814,93,5558
3568,48.43809,-89.2279,94,5580
3568,48.43809,-89.22689,95,5641
3568,48.43806,-89.2269999,96,5650
3568,48.43806,-89.22649,97,5689
3568,48.4379099,-89.22576,98,5748
3568,48.43769,-89.2251999,99,5785
3568,48.43707,-89.22416,100,5890
3568,48.4370499,-89.2240499,101,5900
3568,48.43707,-89.2239099,102,5910
3568,48.43744,-89.22347,103,5964
3568,48.4375799,-89.22337,104,5977
3568,48.43762,-89.22331,105,5985
3568,48.43848,-89.22243,106,6102
3568,48.43871,-89.22215,107,6127
3568,48.4387,-89.22207,108,6134
3568,48.4381699,-89.2210199,109,6234
3568,48.43811,-89.22087,110,6242
3568,48.43756,-89.2197,111,6346
3568,48.43744,-89.21948,112,6375
3568,48.4368899,-89.21818,113,6482
3568,48.4368199,-89.2180099,114,6492
3568,48.4367899,-89.2179699,115,6498
3568,48.43675,-89.21785,116,6507
3568,48.43671,-89.21777,117,6513
3568,48.43668,-89.2177399,118,6519
3568,48.4362299,-89.2167599,119,6610
3568,48.43612,-89.21667,120,6622
3568,48.43605,-89.21665,121,6630
3568,48.4359299,-89.21667,122,6642
3568,48.43586,-89.21671,123,6650
3568,48.43563,-89.2169199,124,6681
3568,48.43568,-89.21703,125,6702
3569,48.40349,-89.2433,0,0
3569,48.4032399,-89.2433799,1,19
3569,48.40313,-89.24333,2,29
3569,48.40289,-89.24222,3,112
3569,48.4028,-89.24215,4,121
3569,48.40192,-89.24209,5,222
3569,48.4016999,-89.2420299,6,242
3569,48.40166,-89.2420299,7,248
3569,48.40159,-89.2420999,8,255
3569,48.4014099,-89.2432799,9,351
3569,48.4008499,-89.24442,10,454
3569,48.4006799,-89.2447899,11,486
3569,48.4006199,-89.24533,12,519
3569,48.40066,-89.24536,13,526
3569,48.4007199,-89.24544,14,537
3569,48.40166,-89.24544,15,640
3569,48.40256,-89.24544,16,740
3569,48.4028,-89.24541,17,765
3569,48.40284,-89.24544,18,773
3569,48.4037399,-89.2454499,19,877
3569,48.40467,-89.24542,20,979
3569,48.40581,-89.2454499,21,1099
3569,48.40674,-89.24543,22,1202
3569,48.40762,-89.2454499,23,1306
3569,48.40864,-89.24546,24,1417
3569,48.40922,-89.24546,25,1474
3569,48.4092199,-89.24547,26,1481
3569,48.41011,-89.2454799,27,1585
3569,48.41061,-89.24543,28,1631
3569,48.4109199,-89.24543,29,1669
3569,48.41177,-89.24493,30,1776
3569,48.4126999,-89.24435,31,1884
3569,48.41336,-89.2438699,32,1960
3569,48.41344,-89.2438999,33,1968
3569,48.41347,-89.24393,34,1974
3569,48.41351,-89.2439999,35,1980
3569,48.41353,-89.24408,36,1988
3569,48.41347,-89.2454799,37,2090
3569,48.41348,-89.24616,38,2135
3569,48.41341,-89.24708,39,2215
3569,48.41297,-89.24836,40,2321
3569,48.41235,-89.24985,41,2442
3569,48.4119799,-89.2508999,42,2515
3569,48.41193,-89.25128,43,2540
3569,48.41193,-89.2514499,44,2548
3569,48.41192,-89.25234,45,2634
3569,48.4119099,-89.25232,46,2641
3569,48.4119099,-89.25363,47,2741
3569,48.4119099,-89.2550999,48,2849
3569,48.41192,-89.25634,49,2968
3569,48.41185,-89.25675,50,2983
3569,48.41183,-89.25804,51,3071
3569,48.4118099,-89.25814,52,3078
3569,48.4117399,-89.25827,53,3090
3569,48.4116799,-89.2583099,54,3099
3569,48.4108,-89.2583099,55,3203
3569,48.40982,-89.2583199,56,3306
3569,48.40895,-89.25835,57,3419
3569,48.4078999,-89.25834,58,3519
3569,48.4069499,-89.25837,59,3620
3569,48.4058299,-89.25837,60,3746
3569,48.4048799,-89.25836,61,3862
3569,48.40407,-89.25831,62,3928
3569,48.40412,-89.25834,63,3937
3569,48.40312,-89.2583,64,4057
3569,48.40287,-89.2583,65,4073
3569,48.4018599,-89.2583,66,4188
3569,48.40089,-89.2583,67,4298
3569,48.4001,-89.2583499,68,4382
3569,48.4000299,-89.25847,69,4390
3569,48.40007,-89.25935,70,4452
3569,48.40007,-89.2591999,71,4458
3569,48.4000299,-89.26053,72,4563
3569,48.4000199,-89.2619899,73,4667
3569,48.3999899,-89.26306,74,4755
3569,48.39969,-89.2644599,75,4860
3569,48.39932,-89.26578,76,4963
3569,48.3991699,-89.267,77,5055
3569,48.3991699,-89.26717,78,5063
3569,48.39916,-89.26861,79,5168
3569,48.39918,-89.26867,80,5174
3569,48.3992099,-89.26873,81,5180
3569,48.39932,-89.26878,82,5190
3569,48.39988,-89.26877,83,5248
3569,48.40032,-89.26851,84,5295
3569,48.40037,-89.26857,85,5305
3569,48.40047,-89.2686499,86,5318
3569,48.40053,-89.26873,87,5327
3569,48.4005799,-89.26884,88,5336
3569,48.4008,-89.2700699,89,5434
3569,48.4008199,-89.27042,90,5461
3569,48.4009099,-89.27054,91,5471
3569,48.40115,-89.2706899,92,5502
3569,48.40122,-89.27071,93,5511
3569,48.40138,-89.2708599,94,5533
3569,48.4015399,-89.2710899,95,5550
3569,48.4015699,-89.2711199,96,5556
3569,48.40165,-89.2711,97,5565
3569,48.40178,-89.2708599,98,5584
3569,48.40228,-89.2703599,99,5650
3569,48.4023599,-89.27021,100,5666
3569,48.4025199,-89.2697399,101,5703
3569,48.40256,-89.26969,102,5710
3569,48.40297,-89.26967,103,5730
3569,48.4029199,-89.26965,104,5743
3569,48.4029799,-89.26969,105,5753
3569,48.403,-89.2697699,106,5760
3569,48.403,-89.26992,107,5769
3569,48.4029799,-89.27001,108,5775
3569,48.40297,-89.2701999,109,5789
3569,48.40294,-89.2702599,110,5795
3569,48.40284,-89.2702999,111,5808
3569,48.4027199,-89.2702999,112,5823
3569,48.40227,-89.27044,113,5870
3569,48.4020599,-89.2706,114,5897
3569,48.4017299,-89.2710499,115,5945
3569,48.4016699,-89.2711,116,5954
3569,48.40158,-89.2710899,117,5962
3569,48.4015399,-89.27107,118,5968
3569,48.4013699,-89.27084,119,5994
3569,48.4008799,-89.27055,120,6049
3569,48.4008399,-89.2704599,121,6058
3569,48.4008199,-89.2702999,122,6068
3569,48.4008199,-89.27014,123,6082
3569,48.40056,-89.2688,124,6188
3569,48.40051,-89.26867,125,6198
3569,48.4004799,-89.26864,126,6204
3569,48.4003199,-89.26861,127,6221
3569,48.39994,-89.26883,128,6260
3569,48.39932,-89.2688,129,6329
3569,48.39919,-89.2688499,130,6344
3569,48.39915,-89.26907,131,6362
3569,48.3991699,-89.2703999,132,6465
3569,48.39916,-89.27189,133,6571
3569,48.39923,-89.27326,134,6671
3569,48.39928,-89.27405,135,6723
3569,48.39926,-89.27413,136,6731
3569,48.39926,-89.27546,137,6838
3569,48.3993299,-89.27629,138,6895
3569,48.39963,-89.27715,139,6968
3569,48.40017,-89.27832,140,7071
3569,48.4003599,-89.27915,141,7134
3569,48.40037,-89.28025,142,7211
3569,48.40038,-89.2803099,143,7217
3569,48.40038,-89.28036,144,7223
3569,48.40037,-89.2804399,145,7232
3569,48.40038,-89.2818499,146,7337
3569,48.40037,-89.28217,147,7357
3569,48.40038,-89.28369,148,7457
3569,48.40037,-89.2853999,149,7596
3569,48.40038,-89.2869,150,7696
3569,48.40038,-89.28698,151,7705
3569,48.4003899,-89.28706,152,7712
3569,48.4003599,-89.2875299,153,7744
3569,48.40037,-89.28767,154,7756
3569,48.40033,-89.28813,155,7790
3569,48.40021,-89.28859,156,7826
3569,48.4000199,-89.28899,157,7863
3569,48.3996699,-89.28938,158,7913
3569,48.39929,-89.2895699,159,7957
3569,48.39888,-89.2896,160,7995
3569,48.39887,-89.28961,161,8002
3569,48.3978599,-89.2895999,162,8121
3569,48.3969,-89.2895999,163,8226
3569,48.39646,-89.28959,164,8267
3569,48.3964199,-89.28961,165,8273
3569,48.3954899,-89.2895999,166,8384
3569,48.39489,-89.28958,167,8443
3569,48.39485,-89.28961,168,8451
3569,48.3938899,-89.2895999,169,8565
3569,48.39286,-89.2895999,170,8676
3569,48.39261,-89.28967,171,8702
3569,48.3925699,-89.2896299,172,8709
3569,48.39161,-89.2895999,173,8815
3569,48.39051,-89.28968,174,8927
3569,48.38931,-89.28962,175,9069
3569,48.38846,-89.2895999,176,9156
3569,48.38762,-89.2896,177,9249
3569,48.38681,-89.28962,178,9349
3569,48.3859,-89.28961,179,9450
3569,48.38536,-89.2895999,180,9505
3569,48.38453,-89.28959,181,9618
3569,48.38362,-89.2895999,182,9732
3569,48.38327,-89.2895999,183,9762
3569,48.38228,-89.2895999,184,9880
3569,48.38155,-89.2896,185,9954
3569,48.38065,-89.28962,186,10054
3569,48.38014,-89.28961,187,10105
3569,48.3792,-89.2895999,188,10218
3569,48.37826,-89.28961,189,10313
3569,48.3772,-89.2895999,190,10413
3569,48.3764,-89.2896,191,10529
3569,48.37637,-89.28962,192,10535
3569,48.37543,-89.28958,193,10645
3569,48.37569,-89.28967,194,10698
3569,48.3745199,-89.28955,195,10705
3569,48.3744599,-89.2895599,196,10712
3569,48.3743599,-89.2895299,197,10721
3569,48.3743199,-89.28949,198,10728
3569,48.3742599,-89.2893699,199,10738
3569,48.37424,-89.28928,200,10745
3569,48.37428,-89.2878299,201,10854
3569,48.37427,-89.2864199,202,10963
3569,48.37428,-89.2860799,203,10978
3569,48.37427,-89.28607,204,11009
3569,48.3742899,-89.28601,205,11017
3569,48.37428,-89.28466,206,11121
3569,48.37431,-89.28201,207,11310
3569,48.3742899,-89.2798,208,11467
3569,48.37426,-89.27905,209,11515
3569,48.37427,-89.2789899,210,11522
3569,48.3742599,-89.27894,211,11529
3569,48.3742599,-89.2772,212,11663
3569,48.37419,-89.27521,213,11809
3569,48.3742299,-89.2750499,214,11815
3569,48.37424,-89.27363,215,11925
3569,48.37424,-89.2733099,216,11940
3569,48.37418,-89.27327,217,11975
3569,48.3742199,-89.2731199,218,11983
3569,48.37419,-89.27204,219,12086
3569,48.37424,-89.2696399,220,12258
3569,48.37431,-89.26858,221,12333
3569,48.37431,-89.26858,222,12341
3569,48.3743,-89.26851,223,12349
3569,48.3743199,-89.26709,224,12452
3569,48.37431,-89.2666,225,12487
3569,48.37432,-89.26596,226,12530
3569,48.3743,-89.26579,227,12539
3569,48.37431,-89.26465,228,12624
3569,48.37431,-89.2629799,229,12726
3569,48.37432,-89.26216,230,12809
3569,48.3743,-89.26207,231,12816
3569,48.3743,-89.26195,232,12827
3569,48.37431,-89.26188,233,12834
3569,48.3743199,-89.25975,234,12991
3569,48.37432,-89.25922,235,13025
3569,48.37428,-89.25928,236,13033
3569,48.3743199,-89.25784,237,13141
3569,48.37431,-89.2564799,238,13244
3569,48.37431,-89.2548999,239,13363
3569,48.37431,-89.25414,240,13407
3569,48.37431,-89.2541499,241,13413
3569,48.3743199,-89.25269,242,13522
3569,48.37431,-89.25186,243,13578
3569,48.3743,-89.2518199,244,13585
3569,48.3743299,-89.2512299,245,13632
3569,48.37441,-89.25108,246,13647
3569,48.37506,-89.25037,247,13760
3569,48.3751399,-89.25035,248,13770
3569,48.37591,-89.2496199,249,13873
3569,48.3760899,-89.24944,250,13898
3569,48.37614,-89.24941,251,13905
3569,48.37666,-89.24885,252,14005
3569,48.37766,-89.2479,253,14115
3569,48.37775,-89.24782,254,14121
3569,48.3786199,-89.24772,255,14224
3569,48.37907,-89.24766,256,14291
3569,48.38022,-89.24772,257,14394
3569,48.38062,-89.24768,258,14457
3569,48.38081,-89.2476499,259,14474
3569,48.3808499,-89.24753,260,14480
3569,48.3808499,-89.2467899,261,14536
3569,48.3808599,-89.24672,262,14542
3569,48.3808899,-89.2466599,263,14549
3569,48.38098,-89.24659,264,14562
3569,48.38192,-89.2465699,265,14667
3569,48.38247,-89.24602,266,14706
3570,48.46104,-89.23474,0,0
3570,48.46106,-89.2349099,1,11
3570,48.46113,-89.23497,2,18
3570,48.4611799,-89.23496,3,24
3570,48.46175,-89.2345199,4,101
3570,48.46182,-89.23444,5,107
3570,48.4618699,-89.23433,6,118
3570,48.4619299,-89.2340899,7,142
3570,48.46202,-89.23315,8,206
3570,48.46227,-89.23142,9,308
3570,48.46231,-89.23128,10,319
3570,48.46234,-89.23122,11,327
3570,48.4624599,-89.2311299,12,339
3570,48.46318,-89.2311,13,442
3570,48.46343,-89.2312299,14,448
3570,48.4634699,-89.2313699,15,461
3570,48.46343,-89.23323,16,600
3570,48.46342,-89.2347099,17,702
3570,48.4634,-89.23604,18,804
3570,48.4633799,-89.2375999,19,917
3570,48.4634,-89.23874,20,1025
3570,48.46337,-89.2387899,21,1035
3570,48.4633499,-89.2401999,22,1141
3570,48.46337,-89.24133,23,1214
3570,48.4633499,-89.2413,24,1222
3570,48.46333,-89.2426,25,1323
3570,48.46332,-89.24393,26,1423
3570,48.4633099,-89.2453,27,1524
3570,48.4633,-89.24702,28,1631
3570,48.46332,-89.2470599,29,1637
3570,48.4633,-89.2471899,30,1650
3570,48.46326,-89.24864,31,1762
3570,48.46327,-89.25005,32,1855
3570,48.4632499,-89.2500799,33,1863
3570,48.4632499,-89.25151,34,1975
3570,48.46323,-89.2529599,35,2085
3570,48.46324,-89.25375,36,2163
3570,48.4632099,-89.2554299,37,2266
3570,48.46323,-89.25571,38,2306
3570,48.4632099,-89.2557899,39,2315
3570,48.46319,-89.25748,40,2438
3570,48.46317,-89.2582,41,2496
3570,48.46309,-89.2583,42,2507
3570,48.46263,-89.2583,43,2554
3570,48.46178,-89.25826,44,2654
3570,48.4609099,-89.25823,45,2754
3570,48.45984,-89.25822,46,2881
3570,48.4586799,-89.25816,47,2986
3570,48.4578299,-89.25813,48,3088
3570,48.4568499,-89.2580899,49,3190
3570,48.4568,-89.2581,50,3210
3570,48.45565,-89.25804,51,3327
3570,48.4551999,-89.2581499,52,3378
3570,48.4548,-89.25847,53,3428
3570,48.4539899,-89.2594299,54,3529
3570,48.45374,-89.2597299,55,3572
3570,48.45371,-89.25974,56,3578
3570,48.45357,-89.25962,57,3592
3570,48.45355,-89.25952,58,3603
3570,48.4530699,-89.25823,59,3710
3570,48.4529,-89.25774,60,3749
3570,48.45247,-89.2566,61,3850
3570,48.45201,-89.25531,62,3954
3570,48.45178,-89.25478,63,4004
3570,48.45175,-89.2545799,64,4016
3570,48.45108,-89.25272,65,4175
3570,48.4506799,-89.25196,66,4245
3570,48.4504499,-89.2516899,67,4278
3570,48.4496,-89.25102,68,4382
3570,48.44876,-89.2503699,69,4487
3570,48.44821,-89.2499,70,4565
3570,48.4480199,-89.24984,71,4574
3570,48.44722,-89.2492,72,4678
3570,48.44697,-89.24895,73,4715
3570,48.4459199,-89.24836,74,4840
3570,48.44502,-89.2479,75,4946
3570,48.44482,-89.24779,76,4960
3570,48.44443,-89.24752,77,5006
3570,48.44436,-89.24754,78,5013
3570,48.4434,-89.2470899,79,5133
3570,48.44308,-89.24697,80,5164
3570,48.4421999,-89.2466299,81,5271
3570,48.4419799,-89.24655,82,5292
3570,48.4414,-89.24625,83,5359
3570,48.44131,-89.24625,84,5366
3570,48.4411899,-89.2461399,85,5385
3570,48.44107,-89.2459799,86,5407
3570,48.44091,-89.24563,87,5439
3570,48.44075,-89.24457,88,5512
3570,48.44072,-89.24362,89,5587
3570,48.44049,-89.24247,90,5670
3570,48.4404699,-89.24245,91,5676
3570,48.44013,-89.2411499,92,5780
3570,48.44005,-89.24073,93,5807
3570,48.44002,-89.24068,94,5814
3570,48.43963,-89.23915,95,5931
3570,48.43923,-89.23778,96,6046
3570,48.43899,-89.23694,97,6111
3570,48.4383299,-89.23441,98,6300
3570,48.43822,-89.23392,99,6360
3570,48.4378,-89.2323799,100,6460
3570,48.4374399,-89.23106,101,6568
3570,48.43741,-89.23088,102,6601
3570,48.43737,-89.2308699,103,6607
3570,48.43726,-89.23037,104,6650
3570,48.43727,-89.2301,105,6673
3570,48.43775,-89.2288099,106,6780
3570,48.43803,-89.22814,107,6833
3570,48.43809,-89.2279,108,6855
3570,48.43809,-89.22689,109,6916
3570,48.43806,-89.2269999,110,6925
3570,48.43806,-89.22649,111,6964
3570,48.4379099,-89.22576,112,7023
3570,48.43769,-89.2251999,113,7060
3570,48.43707,-89.22416,114,7165
3570,48.4370499,-89.2240499,115,7175
3570,48.43707,-89.2239099,116,7185
3570,48.43744,-89.22347,117,7239
3570,48.4375799,-89.22337,118,7252
3570,48.43762,-89.22331,119,7260
3570,48.43848,-89.22243,120,7377
3570,48.43871,-89.22215,121,7402
3570,48.4387,-89.22207,122,7409
3570,48.4381699,-89.2210199,123,7509
3570,48.43811,-89.22087,124,7517
3570,48.43756,-89.2197,125,7621
3570,48.43744,-89.21948,126,7650
3570,48.4368899,-89.21818,127,7757
3570,48.4368199,-89.2180099,128,7767
3570,48.4367899,-89.2179699,129,7773
3570,48.43675,-89.21785,130,7782
3570,48.43671,-89.21777,131,7788
3570,48.43668,-89.2177399,132,7794
3570,48.4362299,-89.2167599,133,7885
3570,48.43612,-89.21667,134,7897
3570,48.43605,-89.21665,135,7905
3570,48.4359299,-89.21667,136,7917
3570,48.43586,-89.21671,137,7925
3570,48.43563,-89.2169199,138,7956
3570,48.43568,-89.21703,139,7977
3571,48.43568,-89.21703,0,0
3571,48.43532,-89.21726,1,20
3571,48.4352799,-89.21737,2,28
3571,48.4353,-89.2175,3,39
3571,48.43565,-89.2182999,4,108
3571,48.4357399,-89.2183999,5,120
3571,48.43655,-89.21754,6,227
3571,48.4366,-89.21753,7,234
3571,48.43667,-89.2176,8,242
3571,48.43735,-89.21906,9,372
3571,48.43736,-89.21908,10,379
3571,48.43737,-89.21913,11,385
3571,48.43762,-89.2196799,12,432
3571,48.43766,-89.2197399,13,438
3571,48.43822,-89.2210199,14,557
3571,48.4387199,-89.2221099,15,654
3571,48.4387299,-89.22229,16,664
3571,48.4387,-89.2223699,17,672
3571,48.43783,-89.22327,18,788
3571,48.4372,-89.22391,19,836
3571,48.4371199,-89.22409,20,886
3571,48.43713,-89.2242099,21,894
3571,48.4378,-89.22528,22,1005
3571,48.43809,-89.22629,23,1087
3571,48.43817,-89.22685,24,1125
3571,48.43815,-89.22698,25,1140
3571,48.43818,-89.2276599,26,1193
3571,48.4380999,-89.2282,27,1230
3571,48.4376399,-89.22938,28,1336
3571,48.43751,-89.22974,29,1389
3571,48.4373799,-89.23007,30,1404
3571,48.43736,-89.23023,31,1411
3571,48.43736,-89.2304,32,1425
3571,48.43769,-89.23165,33,1527
3571,48.4381399,-89.23328,34,1656
3571,48.43828,-89.2338,35,1715
3571,48.4382999,-89.23384,36,1722
3571,48.43861,-89.23509,37,1825
3571,48.4388899,-89.2363899,38,1929
3571,48.4391,-89.23697,39,1977
3571,48.4391899,-89.23745,40,1993
3571,48.43956,-89.23854,41,2077
3571,48.43961,-89.23871,42,2109
3571,48.43995,-89.2400599,43,2218
3571,48.44001,-89.24028,44,2238
3571,48.4400099,-89.2402599,45,2245
3571,48.44045,-89.24197,46,2376
3571,48.44048,-89.24202,47,2385
3571,48.44082,-89.24365,48,2510
3571,48.44085,-89.2447,49,2586
3571,48.4410299,-89.24566,50,2664
3571,48.44123,-89.24603,51,2696
3571,48.44153,-89.24626,52,2732
3571,48.44194,-89.24633,53,2774
3571,48.4421,-89.24645,54,2790
3571,48.443,-89.2467999,55,2900
3571,48.44365,-89.24704,56,2966
3571,48.4436799,-89.2470299,57,2976
3571,48.44472,-89.24752,58,3089
3571,48.4456799,-89.24806,59,3213
3571,48.44658,-89.2485299,60,3314
3571,48.44725,-89.249,61,3393
3571,48.4472999,-89.24907,62,3402
3571,48.44806,-89.24967,63,3503
3571,48.4489999,-89.25035,64,3613
3571,48.44984,-89.25097,65,3722
3571,48.45065,-89.25167,66,3822
3571,48.4511299,-89.25249,67,3904
3571,48.45119,-89.2526399,68,3913
3571,48.4516599,-89.25396,69,4025
3571,48.45188,-89.25446,70,4064
3571,48.4518499,-89.25445,71,4071
3571,48.45221,-89.2556599,72,4171
3571,48.45243,-89.2562799,73,4222
3571,48.4524499,-89.2564099,74,4231
3571,48.4524199,-89.2566399,75,4248
3571,48.45222,-89.25711,76,4288
3571,48.45198,-89.25715,77,4297
3571,48.45076,-89.25594,78,4477
3571,48.45066,-89.2558199,79,4493
3571,48.45055,-89.2559199,80,4504
3571,48.45,-89.25715,81,4617
3571,48.4498199,-89.25755,82,4644
3571,48.4492999,-89.25867,83,4752
3571,48.44874,-89.25996,84,4857
3571,48.44872,-89.2599599,85,4863
3571,48.4481499,-89.2611699,86,4975
3571,48.4480799,-89.26131,87,4983
3571,48.44776,-89.26203,88,5075
3571,48.44712,-89.26336,89,5177
3571,48.44676,-89.26418,90,5259
3571,48.44619,-89.2653999,91,5372
3571,48.4459,-89.26602,92,5420
3571,48.44587,-89.2660299,93,5426
3571,48.4458199,-89.2660999,94,5435
3571,48.44577,-89.2661299,95,5443
3571,48.4456499,-89.26611,96,5456
3571,48.44545,-89.26593,97,5486
3571,48.44481,-89.2652699,98,5565
3571,48.44472,-89.2652799,99,5572
3571,48.4446699,-89.2653999,100,5582
3571,48.44469,-89.2668,101,5683
3571,48.44477,-89.26732,102,5717
3571,48.44469,-89.26772,103,5734
3571,48.44469,-89.2691,104,5838
3571,48.44469,-89.27071,105,5953
3571,48.44469,-89.27211,106,6057
3571,48.4446999,-89.27347,107,6160
3571,48.44469,-89.2750299,108,6270
3571,48.4448,-89.27548,109,6331
3571,48.44469,-89.27592,110,6338
3571,48.44469,-89.2776199,111,6466
3571,48.44469,-89.27898,112,6566
3571,48.44482,-89.28006,113,6658
3571,48.44468,-89.28033,114,6673
3571,48.44469,-89.2817,115,6779
3571,48.44468,-89.28325,116,6888
3571,48.44468,-89.2845399,117,6979
3571,48.44472,-89.28466,118,6987
3571,48.44481,-89.2847,119,6999
3571,48.44499,-89.28456,120,7050
3571,48.4452299,-89.28465,121,7063
3571,48.4462,-89.28463,122,7164
3571,48.4470899,-89.28462,123,7266
3571,48.44799,-89.28462,124,7366
3571,48.44797,-89.28458,125,7386
3571,48.4490699,-89.2846099,126,7491
3571,48.4499799,-89.2846099,127,7593
3571,48.45058,-89.28454,128,7684
3571,48.4505,-89.2846,129,7695
3571,48.4513699,-89.28456,130,7796
3571,48.4523799,-89.28453,131,7899
3571,48.45247,-89.28452,132,7909
3571,48.4525099,-89.28442,133,7917
3571,48.4525499,-89.2841799,134,7938
3571,48.45248,-89.28318,135,8004
3571,48.45252,-89.282,136,8070
3571,48.45226,-89.2805999,137,8179
3571,48.45217,-89.28041,138,8216
3571,48.45203,-89.2780799,139,8371
3571,48.4520199,-89.2765699,140,8486
3571,48.452,-89.2760099,141,8518
3571,48.452,-89.27445,142,8638
3571,48.4519899,-89.2733199,143,8721
3571,48.4518599,-89.27277,144,8756
3571,48.45188,-89.2726599,145,8767
3571,48.45221,-89.27192,146,8816
3572,48.43568,-89.21703,0,0
3572,48.43598,-89.2169199,1,6
3572,48.4361699,-89.21677,2,24
3572,48.4362299,-89.21675,3,31
3572,48.4362699,-89.21677,4,38
3572,48.43661,-89.21749,5,97
3572,48.43661,-89.2175799,6,106
3572,48.4358399,-89.21836,7,210
3572,48.43573,-89.2184599,8,218
3572,48.43496,-89.2192199,9,326
3572,48.43481,-89.21936,10,339
3572,48.43447,-89.21986,11,398
3572,48.43317,-89.22115,12,568
3572,48.43301,-89.22133,13,589
3572,48.43286,-89.22147,14,608
3572,48.43284,-89.22153,15,614
3572,48.4334699,-89.22289,16,733
3572,48.43395,-89.22375,17,831
3572,48.43404,-89.2241499,18,842
3572,48.4345299,-89.2252299,19,934
3572,48.43476,-89.22555,20,992
3572,48.43483,-89.2259199,21,1000
3572,48.43493,-89.22616,22,1016
3572,48.43493,-89.2262,23,1022
3572,48.4349,-89.22632,24,1031
3572,48.43408,-89.22714,25,1145
3572,48.43362,-89.2276199,26,1197
3572,48.43339,-89.22788,27,1260
3572,48.4326,-89.2286799,28,1370
3572,48.43204,-89.22926,29,1438
3572,48.43204,-89.22928,30,1445
3572,48.4312699,-89.23,31,1552
3572,48.4305,-89.23094,32,1649
3572,48.43024,-89.2310699,33,1687
3572,48.42946,-89.23187,34,1792
3572,48.42863,-89.23275,35,1902
3572,48.42854,-89.23283,36,1908
3572,48.42846,-89.23295,37,1923
3572,48.42831,-89.2330999,38,1941
3572,48.42828,-89.23318,39,1948
3572,48.4282899,-89.23331,40,1959
3572,48.42876,-89.23477,41,2069
3572,48.4290799,-89.2359999,42,2180
3572,48.42921,-89.23678,43,2233
3572,48.42919,-89.2368799,44,2239
3572,48.4292399,-89.23821,45,2337
3572,48.42929,-89.23828,46,2343
3572,48.42951,-89.23828,47,2368
3572,48.42956,-89.23831,48,2377
3572,48.42965,-89.2384499,49,2390
3572,48.4299999,-89.23976,50,2497
3572,48.4304599,-89.2414799,51,2639
3572,48.43077,-89.24255,52,2718
3572,48.43109,-89.24362,53,2803
3572,48.43121,-89.24385,54,2824
3572,48.4312099,-89.2439999,55,2830
3572,48.4315399,-89.24531,56,2934
3572,48.43184,-89.24606,57,3000
3572,48.43182,-89.2461399,58,3006
3572,48.43182,-89.24625,59,3015
3572,48.43214,-89.2475199,60,3119
3572,48.4326,-89.24902,61,3234
3572,48.43263,-89.24928,62,3255
3572,48.43296,-89.2504999,63,3355
3572,48.4333,-89.25167,64,3446
3572,48.4333399,-89.25174,65,3454
3572,48.43366,-89.25299,66,3557
3572,48.4337699,-89.25337,67,3587
3572,48.43388,-89.2535899,68,3605
3572,48.43463,-89.2543699,69,3705
3572,48.43487,-89.25458,70,3732
3572,48.4348899,-89.2546399,71,3740
3572,48.4356099,-89.25541,72,3841
3572,48.43569,-89.25548,73,3853
3572,48.43576,-89.25557,74,3859
3572,48.4358399,-89.25564,75,3866
3572,48.43658,-89.25642,76,3974
3572,48.43689,-89.25671,77,4006
3572,48.4379699,-89.25787,78,4146
3572,48.4387599,-89.2587099,79,4258
3572,48.43919,-89.25913,80,4313
3572,48.43995,-89.25997,81,4423
3572,48.44071,-89.26076,82,4523
3572,48.44105,-89.26108,83,4564
3572,48.44108,-89.2610999,84,4571
3572,48.44124,-89.26128,85,4600
3572,48.4412799,-89.26131,86,4608
3572,48.44205,-89.26221,87,4710
3572,48.44285,-89.2630099,88,4817
3572,48.4436799,-89.2638999,89,4928
3572,48.44443,-89.26477,90,5030
3572,48.44471,-89.2651,91,5067
3572,48.44472,-89.2654099,92,5090
3572,48.44469,-89.2656299,93,5111
3572,48.44477,-89.26732,94,5232
3572,48.44469,-89.26772,95,5249
3572,48.44469,-89.2691,96,5353
3572,48.44469,-89.27071,97,5468
3572,48.44469,-89.27211,98,5572
3572,48.4446999,-89.27347,99,5675
3572,48.44469,-89.2750299,100,5785
3572,48.4448,-89.27548,101,5846
3572,48.44469,-89.27592,102,5853
3572,48.44469,-89.2776199,103,5981
3572,48.44469,-89.27898,104,6081
3572,48.44482,-89.28006,105,6173
3572,48.44468,-89.28033,106,6188
3572,48.44469,-89.2817,107,6294
3572,48.44468,-89.28325,108,6403
3572,48.44468,-89.2845399,109,6494
3572,48.44472,-89.28466,110,6502
3572,48.44481,-89.2847,111,6514
3572,48.44499,-89.28456,112,6565
3572,48.4452299,-89.28465,113,6578
3572,48.4462,-89.28463,114,6679
3572,48.4470899,-89.28462,115,6781
3572,48.44799,-89.28462,116,6881
3572,48.44797,-89.28458,117,6901
3572,48.4490699,-89.2846099,118,7006
3572,48.4499799,-89.2846099,119,7108
3572,48.45058,-89.28454,120,7199
3572,48.4505,-89.2846,121,7210
3572,48.4513699,-89.28456,122,7311
3572,48.4523799,-89.28453,123,7414
3572,48.45247,-89.28452,124,7424
3572,48.4525099,-89.28442,125,7432
3572,48.4525499,-89.2841799,126,7453
3572,48.45248,-89.28318,127,7519
3572,48.45252,-89.282,128,7585
3572,48.45226,-89.2805999,129,7694
3572,48.45217,-89.28041,130,7731
3572,48.45203,-89.2780799,131,7886
3572,48.4520199,-89.2765699,132,8001
3572,48.452,-89.2760099,133,8033
3572,48.452,-89.27445,134,8153
3572,48.4519899,-89.2733199,135,8236
3572,48.4518599,-89.27277,136,8271
3572,48.45188,-89.2726599,137,8282
3572,48.45221,-89.27192,138,8331
3572,48.45243,-89.2716099,139,8338
3572,48.4529399,-89.2704999,140,8442
3572,48.45349,-89.26932,141,8548
3572,48.45383,-89.26839,142,8640
3572,48.45401,-89.26815,143,8653
3572,48.4545,-89.2671,144,8741
3572,48.4550699,-89.2658699,145,8858
3572,48.4556,-89.26456,146,8989
3572,48.45581,-89.2642899,147,8996
3572,48.45585,-89.2641599,148,9009
3572,48.45581,-89.2640299,149,9018
3572,48.4549799,-89.26286,150,9148
3572,48.45494,-89.26279,151,9170
3572,48.4549,-89.26274,152,9177
3572,48.4544099,-89.26164,153,9282
3572,48.4539199,-89.26043,154,9382
3572,48.45321,-89.25862,155,9541
3572,48.4529,-89.25774,156,9584
3572,48.45247,-89.2566,157,9685
3572,48.45201,-89.25531,158,9789
3572,48.45178,-89.25478,159,9839
3573,48.43568,-89.21703,0,0
3573,48.43532,-89.21726,1,20
3573,48.4352799,-89.21737,2,28
3573,48.4353,-89.2175,3,39
3573,48.43565,-89.2182999,4,108
3573,48.4357399,-89.2183999,5,120
3573,48.43655,-89.21754,6,227
3573,48.4366,-89.21753,7,234
3573,48.43667,-89.2176,8,242
3573,48.43735,-89.21906,9,372
3573,48.43736,-89.21908,10,379
3573,48.43737,-89.21913,11,385
3573,48.43762,-89.2196799,12,432
3573,48.43766,-89.2197399,13,438
3573,48.43822,-89.2210199,14,557
3573,48.4387199,-89.2221099,15,654
3573,48.4387299,-89.22229,16,664
3573,48.4387,-89.2223699,17,672
3573,48.43783,-89.22327,18,788
3573,48.4372,-89.22391,19,836
3573,48.43726,-89.22389,20,861
3573,48.4365299,-89.22462,21,962
3573,48.4357699,-89.2254199,22,1067
3573,48.43532,-89.22589,23,1121
3573,48.43529,-89.22594,24,1128
3573,48.4352499,-89.22596,25,1135
3573,48.43448,-89.22676,26,1236
3573,48.43428,-89.2269699,27,1260
3573,48.43339,-89.22788,28,1377
3573,48.4326,-89.2286799,29,1487
3573,48.43204,-89.22926,30,1555
3573,48.43204,-89.22928,31,1562
3573,48.4312699,-89.23,32,1669
3573,48.4305,-89.23094,33,1766
3573,48.43024,-89.2310699,34,1804
3573,48.42946,-89.23187,35,1909
3573,48.42863,-89.23275,36,2019
3573,48.42828,-89.23313,37,2067
3573,48.4273999,-89.23377,38,2180
3573,48.42646,-89.23442,39,2293
3573,48.42643,-89.2344899,40,2300
3573,48.4256599,-89.23502,41,2402
3573,48.4253299,-89.23526,42,2434
3573,48.4244099,-89.23592,43,2550
3573,48.42403,-89.23616,44,2593
3573,48.42391,-89.23631,45,2605
3573,48.4230699,-89.23689,46,2718
3573,48.42295,-89.2369799,47,2725
3573,48.4223,-89.23755,48,2811
3573,48.4221,-89.23761,49,2829
3573,48.4212999,-89.23818,50,2935
3573,48.4204099,-89.23883,51,3045
3573,48.4195899,-89.23942,52,3149
3573,48.41898,-89.23993,53,3226
3573,48.41886,-89.2399599,54,3234
3573,48.41809,-89.24051,55,3338
3573,48.41787,-89.24067,56,3354
3573,48.4169999,-89.2413,57,3471
3573,48.41677,-89.24144,58,3495
3573,48.4166999,-89.24153,59,3505
3573,48.4158799,-89.2421299,60,3613
3573,48.41484,-89.24296,61,3731
3573,48.41472,-89.24297,62,3739
3573,48.41389,-89.2435799,63,3841
3573,48.41307,-89.24418,64,3947
3573,48.41234,-89.24472,65,4035
3573,48.41154,-89.2453,66,4136
3573,48.4108199,-89.2456499,67,4222
3573,48.4098699,-89.2456499,68,4334
3573,48.40889,-89.24568,69,4417
3573,48.409,-89.2456499,70,4424
3573,48.40897,-89.2456399,71,4430
3573,48.4079999,-89.2455799,72,4542
3573,48.40701,-89.24554,73,4648
3573,48.40681,-89.24553,74,4670
3573,48.4067599,-89.2455,75,4678
3573,48.40671,-89.24544,76,4686
3573,48.4066499,-89.24524,77,4701
3573,48.40673,-89.24375,78,4815
3573,48.4067199,-89.24251,79,4909
3573,48.40654,-89.2412499,80,4996
3573,48.40651,-89.24116,81,5002
3573,48.4064299,-89.24104,82,5012
3573,48.40634,-89.24101,83,5025
3573,48.40552,-89.2413799,84,5125
3573,48.40517,-89.24163,85,5156
3573,48.4049499,-89.2416399,86,5172
3573,48.40425,-89.24192,87,5247
3573,48.40422,-89.2419699,88,5253
3573,48.4041999,-89.2420299,89,5259
3573,48.40421,-89.24232,90,5282
3573,48.4043299,-89.2430499,91,5328
3573,48.4043,-89.2431799,92,5339
3573,48.4041899,-89.24319,93,5352
3573,48.40375,-89.243,94,5403
3573,48.40365,-89.24306,95,5414
3573,48.40349,-89.2433,96,5446
3573,48.4032399,-89.24342,97,5482
3573,48.40316,-89.24339,98,5489
3573,48.40313,-89.2433499,99,5495
3573,48.40293,-89.2422699,100,5572
3573,48.4028799,-89.24219,101,5579
3573,48.40284,-89.2421599,102,5585
3573,48.4016999,-89.24202,103,5710
3573,48.40162,-89.2420699,104,5717
3573,48.40159,-89.24212,105,5723
3573,48.40156,-89.2421999,106,5731
3573,48.40143,-89.2430799,107,5797
3573,48.4012999,-89.2435099,108,5832
3573,48.40103,-89.24405,109,5876
3573,48.40064,-89.24477,110,5950
3573,48.4005799,-89.24501,111,5971
3573,48.4005499,-89.24544,112,5998
3573,48.4005199,-89.2455199,113,6006
3573,48.4004799,-89.2455799,114,6013
3573,48.40037,-89.24563,115,6025
3573,48.39945,-89.2456099,116,6126
3573,48.39886,-89.24556,117,6190
3573,48.39879,-89.2456099,118,6197
3573,48.39853,-89.2456,119,6223
3573,48.39762,-89.2456,120,6331
3573,48.3966799,-89.24559,121,6431
3573,48.3959,-89.24559,122,6519
3573,48.3950399,-89.2455799,123,6619
3573,48.3939,-89.24558,124,6739
3573,48.39384,-89.2456,125,6749
3573,48.3929299,-89.2456,126,6857
3573,48.3918899,-89.2455799,127,6970
3573,48.39101,-89.24557,128,7070
3573,48.39032,-89.24559,129,7123
3573,48.39036,-89.24556,130,7129
3573,48.38934,-89.2455799,131,7246
3573,48.3883699,-89.2455799,132,7355
3573,48.38784,-89.24558,133,7400
3573,48.3878799,-89.2455799,134,7408
3573,48.38701,-89.2455499,135,7512
3573,48.38605,-89.2455199,136,7620
3573,48.38576,-89.2455199,137,7638
3573,48.38503,-89.24555,138,7715
3573,48.3849899,-89.2455199,139,7724
3573,48.3840099,-89.2455199,140,7832
3573,48.3830599,-89.24553,141,7940
3573,48.38247,-89.24602,142,8030
3574,48.45221,-89.27192,0,0
3574,48.45243,-89.2716099,1,7
3574,48.4529399,-89.2704999,2,111
3574,48.45349,-89.26932,3,217
3574,48.45383,-89.26839,4,309
3574,48.45401,-89.26815,5,322
3574,48.4545,-89.2671,6,410
3574,48.4550699,-89.2658699,7,527
3574,48.4556,-89.26456,8,658
3574,48.45581,-89.2642899,9,665
3574,48.45585,-89.2641599,10,678
3574,48.45581,-89.2640299,11,687
3574,48.4549799,-89.26286,12,817
3574,48.45494,-89.26279,13,839
3574,48.4549,-89.26274,14,846
3574,48.4544099,-89.26164,15,951
3574,48.4539199,-89.26043,16,1051
3574,48.45321,-89.25862,17,1210
3574,48.4529,-89.25774,18,1253
3574,48.45247,-89.2566,19,1354
3574,48.45201,-89.25531,20,1458
3574,48.45178,-89.25478,21,1508
3574,48.45175,-89.2545799,22,1520
3574,48.45108,-89.25272,23,1679
3574,48.4506799,-89.25196,24,1749
3574,48.4504499,-89.2516899,25,1782
3574,48.4496,-89.25102,26,1886
3574,48.44876,-89.2503699,27,1991
3574,48.44821,-89.2499,28,2069
3574,48.4480199,-89.24984,29,2078
3574,48.44722,-89.2492,30,2182
3574,48.44697,-89.24895,31,2219
3574,48.4459199,-89.24836,32,2344
3574,48.44502,-89.2479,33,2450
3574,48.44482,-89.24779,34,2464
3574,48.44443,-89.24752,35,2510
3574,48.44436,-89.24754,36,2517
3574,48.4434,-89.2470899,37,2637
3574,48.44308,-89.24697,38,2668
3574,48.4421999,-89.2466299,39,2775
3574,48.4419799,-89.24655,40,2796
3574,48.4414,-89.24625,41,2863
3574,48.44131,-89.24625,42,2870
3574,48.4411899,-89.2461399,43,2889
3574,48.44107,-89.2459799,44,2911
3574,48.44091,-89.24563,45,2943
3574,48.44075,-89.24457,46,3016
3574,48.44072,-89.24362,47,3091
3574,48.44049,-89.24247,48,3174
3574,48.4404699,-89.24245,49,3180
3574,48.44013,-89.2411499,50,3284
3574,48.44005,-89.24073,51,3311
3574,48.44002,-89.24068,52,3318
3574,48.43963,-89.23915,53,3435
3574,48.43923,-89.23778,54,3550
3574,48.43899,-89.23694,55,3615
3574,48.4383299,-89.23441,56,3804
3574,48.43822,-89.23392,57,3864
3574,48.4378,-89.2323799,58,3964
3574,48.4374399,-89.23106,59,4072
3574,48.43741,-89.23088,60,4105
3574,48.43737,-89.2308699,61,4111
3574,48.43726,-89.23037,62,4154
3574,48.43727,-89.2301,63,4177
3574,48.43775,-89.2288099,64,4284
3574,48.43803,-89.22814,65,4337
3574,48.43809,-89.2279,66,4359
3574,48.43809,-89.22689,67,4420
3574,48.43806,-89.2269999,68,4429
3574,48.43806,-89.22649,69,4468
3574,48.4379099,-89.22576,70,4527
3574,48.43769,-89.2251999,71,4564
3574,48.43707,-89.22416,72,4669
3574,48.4370499,-89.2240499,73,4679
3574,48.43707,-89.2239099,74,4689
3574,48.43744,-89.22347,75,4743
3574,48.4375799,-89.22337,76,4756
3574,48.43762,-89.22331,77,4764
3574,48.43848,-89.22243,78,4881
3574,48.43871,-89.22215,79,4906
3574,48.4387,-89.22207,80,4913
3574,48.4381699,-89.2210199,81,5013
3574,48.43811,-89.22087,82,5021
3574,48.43756,-89.2197,83,5125
3574,48.43744,-89.21948,84,5154
3574,48.4368899,-89.21818,85,5261
3574,48.4368199,-89.2180099,86,5271
3574,48.4367899,-89.2179699,87,5277
3574,48.43675,-89.21785,88,5286
3574,48.43671,-89.21777,89,5292
3574,48.43668,-89.2177399,90,5298
3574,48.4362299,-89.2167599,91,5389
3574,48.43612,-89.21667,92,5401
3574,48.43605,-89.21665,93,5409
3574,48.4359299,-89.21667,94,5421
3574,48.43586,-89.21671,95,5429
3574,48.43563,-89.2169199,96,5460
3574,48.43568,-89.21703,97,5481
3575,48.38247,-89.24602,0,0
3575,48.3824299,-89.2457099,1,7
3575,48.38248,-89.24556,2,24
3575,48.38252,-89.2455099,3,30
3575,48.3825899,-89.24546,4,38
3575,48.3832199,-89.24546,5,102
3575,48.3833,-89.24539,6,110
3575,48.3833199,-89.2452799,7,119
3575,48.3832899,-89.24386,8,223
3575,48.3832899,-89.2433099,9,262
3575,48.3833199,-89.2432099,10,273
3575,48.3835,-89.24303,11,296
3575,48.38369,-89.24296,12,317
3575,48.38376,-89.24297,13,323
3575,48.38392,-89.2429199,14,342
3575,48.38513,-89.24194,15,467
3575,48.38508,-89.24195,16,475
3575,48.3859499,-89.2413,17,588
3575,48.38615,-89.24114,18,609
3575,48.38701,-89.2404,19,718
3575,48.38802,-89.23959,20,852
3575,48.38852,-89.23912,21,905
3575,48.38934,-89.23847,22,1017
3575,48.39002,-89.23789,23,1099
3575,48.3907999,-89.2372799,24,1202
3575,48.3919,-89.23635,25,1347
3575,48.39222,-89.2361,26,1371
3575,48.3922499,-89.2360599,27,1379
3575,48.3930699,-89.2353999,28,1480
3575,48.39315,-89.23536,29,1493
3575,48.3932599,-89.2353699,30,1503
3575,48.39378,-89.23574,31,1567
3575,48.3946699,-89.2365,32,1678
3575,48.39513,-89.23683,33,1729
3575,48.3951699,-89.23689,34,1736
3575,48.39607,-89.23757,35,1847
3575,48.39607,-89.2375999,36,1855
3575,48.39692,-89.23828,37,1964
3575,48.39733,-89.23858,38,2007
3575,48.3973699,-89.23858,39,2015
3575,48.3974299,-89.23867,40,2031
3575,48.3982499,-89.2393399,41,2141
3575,48.39912,-89.24008,42,2247
3575,48.39991,-89.2408799,43,2356
3575,48.40027,-89.24111,44,2392
3575,48.4003499,-89.2412199,45,2400
3575,48.40096,-89.2416399,46,2475
3575,48.4017699,-89.24189,47,2578
3575,48.4028199,-89.24209,48,2687
3575,48.40294,-89.2421299,49,2699
3575,48.40299,-89.24218,50,2706
3575,48.40303,-89.24232,51,2717
3575,48.40313,-89.24306,52,2772
3575,48.4031799,-89.24324,53,2783
3575,48.40323,-89.2433,54,2789
3575,48.4033,-89.24329,55,2797
3575,48.40347,-89.24302,56,2817
3575,48.40371,-89.2429799,57,2840
3575,48.40412,-89.24313,58,2885
3575,48.4041999,-89.2430899,59,2894
3575,48.40425,-89.243,60,2901
3575,48.40425,-89.2428499,61,2911
3575,48.4040999,-89.2419999,62,2970
3575,48.4040999,-89.24192,63,2976
3575,48.40411,-89.2418699,64,2982
3575,48.40414,-89.2418099,65,2988
3575,48.40424,-89.2416999,66,3001
3575,48.40477,-89.24145,67,3056
3575,48.40487,-89.2414799,68,3065
3575,48.40573,-89.24104,69,3190
3575,48.40706,-89.24054,70,3319
3575,48.4080399,-89.24015,71,3433
3575,48.40814,-89.24009,72,3458
3575,48.4081599,-89.2400999,73,3469
3575,48.4092099,-89.23966,74,3599
3575,48.40934,-89.2396099,75,3607
3575,48.4102699,-89.23922,76,3722
3575,48.4106599,-89.23904,77,3759
3575,48.4116099,-89.2386199,78,3877
3575,48.41267,-89.2381299,79,3994
3575,48.41367,-89.23756,80,4104
3575,48.4137399,-89.23759,81,4110
3575,48.4145999,-89.2372099,82,4218
3575,48.4154899,-89.23671,83,4322
3575,48.41632,-89.23621,84,4423
3575,48.4172899,-89.23559,85,4534
3575,48.41816,-89.23502,86,4640
3575,48.4190299,-89.23443,87,4748
3575,48.4198899,-89.23387,88,4852
3575,48.42073,-89.23335,89,4953
3575,48.42144,-89.23292,90,5028
3575,48.42151,-89.2329,91,5037
3575,48.42157,-89.2329,92,5045
3575,48.42202,-89.2331,93,5102
3575,48.42214,-89.2331399,94,5110
3575,48.4230399,-89.23315,95,5218
3575,48.4239599,-89.2331399,96,5320
3575,48.42442,-89.23308,97,5385
3575,48.42469,-89.23316,98,5392
3575,48.42522,-89.23312,99,5448
3575,48.4253599,-89.2330099,100,5468
3575,48.4261,-89.2321499,101,5571
3575,48.42614,-89.23202,102,5602
3575,48.42732,-89.2307099,103,5765
3575,48.42798,-89.22994,104,5856
3575,48.42807,-89.2298899,105,5864
3575,48.4288399,-89.2290999,106,5976
3575,48.42959,-89.22833,107,6077
3575,48.42979,-89.22809,108,6097
3575,48.42984,-89.2280799,109,6107
3575,48.4306799,-89.2272599,110,6219
3575,48.43074,-89.22715,111,6227
3575,48.4307199,-89.2270299,112,6237
3575,48.43057,-89.22677,113,6261
3575,48.4305,-89.2266699,114,6268
3575,48.42985,-89.22518,115,6398
3575,48.42982,-89.2250699,116,6410
3575,48.4298299,-89.22489,117,6422
3575,48.4298599,-89.22479,118,6432
3575,48.4304499,-89.2236199,119,6539
3575,48.43051,-89.22347,120,6550
3575,48.4305899,-89.2234,121,6563
3575,48.4308,-89.2234499,122,6584
3575,48.43086,-89.22344,123,6592
3575,48.43121,-89.22304,124,6645
3575,48.4319999,-89.2222699,125,6746
3575,48.43222,-89.2220399,126,6775
3575,48.43266,-89.22154,127,6833
3575,48.4334699,-89.2207599,128,6956
3575,48.43363,-89.2205999,129,6969
3575,48.43452,-89.21959,130,7094
3575,48.4353,-89.2187999,131,7197
3575,48.43609,-89.2180399,132,7302
3575,48.4365299,-89.21754,133,7362
3575,48.43655,-89.21743,134,7370
3575,48.43654,-89.2173499,135,7377
3575,48.43619,-89.2166999,136,7435
3575,48.43615,-89.2166599,137,7441
3575,48.4360999,-89.21664,138,7447
3575,48.43596,-89.2166999,139,7463
3575,48.43568,-89.21703,140,7491
3576,48.46104,-89.23474,0,0
3576,48.46106,-89.2349099,1,11
3576,48.46113,-89.23497,2,18
3576,48.4611799,-89.23496,3,24
3576,48.46175,-89.2345199,4,101
3576,48.46182,-89.23444,5,107
3576,48.4618699,-89.23433,6,118
3576,48.4619299,-89.2340899,7,142
3576,48.46202,-89.23315,8,206
3576,48.46227,-89.23142,9,308
3576,48.46231,-89.23128,10,319
3576,48.46234,-89.23122,11,327
3576,48.4624599,-89.2311299,12,339
3576,48.46318,-89.2311,13,442
3576,48.46343,-89.2312299,14,448
3576,48.4634699,-89.2313699,15,461
3576,48.46343,-89.23323,16,600
3576,48.46342,-89.2347099,17,702
3576,48.4634,-89.23604,18,804
3576,48.4633799,-89.2375999,19,917
3576,48.4634,-89.23874,20,1025
3576,48.46337,-89.2387899,21,1035
3576,48.4633499,-89.2401999,22,1141
3576,48.46337,-89.24133,23,1214
3576,48.4633499,-89.2413,24,1222
3576,48.46333,-89.2426,25,1323
3576,48.46332,-89.24393,26,1423
3576,48.4633099,-89.2453,27,1524
3576,48.4633,-89.24702,28,1631
3576,48.46332,-89.2470599,29,1637
3576,48.4633,-89.2471899,30,1650
3576,48.46326,-89.24864,31,1762
3576,48.46327,-89.25005,32,1855
3576,48.4632499,-89.2500799,33,1863
3576,48.4632499,-89.25151,34,1975
3576,48.46323,-89.2529599,35,2085
3576,48.46324,-89.25375,36,2163
3576,48.4632099,-89.2554299,37,2266
3576,48.46323,-89.25571,38,2306
3576,48.4632099,-89.2557899,39,2315
3576,48.46319,-89.25748,40,2438
3576,48.46317,-89.2582,41,2496
3576,48.46309,-89.2583,42,2507
3576,48.46263,-89.2583,43,2554
3576,48.46178,-89.25826,44,2654
3576,48.4609099,-89.25823,45,2754
3576,48.45984,-89.25822,46,2881
3576,48.4586799,-89.25816,47,2986
3576,48.4578299,-89.25813,48,3088
3576,48.4568499,-89.2580899,49,3190
3576,48.4568,-89.2581,50,3210
3576,48.45565,-89.25804,51,3327
3576,48.4551999,-89.2581499,52,3378
3576,48.4548,-89.25847,53,3428
3576,48.4539899,-89.2594299,54,3529
3576,48.45374,-89.2597299,55,3572
3576,48.45371,-89.25974,56,3578
3576,48.45357,-89.25962,57,3592
3576,48.45355,-89.25952,58,3603
3576,48.4530699,-89.25823,59,3710
3576,48.4529,-89.25774,60,3749
3576,48.45247,-89.2566,61,3850
3576,48.45201,-89.25531,62,3954
3576,48.45178,-89.25478,63,4004
3576,48.45175,-89.2545799,64,4016
3576,48.45108,-89.25272,65,4175
3576,48.4506799,-89.25196,66,4245
3576,48.4504499,-89.2516899,67,4278
3576,48.4496,-89.25102,68,4382
3576,48.44876,-89.2503699,69,4487
3576,48.44821,-89.2499,70,4565
3576,48.4480199,-89.24984,71,4574
3576,48.44722,-89.2492,72,4678
3576,48.44697,-89.24895,73,4715
3576,48.4459199,-89.24836,74,4840
3576,48.44502,-89.2479,75,4946
3576,48.44482,-89.24779,76,4960
3576,48.44443,-89.24752,77,5006
3576,48.44436,-89.24754,78,5013
3576,48.4434,-89.2470899,79,5133
3576,48.44308,-89.24697,80,5164
3576,48.4421999,-89.2466299,81,5271
3576,48.4419799,-89.24655,82,5292
3576,48.4414,-89.24625,83,5359
3576,48.44131,-89.24625,84,5366
3576,48.4411899,-89.2461399,85,5385
3576,48.44107,-89.2459799,86,5407
3576,48.44091,-89.24563,87,5439
3576,48.44075,-89.24457,88,5512
3576,48.44072,-89.24362,89,5587
3576,48.44049,-89.24247,90,5670
3576,48.4404699,-89.24245,91,5676
3576,48.44013,-89.2411499,92,5780
3576,48.44005,-89.24073,93,5807
3576,48.44002,-89.24068,94,5814
3576,48.43963,-89.23915,95,5931
3576,48.43923,-89.23778,96,6046
3576,48.43899,-89.23694,97,6111
3576,48.4383299,-89.23441,98,6300
3576,48.43822,-89.23392,99,6360
3576,48.4378,-89.2323799,100,6460
3576,48.4374399,-89.23106,101,6568
3576,48.43741,-89.23088,102,6601
3576,48.43737,-89.2308699,103,6607
3576,48.43726,-89.23037,104,6650
3576,48.43727,-89.2301,105,6673
3576,48.43775,-89.2288099,106,6780
3576,48.43803,-89.22814,107,6833
3576,48.43809,-89.2279,108,6855
3576,48.43809,-89.22689,109,6916
3576,48.43806,-89.2269999,110,6925
3576,48.43806,-89.22649,111,6964
3576,48.4379099,-89.22576,112,7023
3576,48.43769,-89.2251999,113,7060
3576,48.43707,-89.22416,114,7165
3576,48.4370499,-89.2240499,115,7175
3576,48.43707,-89.2239099,116,7185
3576,48.43744,-89.22347,117,7239
3576,48.4375799,-89.22337,118,7252
3576,48.43762,-89.22331,119,7260
3576,48.43848,-89.22243,120,7377
3576,48.43871,-89.22215,121,7402
3576,48.4387,-89.22207,122,7409
3576,48.4381699,-89.2210199,123,7509
3576,48.43811,-89.22087,124,7517
3576,48.43756,-89.2197,125,7621
3576,48.43744,-89.21948,126,7650
3576,48.4368899,-89.21818,127,7757
3576,48.4368199,-89.2180099,128,7767
3576,48.4367899,-89.2179699,129,7773
3576,48.43675,-89.21785,130,7782
3576,48.43671,-89.21777,131,7788
3576,48.43668,-89.2177399,132,7794
3576,48.4362299,-89.2167599,133,7885
3576,48.43612,-89.21667,134,7897
3576,48.43605,-89.21665,135,7905
3576,48.4359299,-89.21667,136,7917
3576,48.43586,-89.21671,137,7925
3576,48.43563,-89.2169199,138,7956
3576,48.43568,-89.21703,139,7977
3577,48.43568,-89.21703,0,0
3577,48.43532,-89.21726,1,20
3577,48.4352799,-89.21737,2,28
3577,48.4353,-89.2175,3,39
3577,48.43565,-89.2182999,4,108
3577,48.4357399,-89.2183999,5,120
3577,48.43655,-89.21754,6,227
3577,48.4366,-89.21753,7,234
3577,48.43667,-89.2176,8,242
3577,48.43735,-89.21906,9,372
3577,48.4373799,-89.2190899,10,383
3577,48.4375,-89.21943,11,409
3577,48.43756,-89.2195199,12,418
3577,48.4376699,-89.2198,13,446
3577,48.43773,-89.21989,14,453
3577,48.43785,-89.21989,15,462
3577,48.43866,-89.2189,16,570
3577,48.43874,-89.2188899,17,582
3577,48.4394799,-89.21818,18,683
3577,48.44025,-89.21737,19,787
3577,48.44088,-89.21656,20,866
3577,48.4416499,-89.21589,21,931
3577,48.44177,-89.2157,22,951
3577,48.44182,-89.21565,23,959
3577,48.4418799,-89.21562,24,967
3577,48.4420099,-89.21565,25,980
3577,48.44213,-89.2157699,26,995
3577,48.4427599,-89.2167599,27,1098
3577,48.44298,-89.21713,28,1132
3577,48.44305,-89.21711,29,1138
3577,48.44374,-89.2160999,30,1249
3577,48.44417,-89.2154,31,1327
3577,48.44423,-89.21539,32,1334
3577,48.44495,-89.21444,33,1448
3577,48.44571,-89.2133799,34,1559
3577,48.4460799,-89.21286,35,1610
3577,48.44613,-89.21284,36,1617
3577,48.44622,-89.2128899,37,1628
3577,48.4467699,-89.21379,38,1723
3577,48.44694,-89.21392,39,1741
3577,48.44752,-89.21387,40,1790
3577,48.4477,-89.2139999,41,1803
3577,48.44863,-89.21405,42,1904
3577,48.44954,-89.2140999,43,2008
3577,48.4505,-89.2141599,44,2108
3577,48.45115,-89.21412,45,2180
3577,48.4512299,-89.2141699,46,2186
3577,48.45213,-89.21422,47,2295
3577,48.4531299,-89.2142599,48,2400
3577,48.45345,-89.21428,49,2434
3577,48.45351,-89.21431,50,2441
3577,48.45354,-89.21441,51,2450
3577,48.45351,-89.21606,52,2576
3577,48.45355,-89.21736,53,2668
3577,48.45348,-89.21753,54,2680
3577,48.4534599,-89.21895,55,2782
3577,48.45345,-89.21927,56,2802
3577,48.45348,-89.22104,57,2936
3577,48.4534299,-89.22121,58,2945
3577,48.45335,-89.2232199,59,3102
3577,48.45322,-89.22469,60,3214
3577,48.4531699,-89.22534,61,3256
3577,48.45312,-89.22548,62,3268
3577,48.45305,-89.2255199,63,3276
3577,48.45296,-89.2255299,64,3286
3577,48.4528999,-89.2255199,65,3294
3577,48.45248,-89.22557,66,3339
3577,48.45243,-89.2255199,67,3346
3577,48.45142,-89.2255,68,3466
3577,48.45034,-89.22558,69,3576
3577,48.4501799,-89.2258199,70,3583
3577,48.4502,-89.22725,71,3689
3577,48.4502,-89.22774,72,3722
3577,48.45024,-89.2278899,73,3733
3577,48.4503099,-89.2279499,74,3742
3577,48.45036,-89.22796,75,3749
3577,48.45046,-89.22793,76,3761
3577,48.45142,-89.22793,77,3874
3577,48.45204,-89.22791,78,3964
3577,48.4523799,-89.22781,79,3979
3577,48.4530699,-89.22666,80,4098
3577,48.45312,-89.22643,81,4112
3577,48.4531099,-89.22561,82,4168
3577,48.4531299,-89.2255199,83,4177
3577,48.45319,-89.2254599,84,4186
3577,48.4532399,-89.22544,85,4193
3577,48.45418,-89.22548,86,4297
3577,48.4549,-89.22542,87,4396
3577,48.4560299,-89.2254899,88,4496
3577,48.45687,-89.22545,89,4586
3577,48.4569099,-89.22548,90,4592
3577,48.4577999,-89.2254899,91,4695
3577,48.45879,-89.2254899,92,4803
3577,48.45887,-89.22546,93,4834
3577,48.45999,-89.2255,94,4938
3577,48.4601999,-89.22548,95,4961
3577,48.46025,-89.2253899,96,4969
3577,48.46027,-89.22435,97,5041
3577,48.46031,-89.22422,98,5056
3577,48.46043,-89.2241499,99,5069
3577,48.46075,-89.22408,100,5122
3577,48.4607899,-89.22413,101,5134
3577,48.4611099,-89.2241799,102,5169
3577,48.46146,-89.22413,103,5214
3577,48.4616699,-89.2240099,104,5236
3577,48.46186,-89.2237899,105,5259
3577,48.46194,-89.2236499,106,5276
3577,48.46238,-89.22245,107,5378
3577,48.4628199,-89.22124,108,5480
3577,48.4633099,-89.2199099,109,5589
3577,48.46362,-89.2186299,110,5689
3577,48.46364,-89.21779,111,5749
3577,48.4636699,-89.2176499,112,5759
3577,48.4636999,-89.21629,113,5862
3577,48.46372,-89.2148499,114,5972
3577,48.46368,-89.21432,115,6008
3577,48.4636999,-89.21429,116,6015
3577,48.4637099,-89.21422,117,6021
3577,48.4637399,-89.2128899,118,6122
3577,48.46376,-89.2114399,119,6228
3577,48.46373,-89.20977,120,6347
3577,48.46373,-89.20939,121,6353
3577,48.46281,-89.2093699,122,6455
3577,48.46186,-89.20933,123,6560
3577,48.4616,-89.20936,124,6609
3577,48.46074,-89.20926,125,6688
3577,48.46063,-89.2093099,126,6697
3577,48.4606,-89.2093799,127,6704
3577,48.4606,-89.21083,128,6817
3577,48.46064,-89.21156,129,6883
3577,48.46061,-89.21199,130,6909
3577,48.4606,-89.2120299,131,6918
3577,48.46057,-89.2135799,132,7038
3577,48.46057,-89.2145599,133,7099
3577,48.46048,-89.21471,134,7119
3577,48.46,-89.21468,135,7140
3578,48.40517,-89.24163,0,0
3578,48.40509,-89.2415699,1,9
3578,48.4042299,-89.2418999,2,112
3578,48.4033,-89.2421299,3,218
3578,48.4028199,-89.2421699,4,262
3578,48.40168,-89.2419999,5,393
3578,48.40162,-89.24202,6,399
3578,48.40156,-89.24219,7,411
3578,48.40155,-89.24261,8,444
3578,48.40143,-89.2432199,9,494
3578,48.40122,-89.2437799,10,537
3578,48.4007,-89.2447199,11,627
3578,48.4006499,-89.2449199,12,641
3578,48.40063,-89.2453,13,669
3578,48.40069,-89.24544,14,682
3578,48.40079,-89.2455,15,693
3578,48.40172,-89.24547,16,800
3578,48.4028,-89.24541,17,912
3578,48.40284,-89.24544,18,920
3578,48.4037399,-89.2454499,19,1024
3578,48.40467,-89.24542,20,1126
3578,48.40581,-89.2454499,21,1246
3578,48.40674,-89.24543,22,1349
3578,48.40762,-89.2454499,23,1453
3578,48.40864,-89.24546,24,1564
3578,48.40922,-89.24546,25,1621
3578,48.4092199,-89.24547,26,1628
3578,48.41011,-89.2454799,27,1732
3578,48.41061,-89.24543,28,1778
3578,48.41075,-89.2454499,29,1789
3578,48.4112499,-89.2452799,30,1848
3578,48.4120699,-89.2447,31,1953
3578,48.41294,-89.24405,32,2056
3578,48.4137099,-89.2435,33,2156
3578,48.41458,-89.24284,34,2267
3578,48.41503,-89.24249,35,2316
3578,48.4150599,-89.24248,36,2322
3578,48.4159499,-89.2418699,37,2439
3578,48.41705,-89.24102,38,2562
3578,48.41707,-89.24103,39,2571
3578,48.4179199,-89.2404299,40,2677
3578,48.41879,-89.23976,41,2789
3578,48.4188699,-89.23975,42,2799
3578,48.4191899,-89.2395,43,2835
3578,48.42023,-89.23872,44,2963
3578,48.42026,-89.2387199,45,2971
3578,48.4212899,-89.2380999,46,3092
3578,48.4215899,-89.2378599,47,3134
3578,48.4216899,-89.23785,48,3145
3578,48.4218499,-89.23801,49,3166
3578,48.4219,-89.2380899,50,3176
3578,48.42204,-89.23821,51,3192
3578,48.4222199,-89.23828,52,3210
3578,48.42316,-89.2383299,53,3320
3578,48.42407,-89.23834,54,3421
3578,48.42509,-89.2383199,55,3529
3578,48.4260599,-89.23831,56,3641
3578,48.42718,-89.23824,57,3765
3578,48.42723,-89.23831,58,3771
3578,48.42804,-89.2383199,59,3861
3578,48.4281199,-89.2384,60,3871
3578,48.4281299,-89.23854,61,3880
3578,48.4281199,-89.2386199,62,3888
3578,48.42811,-89.2399699,63,3989
3578,48.42811,-89.2404,64,4018
3578,48.4281299,-89.24054,65,4027
3578,48.4281299,-89.2406599,66,4036
3578,48.42807,-89.2407899,67,4048
3578,48.4280299,-89.2408199,68,4054
3578,48.42708,-89.24081,69,4157
3578,48.4261899,-89.2408,70,4257
3578,48.4253399,-89.2408199,71,4357
3578,48.4246799,-89.24081,72,4424
3578,48.42359,-89.24087,73,4544
3578,48.42265,-89.24083,74,4654
3578,48.42194,-89.2409,75,4747
3578,48.42165,-89.2408499,76,4778
3578,48.4216199,-89.2409,77,4784
3578,48.42161,-89.24232,78,4891
3578,48.42136,-89.24328,79,4956
3578,48.4212999,-89.2433499,80,4966
3578,48.4210299,-89.24409,81,5033
3578,48.4209299,-89.24485,82,5088
3578,48.42091,-89.24629,83,5194
3578,48.42095,-89.24657,84,5231
3578,48.4208699,-89.24833,85,5351
3578,48.4209,-89.24967,86,5439
3578,48.42085,-89.24966,87,5449
3578,48.4208099,-89.25135,88,5571
3578,48.4208399,-89.2519199,89,5619
3578,48.42099,-89.2527299,90,5675
3578,48.42099,-89.25285,91,5684
3578,48.42095,-89.25294,92,5691
3578,48.4201499,-89.25373,93,5805
3578,48.41968,-89.25466,94,5890
3578,48.4191899,-89.25626,95,6017
3578,48.41875,-89.2571999,96,6103
3578,48.4180099,-89.25797,97,6205
3578,48.4175199,-89.2582,98,6265
3578,48.4164399,-89.2582499,99,6376
3578,48.4155899,-89.25824,100,6469
3578,48.41553,-89.2581499,101,6480
3578,48.41551,-89.2580899,102,6487
3578,48.41553,-89.2548999,103,6719
3578,48.41553,-89.25476,104,6726
3578,48.4155499,-89.2546399,105,6740
3578,48.4156499,-89.25459,106,6750
3578,48.41616,-89.25451,107,6780
3578,48.41607,-89.2545699,108,6790
3578,48.41648,-89.2545699,109,6840
3578,48.4166999,-89.2544699,110,6864
3578,48.4174499,-89.2536899,111,6963
3578,48.41753,-89.25367,112,6972
3578,48.41776,-89.25392,113,7003
3578,48.4177899,-89.254,114,7009
3578,48.41819,-89.25446,115,7072
3578,48.41879,-89.25483,116,7161
3578,48.4191599,-89.25515,117,7182
3578,48.4193299,-89.25521,118,7203
3578,48.4194,-89.25518,119,7211
3578,48.41944,-89.2551299,120,7218
3578,48.4197,-89.25432,121,7285
3578,48.42027,-89.25338,122,7381
3578,48.42092,-89.25286,123,7457
3578,48.42138,-89.25266,124,7509
3578,48.4214299,-89.2526999,125,7516
3578,48.4223099,-89.25269,126,7620
3578,48.4232699,-89.25269,127,7722
3578,48.42366,-89.25268,128,7764
3578,48.42457,-89.25272,129,7874
3578,48.4254999,-89.2527399,130,7974
3578,48.426,-89.2527299,131,8020
3578,48.42603,-89.25276,132,8029
3578,48.42618,-89.25279,133,8043
3578,48.42621,-89.25288,134,8052
3578,48.4261899,-89.25304,135,8062
3578,48.42613,-89.25324,136,8076
3578,48.4260199,-89.2534599,137,8095
3578,48.42592,-89.25401,138,8121
3578,48.4258899,-89.2540099,139,8127
3578,48.42587,-89.25409,140,8135
3578,48.42585,-89.25413,141,8143
3578,48.42544,-89.25542,142,8246
3578,48.4250699,-89.25665,143,8347
3578,48.4247099,-89.2578899,144,8449
3578,48.42456,-89.2584099,145,8483
3578,48.4242,-89.25965,146,8594
3578,48.42377,-89.2610099,147,8699
3578,48.42351,-89.26174,148,8758
3578,48.42348,-89.26174,149,8764
3578,48.4229699,-89.26139,150,8821
3578,48.42293,-89.2613299,151,8829
3578,48.42282,-89.2612399,152,8841
3578,48.4227099,-89.26119,153,8855
3578,48.4226,-89.26122,154,8866
3578,48.42252,-89.2613299,155,8876
3578,48.4221499,-89.2621199,156,8948
3578,48.42211,-89.26217,157,8954
3578,48.4220199,-89.26224,158,8964
3578,48.42197,-89.2622599,159,8971
3578,48.42144,-89.26211,160,9001
3579,48.38247,-89.24602,0,0
3579,48.38192,-89.2455199,1,11
3579,48.38103,-89.2455099,2,110
3579,48.38091,-89.24557,3,130
3579,48.38088,-89.2456499,4,136
3579,48.38087,-89.24572,5,143
3579,48.3808599,-89.24644,6,189
3579,48.38091,-89.2465999,7,200
3579,48.3809899,-89.24664,8,208
3579,48.3820699,-89.2465999,9,328
3579,48.38232,-89.24659,10,355
3579,48.38245,-89.24662,11,368
3579,48.38251,-89.24677,12,383
3579,48.38249,-89.24825,13,493
3579,48.38256,-89.24942,14,575
3579,48.3825299,-89.24944,15,581
3579,48.38251,-89.24953,16,588
3579,48.38249,-89.2508699,17,686
3579,48.38252,-89.25105,18,696
3579,48.3825899,-89.25111,19,707
3579,48.38326,-89.25101,20,775
3579,48.3833,-89.25105,21,783
3579,48.3841399,-89.25107,22,885
3579,48.38508,-89.25108,23,986
3579,48.3860099,-89.25107,24,1094
3579,48.38709,-89.251,25,1206
3579,48.38717,-89.25104,26,1219
3579,48.38802,-89.25107,27,1319
3579,48.38871,-89.25101,28,1387
3579,48.3887699,-89.25101,29,1400
3579,48.38891,-89.25105,30,1412
3579,48.3898199,-89.2510599,31,1514
3579,48.39071,-89.25105,32,1614
3579,48.3909,-89.251,33,1656
3579,48.3921,-89.25105,34,1756
3579,48.39296,-89.2510599,35,1857
3579,48.39317,-89.25101,36,1894
3579,48.3931999,-89.25104,37,1905
3579,48.3942,-89.25107,38,2012
3579,48.3945799,-89.25104,39,2054
3579,48.39462,-89.2509999,40,2060
3579,48.39459,-89.24981,41,2166
3579,48.3946399,-89.24819,42,2300
3579,48.3946,-89.24818,43,2320
3579,48.39522,-89.2466999,44,2424
3579,48.39546,-89.24607,45,2496
3579,48.39558,-89.24567,46,2503
3579,48.39552,-89.24557,47,2513
3579,48.39457,-89.24556,48,2612
3579,48.39449,-89.24553,49,2623
3579,48.39446,-89.2454,50,2630
3579,48.3944799,-89.24533,51,2636
3579,48.3945499,-89.2452199,52,2645
3579,48.3946,-89.24517,53,2653
3579,48.3946699,-89.24503,54,2663
3579,48.3946799,-89.2449499,55,2671
3579,48.39463,-89.24398,56,2751
3579,48.3946699,-89.24218,57,2857
3579,48.39466,-89.24126,58,2944
3579,48.39467,-89.2397,59,3037
3579,48.3946799,-89.23835,60,3144
3579,48.39467,-89.23706,61,3231
3579,48.39466,-89.23706,62,3239
3579,48.3946799,-89.2369399,63,3248
3579,48.3946799,-89.23686,64,3256
3579,48.3947399,-89.23644,65,3292
3579,48.39473,-89.23493,66,3403
3579,48.39473,-89.2334699,67,3504
3579,48.3947399,-89.23332,68,3511
3579,48.3947,-89.23195,69,3621
3579,48.3947,-89.2318199,70,3639
3579,48.3947099,-89.2317599,71,3647
3579,48.3947,-89.2303099,72,3752
3579,48.3947,-89.22975,73,3787
3579,48.39469,-89.22967,74,3793
3579,48.39455,-89.22948,75,3818
3579,48.39443,-89.2293299,76,3832
3579,48.3936299,-89.2286799,77,3937
3579,48.3931699,-89.22833,78,3992
3579,48.3930999,-89.2283799,79,4002
3579,48.3930299,-89.22853,80,4013
3579,48.3928,-89.22932,81,4071
3579,48.3927999,-89.22928,82,4077
3579,48.3923399,-89.23049,83,4180
3579,48.39219,-89.23102,84,4219
3579,48.3921099,-89.23115,85,4232
3579,48.39167,-89.23249,86,4339
3579,48.3916199,-89.23253,87,4346
3579,48.3915599,-89.2326499,88,4358
3579,48.3915299,-89.23276,89,4365
3579,48.39154,-89.2328699,90,4376
3579,48.39163,-89.2329099,91,4383
3579,48.39242,-89.2335299,92,4483
3579,48.3927999,-89.2337999,93,4523
3579,48.39288,-89.2337599,94,4533
3579,48.39295,-89.23362,95,4544
3579,48.39335,-89.23238,96,4642
3579,48.3938,-89.23116,97,4750
3579,48.3939199,-89.2308099,98,4776
3579,48.39396,-89.2307399,99,4784
3579,48.39397,-89.23066,100,4791
3579,48.39403,-89.23057,101,4799
3579,48.3941199,-89.23053,102,4807
3579,48.39452,-89.23079,103,4879
3579,48.39469,-89.2310399,104,4885
3579,48.39472,-89.2311099,105,4894
3579,48.3948,-89.23214,106,4983
3579,48.39475,-89.23253,107,4997
3579,48.39475,-89.23392,108,5099
3579,48.39475,-89.23538,109,5210
3579,48.39479,-89.23641,110,5279
3579,48.3947699,-89.2365199,111,5286
3579,48.3947699,-89.2366199,112,5293
3579,48.3948399,-89.2367,113,5304
3579,48.39513,-89.23683,114,5350
3579,48.3951699,-89.23689,115,5357
3579,48.39607,-89.23757,116,5468
3579,48.39607,-89.2375999,117,5476
3579,48.39692,-89.23828,118,5585
3579,48.39733,-89.23858,119,5628
3579,48.3973699,-89.23858,120,5636
3579,48.3974299,-89.23867,121,5652
3579,48.3982499,-89.2393399,122,5762
3579,48.39912,-89.24008,123,5868
3579,48.39991,-89.2408799,124,5977
3579,48.40027,-89.24111,125,6013
3579,48.4003499,-89.2412199,126,6021
3579,48.40096,-89.2416399,127,6096
3579,48.4017699,-89.24189,128,6199
3579,48.4028199,-89.24209,129,6308
3579,48.40294,-89.2421299,130,6320
3579,48.40299,-89.24218,131,6327
3579,48.40303,-89.24232,132,6338
3579,48.40313,-89.24306,133,6393
3579,48.4031799,-89.24324,134,6404
3579,48.40323,-89.2433,135,6410
3579,48.4033,-89.24329,136,6418
3579,48.40347,-89.24302,137,6438
3579,48.4038299,-89.24301,138,6475
3579,48.4040999,-89.24311,139,6503
3579,48.4042299,-89.24306,140,6514
3579,48.40427,-89.2429499,141,6526
3579,48.4041299,-89.24242,142,6562
3579,48.40412,-89.2422999,143,6569
3579,48.4040599,-89.24205,144,6587
3579,48.40398,-89.24198,145,6598
3579,48.40296,-89.24215,146,6714
3579,48.40208,-89.24211,147,6814
3579,48.4017299,-89.24202,148,6845
3579,48.4008399,-89.24166,149,6945
3579,48.4,-89.2411099,150,7046
3579,48.39991,-89.24102,151,7066
3579,48.39938,-89.24051,152,7116
3579,48.3993299,-89.24048,153,7122
3579,48.3992399,-89.24051,154,7132
3579,48.39919,-89.24055,155,7139
3579,48.3984,-89.2415799,156,7253
3579,48.3976999,-89.24245,157,7355
3579,48.39726,-89.24304,158,7447
3579,48.3965,-89.24425,159,7548
3579,48.39591,-89.24533,160,7648
3579,48.39542,-89.24629,161,7748
3579,48.39529,-89.24669,162,7793
3579,48.39473,-89.248,163,7886
3579,48.39465,-89.24846,164,7917
3579,48.39469,-89.24872,165,7957
3579,48.39466,-89.25013,166,8062
3579,48.39466,-89.2509899,167,8119
3579,48.3946399,-89.2510599,168,8126
3579,48.39453,-89.2511299,169,8137
3579,48.39347,-89.2510999,170,8255
3579,48.39308,-89.2510999,171,8293
3579,48.39286,-89.25114,172,8322
3579,48.3928099,-89.2510899,173,8329
3579,48.39164,-89.2510899,174,8462
3579,48.39065,-89.2510899,175,8569
3579,48.3903399,-89.2510899,176,8596
3579,48.38948,-89.25111,177,8694
3579,48.38872,-89.25116,178,8780
3579,48.38789,-89.2511299,179,8882
3579,48.3869,-89.25116,180,8989
3579,48.38685,-89.25118,181,9000
3579,48.38672,-89.2511599,182,9013
3579,48.38579,-89.2511299,183,9123
3579,48.3847899,-89.25115,184,9226
3579,48.38393,-89.25117,185,9329
3579,48.38359,-89.25119,186,9358
3579,48.38255,-89.25108,187,9475
3579,48.38249,-89.25101,188,9484
3579,48.3824699,-89.25094,189,9491
3579,48.38245,-89.2507599,190,9506
3579,48.3824699,-89.24905,191,9630
3579,48.38244,-89.24854,192,9673
3579,48.3824599,-89.24838,193,9680
3579,48.38247,-89.24602,194,9805
3580,48.38247,-89.24602,0,0
3580,48.38248,-89.2456099,1,37
3580,48.3824999,-89.2455099,2,44
3580,48.3825599,-89.2454499,3,55
3580,48.38265,-89.24543,4,64
3580,48.38274,-89.24546,5,72
3580,48.38352,-89.24542,6,154
3580,48.38366,-89.24547,7,177
3580,48.38464,-89.24547,8,279
3580,48.3847299,-89.24549,9,287
3580,48.3855499,-89.24544,10,387
3580,48.38609,-89.24544,11,434
3580,48.38697,-89.24544,12,538
3580,48.3879499,-89.24544,13,646
3580,48.38907,-89.24545,14,758
3580,48.38907,-89.24543,15,766
3580,48.3900199,-89.24546,16,871
3580,48.39034,-89.24544,17,927
3580,48.39148,-89.24544,18,1035
3580,48.3924,-89.2454499,19,1145
3580,48.39342,-89.24544,20,1252
3580,48.39371,-89.24543,21,1278
3580,48.39377,-89.2454499,22,1289
3580,48.39465,-89.2454499,23,1390
3580,48.39555,-89.24544,24,1491
3580,48.39661,-89.24546,25,1596
3580,48.3975999,-89.24546,26,1717
3580,48.39851,-89.24545,27,1813
3580,48.3985,-89.24544,28,1822
3580,48.39949,-89.24543,29,1936
3580,48.40002,-89.24542,30,1991
3580,48.4009799,-89.2454499,31,2106
3580,48.40192,-89.24544,32,2207
3580,48.4028,-89.24541,33,2298
3580,48.40284,-89.24544,34,2306
3580,48.4037399,-89.2454499,35,2410
3580,48.40467,-89.24542,36,2512
3580,48.40581,-89.2454499,37,2632
3580,48.40674,-89.24543,38,2735
3580,48.40762,-89.2454499,39,2839
3580,48.40864,-89.24546,40,2950
3580,48.40922,-89.24546,41,3007
3580,48.4092199,-89.24547,42,3014
3580,48.41011,-89.2454799,43,3118
3580,48.41061,-89.24543,44,3164
3580,48.41075,-89.2454499,45,3175
3580,48.4112499,-89.2452799,46,3234
3580,48.4120699,-89.2447,47,3339
3580,48.41294,-89.24405,48,3442
3580,48.4137099,-89.2435,49,3542
3580,48.41458,-89.24284,50,3653
3580,48.41503,-89.24249,51,3702
3580,48.4150599,-89.24248,52,3708
3580,48.4159499,-89.2418699,53,3825
3580,48.41705,-89.24102,54,3948
3580,48.41707,-89.24103,55,3957
3580,48.4179199,-89.2404299,56,4063
3580,48.41879,-89.23976,57,4175
3580,48.4188699,-89.23975,58,4185
3580,48.4191899,-89.2395,59,4221
3580,48.42023,-89.23872,60,4349
3580,48.4203,-89.23871,61,4359
3580,48.42112,-89.2381299,62,4465
3580,48.42122,-89.2380599,63,4471
3580,48.42152,-89.2378,64,4510
3580,48.42154,-89.23781,65,4516
3580,48.4223199,-89.23725,66,4621
3580,48.42316,-89.23664,67,4709
3580,48.42322,-89.23657,68,4718
3580,48.42404,-89.23601,69,4824
3580,48.42486,-89.2354099,70,4926
3580,48.42574,-89.23477,71,5027
3580,48.42612,-89.23452,72,5070
3580,48.4261599,-89.23447,73,5077
3580,48.4270099,-89.23388,74,5191
3580,48.42787,-89.23325,75,5292
3580,48.42797,-89.23318,76,5299
3580,48.42862,-89.23261,77,5394
3580,48.4296699,-89.2315999,78,5531
3580,48.4301,-89.23109,79,5582
3580,48.43014,-89.2310999,80,5599
3580,48.4309199,-89.23033,81,5701
3580,48.43162,-89.22954,82,5792
3580,48.43166,-89.22947,83,5802
3580,48.43235,-89.22879,84,5902
3580,48.4333,-89.22781,85,6014
3580,48.43336,-89.2277199,86,6021
3580,48.4334,-89.22768,87,6027
3580,48.43345,-89.22765,88,6037
3580,48.43421,-89.2268699,89,6143
3580,48.43474,-89.22631,90,6200
3580,48.4348799,-89.22619,91,6226
3580,48.4348799,-89.2260799,92,6233
3580,48.43431,-89.2248299,93,6345
3580,48.43397,-89.22407,94,6394
3580,48.43398,-89.22407,95,6406
3580,48.43346,-89.2229599,96,6509
3580,48.4329199,-89.2217799,97,6611
3580,48.43289,-89.2217099,98,6617
3580,48.43281,-89.2215799,99,6625
3580,48.4328,-89.22151,100,6632
3580,48.4328199,-89.2214199,101,6641
3580,48.43422,-89.22,102,6825
3580,48.43452,-89.21959,103,6871
3580,48.4353,-89.2187999,104,6974
3580,48.43609,-89.2180399,105,7079
3580,48.4365299,-89.21754,106,7139
3580,48.43655,-89.21743,107,7147
3580,48.43654,-89.2173499,108,7154
3580,48.43619,-89.2166999,109,7212
3580,48.43615,-89.2166599,110,7218
3580,48.4360999,-89.21664,111,7224
3580,48.43596,-89.2166999,112,7240
3580,48.43568,-89.21703,113,7268
3581,48.43568,-89.21703,0,0
3581,48.43532,-89.21726,1,20
3581,48.4352799,-89.21737,2,28
3581,48.4353,-89.2175,3,39
3581,48.43565,-89.2182999,4,108
3581,48.4357399,-89.2183999,5,120
3581,48.43655,-89.21754,6,227
3581,48.4366,-89.21753,7,234
3581,48.43667,-89.2176,8,242
3581,48.43735,-89.21906,9,372
3581,48.43736,-89.21908,10,379
3581,48.43737,-89.21913,11,385
3581,48.43762,-89.2196799,12,432
3581,48.43766,-89.2197399,13,438
3581,48.43822,-89.2210199,14,557
3581,48.4387199,-89.2221099,15,654
3581,48.4387299,-89.22229,16,664
3581,48.4387,-89.2223699,17,672
3581,48.43783,-89.22327,18,788
3581,48.4372,-89.22391,19,836
3581,48.43726,-89.22389,20,861
3581,48.4365299,-89.22462,21,962
3581,48.4357699,-89.2254199,22,1067
3581,48.43532,-89.22589,23,1121
3581,48.43529,-89.22594,24,1128
3581,48.4352499,-89.22596,25,1135
3581,48.43448,-89.22676,26,1236
3581,48.43428,-89.2269699,27,1260
3581,48.43339,-89.22788,28,1377
3581,48.4326,-89.2286799,29,1487
3581,48.43204,-89.22926,30,1555
3581,48.43204,-89.22928,31,1562
3581,48.4312699,-89.23,32,1669
3581,48.4305,-89.23094,33,1766
3581,48.43024,-89.2310699,34,1804
3581,48.42946,-89.23187,35,1909
3581,48.42863,-89.23275,36,2019
3581,48.42828,-89.23313,37,2067
3581,48.4273999,-89.23377,38,2180
3581,48.42646,-89.23442,39,2293
3581,48.42643,-89.2344899,40,2300
3581,48.4256599,-89.23502,41,2402
3581,48.4253299,-89.23526,42,2434
3581,48.4244099,-89.23592,43,2550
3581,48.42403,-89.23616,44,2593
3581,48.42391,-89.23631,45,2605
3581,48.4230699,-89.23689,46,2718
3581,48.42295,-89.2369799,47,2725
3581,48.4223,-89.23755,48,2811
3581,48.4221,-89.23761,49,2829
3581,48.4212999,-89.23818,50,2935
3581,48.4204099,-89.23883,51,3045
3581,48.4195899,-89.23942,52,3149
3581,48.41898,-89.23993,53,3226
3581,48.41886,-89.2399599,54,3234
3581,48.41809,-89.24051,55,3338
3581,48.41787,-89.24067,56,3354
3581,48.4169999,-89.2413,57,3471
3581,48.41677,-89.24144,58,3495
3581,48.4166999,-89.24153,59,3505
3581,48.4158799,-89.2421299,60,3613
3581,48.41484,-89.24296,61,3731
3581,48.41472,-89.24297,62,3739
3581,48.41389,-89.2435799,63,3841
3581,48.41307,-89.24418,64,3947
3581,48.41234,-89.24472,65,4035
3581,48.41154,-89.2453,66,4136
3581,48.4108199,-89.2456499,67,4222
3581,48.4098699,-89.2456499,68,4334
3581,48.40889,-89.24568,69,4417
3581,48.40898,-89.2456499,70,4430
3581,48.40802,-89.2456499,71,4538
3581,48.4070799,-89.24566,72,4642
3581,48.4061599,-89.24563,73,4748
3581,48.4051799,-89.24563,74,4854
3581,48.40468,-89.24569,75,4901
3581,48.40461,-89.2456499,76,4908
3581,48.40434,-89.2456499,77,4946
3581,48.40427,-89.24563,78,4958
3581,48.40325,-89.24563,79,5072
3581,48.40224,-89.24562,80,5181
3581,48.40111,-89.24569,81,5299
3581,48.40103,-89.2456399,82,5307
3581,48.40005,-89.2456399,83,5417
3581,48.3991099,-89.2456,84,5519
3581,48.39886,-89.24556,85,5545
3581,48.39879,-89.2456099,86,5552
3581,48.39853,-89.2456,87,5578
3581,48.39762,-89.2456,88,5686
3581,48.3966799,-89.24559,89,5786
3581,48.3959,-89.24559,90,5874
3581,48.3950399,-89.2455799,91,5974
3581,48.3939,-89.24558,92,6094
3581,48.39384,-89.2456,93,6104
3581,48.3929299,-89.2456,94,6212
3581,48.3918899,-89.2455799,95,6325
3581,48.39101,-89.24557,96,6425
3581,48.39032,-89.24559,97,6478
3581,48.39036,-89.24556,98,6484
3581,48.38934,-89.2455799,99,6601
3581,48.3883699,-89.2455799,100,6710
3581,48.38784,-89.24558,101,6755
3581,48.3878799,-89.2455799,102,6763
3581,48.38701,-89.2455499,103,6867
3581,48.38605,-89.2455199,104,6975
3581,48.38576,-89.2455199,105,6993
3581,48.38503,-89.24555,106,7070
3581,48.3849899,-89.2455199,107,7079
3581,48.3840099,-89.2455199,108,7187
3581,48.3830599,-89.24553,109,7295
3581,48.38247,-89.24602,110,7385
3582,48.46,-89.21468,0,0
3582,48.4590499,-89.2146199,1,108
3582,48.45844,-89.2145899,2,169
3582,48.45761,-89.21455,3,265
3582,48.45663,-89.21452,4,370
3582,48.4556999,-89.21444,5,484
3582,48.4547799,-89.2143899,6,585
3582,48.45419,-89.2144,7,642
3582,48.45331,-89.2143299,8,750
3582,48.4524199,-89.2142699,9,850
3582,48.45206,-89.2142599,10,879
3582,48.45153,-89.21424,11,934
3582,48.4514999,-89.21425,12,941
3582,48.45138,-89.2142299,13,955
3582,48.4513299,-89.21415,14,962
3582,48.45132,-89.2140699,15,968
3582,48.45134,-89.21396,16,976
3582,48.4513299,-89.2124599,17,1085
3582,48.45135,-89.2110199,18,1189
3582,48.45135,-89.20966,19,1293
3582,48.45134,-89.20902,20,1326
3582,48.45135,-89.20902,21,1336
3582,48.45138,-89.20876,22,1355
3582,48.4513999,-89.20729,23,1467
3582,48.4513999,-89.20703,24,1482
3582,48.45138,-89.20693,25,1490
3582,48.45134,-89.2068399,26,1499
3582,48.4506099,-89.20598,27,1602
3582,48.45032,-89.20565,28,1637
3582,48.45024,-89.2056699,29,1647
3582,48.44983,-89.2065,30,1727
3582,48.44912,-89.20782,31,1827
3582,48.4485699,-89.2088499,32,1927
3582,48.44848,-89.20901,33,1961
3582,48.4479,-89.21021,34,2061
3582,48.44725,-89.2113099,35,2169
3582,48.44726,-89.21145,36,2191
3582,48.44704,-89.2115999,37,2204
3582,48.4463099,-89.21261,38,2314
3582,48.44589,-89.21319,39,2376
3582,48.44589,-89.2132,40,2384
3582,48.4451599,-89.2141999,41,2498
3582,48.44446,-89.21517,42,2599
3582,48.44442,-89.21537,43,2628
3582,48.4441699,-89.21559,44,2643
3582,48.4434499,-89.2165599,45,2747
3582,48.4430299,-89.21721,46,2812
3582,48.44294,-89.2172199,47,2821
3582,48.4428899,-89.2171899,48,2828
3582,48.44274,-89.21695,49,2870
3582,48.44269,-89.21688,50,2876
3582,48.44268,-89.21684,51,2882
3582,48.44202,-89.21582,52,2985
3582,48.44189,-89.2156799,53,2998
3582,48.44182,-89.2157099,54,3006
3582,48.44176,-89.2157799,55,3015
3582,48.44173,-89.2158399,56,3022
3582,48.441,-89.21661,57,3124
3582,48.44023,-89.21746,58,3219
3582,48.4401999,-89.2174499,59,3229
3582,48.43949,-89.2182399,60,3329
3582,48.43867,-89.21909,61,3433
3582,48.43864,-89.2191499,62,3443
3582,48.43854,-89.2192199,63,3456
3582,48.43795,-89.2198499,64,3540
3582,48.4377799,-89.2199699,65,3558
3582,48.4377399,-89.21995,66,3564
3582,48.4377,-89.2199099,67,3573
3582,48.43744,-89.21948,68,3614
3582,48.4368899,-89.21818,69,3721
3582,48.4368199,-89.2180099,70,3731
3582,48.4367899,-89.2179699,71,3737
3582,48.43675,-89.21785,72,3746
3582,48.43671,-89.21777,73,3752
3582,48.43668,-89.2177399,74,3758
3582,48.4362299,-89.2167599,75,3849
3582,48.43612,-89.21667,76,3861
3582,48.43605,-89.21665,77,3869
3582,48.4359299,-89.21667,78,3881
3582,48.43586,-89.21671,79,3889
3582,48.43563,-89.2169199,80,3920
3582,48.43568,-89.21703,81,3941
3583,48.43568,-89.21703,0,0
3583,48.43532,-89.21726,1,20
3583,48.4352799,-89.21737,2,28
3583,48.4353,-89.2175,3,39
3583,48.43565,-89.2182999,4,108
3583,48.4357399,-89.2183999,5,120
3583,48.43655,-89.21754,6,227
3583,48.4366,-89.21753,7,234
3583,48.43667,-89.2176,8,242
3583,48.43735,-89.21906,9,372
3583,48.43736,-89.21908,10,379
3583,48.43737,-89.21913,11,385
3583,48.43762,-89.2196799,12,432
3583,48.43766,-89.2197399,13,438
3583,48.43822,-89.2210199,14,557
3583,48.4387199,-89.2221099,15,654
3583,48.4387299,-89.22229,16,664
3583,48.4387,-89.2223699,17,672
3583,48.43783,-89.22327,18,788
3583,48.4372,-89.22391,19,836
3583,48.43726,-89.22389,20,861
3583,48.4365299,-89.22462,21,962
3583,48.4357699,-89.2254199,22,1067
3583,48.43532,-89.22589,23,1121
3583,48.43529,-89.22594,24,1128
3583,48.4352499,-89.22596,25,1135
3583,48.43448,-89.22676,26,1236
3583,48.43428,-89.2269699,27,1260
3583,48.43339,-89.22788,28,1377
3583,48.4326,-89.2286799,29,1487
3583,48.43204,-89.22926,30,1555
3583,48.43204,-89.22928,31,1562
3583,48.4312699,-89.23,32,1669
3583,48.4305,-89.23094,33,1766
3583,48.43024,-89.2310699,34,1804
3583,48.42946,-89.23187,35,1909
3583,48.42863,-89.23275,36,2019
3583,48.42828,-89.23313,37,2067
3583,48.4273999,-89.23377,38,2180
3583,48.42646,-89.23442,39,2293
3583,48.42643,-89.2344899,40,2300
3583,48.4256599,-89.23502,41,2402
3583,48.4253299,-89.23526,42,2434
3583,48.4244099,-89.23592,43,2550
3583,48.42403,-89.23616,44,2593
3583,48.42391,-89.23631,45,2605
3583,48.4230699,-89.23689,46,2718
3583,48.42295,-89.2369799,47,2725
3583,48.4223,-89.23755,48,2811
3583,48.4221,-89.23761,49,2829
3583,48.4212999,-89.23818,50,2935
3583,48.4204099,-89.23883,51,3045
3583,48.4195899,-89.23942,52,3149
3583,48.41898,-89.23993,53,3226
3583,48.41886,-89.2399599,54,3234
3583,48.41809,-89.24051,55,3338
3583,48.41787,-89.24067,56,3354
3583,48.4169999,-89.2413,57,3471
3583,48.41677,-89.24144,58,3495
3583,48.4166999,-89.24153,59,3505
3583,48.4158799,-89.2421299,60,3613
3583,48.41484,-89.24296,61,3731
3583,48.41472,-89.24297,62,3739
3583,48.41389,-89.2435799,63,3841
3583,48.41307,-89.24418,64,3947
3583,48.41234,-89.24472,65,4035
3583,48.41154,-89.2453,66,4136
3583,48.4108199,-89.2456499,67,4222
3583,48.4098699,-89.2456499,68,4334
3583,48.40889,-89.24568,69,4417
3583,48.40898,-89.2456499,70,4430
3583,48.40802,-89.2456499,71,4538
3583,48.4070799,-89.24566,72,4642
3583,48.4061599,-89.24563,73,4748
3583,48.4051799,-89.24563,74,4854
3583,48.40468,-89.24569,75,4901
3583,48.40461,-89.2456499,76,4908
3583,48.40434,-89.2456499,77,4946
3583,48.40427,-89.24563,78,4958
3583,48.40325,-89.24563,79,5072
3583,48.40224,-89.24562,80,5181
3583,48.40111,-89.24569,81,5299
3583,48.40103,-89.2456399,82,5307
3583,48.40005,-89.2456399,83,5417
3583,48.3991099,-89.2456,84,5519
3583,48.39886,-89.24556,85,5545
3583,48.39879,-89.2456099,86,5552
3583,48.39853,-89.2456,87,5578
3583,48.39762,-89.2456,88,5686
3583,48.3966799,-89.24559,89,5786
3583,48.3959,-89.24559,90,5874
3583,48.3950399,-89.2455799,91,5974
3583,48.3939,-89.24558,92,6094
3583,48.39384,-89.2456,93,6104
3583,48.3929299,-89.2456,94,6212
3583,48.3918899,-89.2455799,95,6325
3583,48.39101,-89.24557,96,6425
3583,48.39032,-89.24559,97,6478
3583,48.39036,-89.24556,98,6484
3583,48.38934,-89.2455799,99,6601
3583,48.3883699,-89.2455799,100,6710
3583,48.38784,-89.24558,101,6755
3583,48.3878799,-89.2455799,102,6763
3583,48.38701,-89.2455499,103,6867
3583,48.38605,-89.2455199,104,6975
3583,48.38576,-89.2455199,105,6993
3583,48.38503,-89.24555,106,7070
3583,48.3849899,-89.2455199,107,7079
3583,48.3840099,-89.2455199,108,7187
3583,48.3830599,-89.24553,109,7295
3583,48.38247,-89.24602,110,7385
3584,48.43568,-89.21703,0,0
3584,48.43598,-89.2169199,1,6
3584,48.4361699,-89.21677,2,24
3584,48.4362299,-89.21675,3,31
3584,48.4362699,-89.21677,4,38
3584,48.43661,-89.21749,5,97
3584,48.43661,-89.2175799,6,106
3584,48.4358399,-89.21836,7,210
3584,48.43573,-89.2184599,8,218
3584,48.43496,-89.2192199,9,326
3584,48.43481,-89.21936,10,339
3584,48.43447,-89.21986,11,398
3584,48.43317,-89.22115,12,568
3584,48.43301,-89.22133,13,589
3584,48.43287,-89.2214199,14,608
3584,48.43271,-89.2215899,15,624
3584,48.43199,-89.22241,16,716
3584,48.43195,-89.22242,17,722
3584,48.4312,-89.22321,18,826
3584,48.43085,-89.22361,19,862
3584,48.43057,-89.2236199,20,893
3584,48.42998,-89.22478,21,999
3584,48.42991,-89.22495,22,1007
3584,48.4298899,-89.22504,23,1019
3584,48.42991,-89.22525,24,1032
3584,48.43037,-89.22607,25,1107
3584,48.4303899,-89.22619,26,1116
3584,48.43077,-89.2271699,27,1200
3584,48.43076,-89.22727,28,1207
3584,48.43043,-89.22764,29,1254
3584,48.4303,-89.22771,30,1260
3584,48.42958,-89.2284,31,1360
3584,48.42938,-89.22863,32,1383
3584,48.42895,-89.22911,33,1443
3584,48.42879,-89.22921,34,1461
3584,48.4280899,-89.22994,35,1561
3584,48.42739,-89.23072,36,1661
3584,48.42719,-89.23099,37,1713
3584,48.42719,-89.23096,38,1719
3584,48.4264199,-89.2317899,39,1829
3584,48.42605,-89.23233,40,1904
3584,48.42578,-89.23253,41,1917
3584,48.42529,-89.23313,42,1984
3584,48.4251699,-89.23318,43,2004
3584,48.42416,-89.23318,44,2116
3584,48.42383,-89.23322,45,2173
3584,48.42262,-89.23319,46,2280
3584,48.4218199,-89.23318,47,2369
3584,48.4217599,-89.23315,48,2378
3584,48.42157,-89.2329699,49,2404
3584,48.42161,-89.23305,50,2428
3584,48.42124,-89.23313,51,2445
3584,48.42052,-89.2335599,52,2528
3584,48.4195899,-89.23418,53,2650
3584,48.41945,-89.23429,54,2680
3584,48.41944,-89.2342599,55,2686
3584,48.4194,-89.23427,56,2692
3584,48.41856,-89.2348399,57,2803
3584,48.4176899,-89.2353999,58,2906
3584,48.417,-89.23603,59,2979
3584,48.4168699,-89.23602,60,2988
3584,48.41602,-89.2365199,61,3099
3584,48.41577,-89.2366799,62,3116
3584,48.41497,-89.2372,63,3216
3584,48.41436,-89.23756,64,3293
3584,48.4142999,-89.23755,65,3302
3584,48.4134199,-89.2379599,66,3406
3584,48.4124999,-89.2383899,67,3514
3584,48.41236,-89.2384599,68,3523
3584,48.41214,-89.23867,69,3551
3584,48.41208,-89.23858,70,3559
3584,48.4110899,-89.23906,71,3677
3584,48.41019,-89.2394399,72,3784
3584,48.4092099,-89.2398399,73,3901
3584,48.40831,-89.2401999,74,4005
3584,48.40782,-89.2405,75,4049
3584,48.4077099,-89.24048,76,4062
3584,48.40683,-89.24086,77,4168
3584,48.4059299,-89.2412199,78,4269
3584,48.40517,-89.24163,79,4362
3584,48.40503,-89.2415799,80,4372
3584,48.40412,-89.24195,81,4478
3584,48.4032,-89.24215,82,4586
3584,48.4022,-89.2421299,83,4698
3584,48.40159,-89.2419699,84,4761
3584,48.4007099,-89.2415699,85,4874
3584,48.39991,-89.24102,86,4958
3584,48.39912,-89.24022,87,5066
3584,48.3987799,-89.23988,88,5108
3584,48.39787,-89.23916,89,5222
3584,48.39706,-89.23852,90,5324
3584,48.3961799,-89.2378599,91,5429
3584,48.3952999,-89.2371699,92,5538
3584,48.39507,-89.23695,93,5564
3584,48.3948099,-89.23674,94,5592
3584,48.3940199,-89.2361,95,5695
3584,48.39362,-89.23579,96,5745
3584,48.39354,-89.2356599,97,5759
3584,48.39328,-89.23543,98,5791
3584,48.3931599,-89.2353999,99,5804
3584,48.3930399,-89.23545,100,5820
3584,48.39223,-89.23614,101,5924
3584,48.39148,-89.23687,102,6040
3584,48.39121,-89.2370099,103,6046
3584,48.39036,-89.2378,104,6159
3584,48.3902799,-89.23781,105,6170
3584,48.38951,-89.2384,106,6273
3584,48.3892899,-89.23858,107,6290
3584,48.38845,-89.23938,108,6402
3584,48.38835,-89.23939,109,6410
3584,48.38747,-89.2400999,110,6525
3584,48.38737,-89.24018,111,6533
3584,48.38689,-89.24067,112,6592
3584,48.3868299,-89.24067,113,6602
3584,48.3860099,-89.24132,114,6711
3584,48.3853499,-89.2418699,115,6783
3584,48.38506,-89.2422,116,6824
3584,48.38505,-89.2421699,117,6830
3584,48.38415,-89.24288,118,6939
3584,48.38412,-89.2429199,119,6946
3584,48.38343,-89.24322,120,7018
3584,48.38334,-89.2431799,121,7024
3584,48.3823999,-89.2434399,122,7133
3584,48.38152,-89.2438699,123,7240
3584,48.38111,-89.24429,124,7287
3584,48.38104,-89.2443999,125,7300
3584,48.3809899,-89.24452,126,7306
3584,48.38094,-89.24464,127,7322
3584,48.3809,-89.24487,128,7334
3584,48.38091,-89.24621,129,7434
3584,48.3809199,-89.24654,130,7457
3584,48.38097,-89.2466299,131,7465
3584,48.38196,-89.24658,132,7583
3584,48.38245,-89.2465699,133,7627
3584,48.38249,-89.24644,134,7635
3584,48.38247,-89.24602,135,7662
3585,48.43568,-89.21703,0,0
3585,48.43532,-89.21726,1,20
3585,48.4352799,-89.21737,2,28
3585,48.4353,-89.2175,3,39
3585,48.43565,-89.2182999,4,108
3585,48.4357399,-89.2183999,5,120
3585,48.43655,-89.21754,6,227
3585,48.4366,-89.21753,7,234
3585,48.43667,-89.2176,8,242
3585,48.43735,-89.21906,9,372
3585,48.43736,-89.2190599,10,380
3585,48.43821,-89.22098,11,553
3585,48.43877,-89.22213,12,651
3585,48.43885,-89.2221399,13,660
3585,48.43894,-89.2220799,14,669
3585,48.4396799,-89.2212599,15,772
3585,48.44043,-89.2204,16,873
3585,48.44045,-89.2203999,17,884
3585,48.4412,-89.21964,18,986
3585,48.4419799,-89.21884,19,1089
3585,48.44227,-89.21849,20,1123
3585,48.44236,-89.21844,21,1140
3585,48.44258,-89.2182399,22,1173
3585,48.4427599,-89.21792,23,1202
3585,48.44294,-89.2174099,24,1240
3585,48.44301,-89.2173499,25,1247
3585,48.4431,-89.21737,26,1257
3585,48.4436499,-89.2184999,27,1366
3585,48.44409,-89.21941,28,1436
3585,48.4440799,-89.21946,29,1444
3585,48.44413,-89.21957,30,1457
3585,48.44452,-89.22087,31,1565
3585,48.44489,-89.2221799,32,1666
3585,48.4453,-89.22365,33,1792
3585,48.44568,-89.22506,34,1885
3585,48.4461499,-89.22678,35,2022
3585,48.44643,-89.22773,36,2097
3585,48.4464399,-89.2277899,37,2105
3585,48.4464699,-89.2278499,38,2116
3585,48.44681,-89.2291299,39,2222
3585,48.4471999,-89.2305799,40,2333
3585,48.44747,-89.23154,41,2402
3585,48.4474899,-89.2315299,42,2408
3585,48.4479,-89.2331099,43,2537
3585,48.44826,-89.23443,44,2639
3585,48.4483,-89.2345199,45,2648
3585,48.44842,-89.23501,46,2678
3585,48.44886,-89.23661,47,2780
3585,48.44909,-89.2374099,48,2845
3585,48.4490999,-89.23749,49,2853
3585,48.44914,-89.23758,50,2885
3585,48.4495,-89.23894,51,3003
3585,48.4498799,-89.24038,52,3112
3585,48.4502499,-89.2417399,53,3217
3585,48.45046,-89.24252,54,3300
3585,48.45055,-89.2430199,55,3337
3585,48.45055,-89.24313,56,3348
3585,48.45042,-89.24363,57,3385
3585,48.4499,-89.24477,58,3493
3585,48.44938,-89.24584,59,3587
3585,48.4493999,-89.2458399,60,3593
3585,48.44889,-89.24694,61,3694
3585,48.4483499,-89.24809,62,3796
3585,48.44784,-89.2492,63,3896
3585,48.44735,-89.25015,64,3974
3585,48.44738,-89.2501799,65,3981
3585,48.44688,-89.2512299,66,4082
3585,48.4466999,-89.25161,67,4109
3585,48.44632,-89.2524,68,4183
3585,48.44554,-89.254,69,4336
3585,48.44492,-89.25519,70,4445
3585,48.4443399,-89.2563499,71,4550
3585,48.44371,-89.25767,72,4660
3585,48.4437099,-89.2577199,73,4668
3585,48.4431899,-89.25882,74,4773
3585,48.44255,-89.2599,75,4881
3585,48.44239,-89.26014,76,4896
3585,48.4418,-89.26099,77,4989
3585,48.44179,-89.26105,78,5000
3585,48.4411199,-89.26208,79,5113
3585,48.4409599,-89.26233,80,5127
3585,48.44029,-89.2633399,81,5236
3585,48.43977,-89.26409,82,5310
3585,48.43973,-89.26418,83,5320
3585,48.4397,-89.26421,84,5326
3585,48.4390599,-89.2651799,85,5427
3585,48.43842,-89.26614,86,5527
3585,48.4377699,-89.26712,87,5629
3585,48.4371,-89.26809,88,5733
3585,48.43641,-89.2689799,89,5833
3585,48.43605,-89.26941,90,5871
3585,48.43605,-89.26942,91,5879
3585,48.4353399,-89.2702699,92,5992
3585,48.43514,-89.2705199,93,6008
3585,48.43441,-89.27139,94,6116
3585,48.4336,-89.2723,95,6223
3585,48.4335699,-89.27239,96,6231
3585,48.43286,-89.2730599,97,6335
3585,48.4319699,-89.2737,98,6449
3585,48.43106,-89.27415,99,6552
3585,48.4301199,-89.27444,100,6656
3585,48.4291799,-89.27455,101,6762
3585,48.42824,-89.27455,102,6862
3585,48.42792,-89.27459,103,6909
3585,48.42769,-89.27451,104,6930
3585,48.4267499,-89.27452,105,7032
3585,48.4258199,-89.2744999,106,7132
3585,48.4249399,-89.2744999,107,7221
3585,48.42489,-89.2743999,108,7230
3585,48.4248699,-89.27422,109,7246
3585,48.4248799,-89.27285,110,7343
3585,48.4248699,-89.27277,111,7349
3585,48.4248799,-89.2724999,112,7367
3585,48.4249399,-89.2724299,113,7375
3585,48.42503,-89.2723999,114,7383
3585,48.4258599,-89.2723999,115,7476
3585,48.42597,-89.2722999,116,7488
3585,48.426,-89.27222,117,7495
3585,48.42597,-89.27061,118,7616
3585,48.42597,-89.27016,119,7658
3585,48.4259299,-89.26992,120,7664
3585,48.4259599,-89.26983,121,7671
3585,48.42598,-89.2697099,122,7684
3585,48.42595,-89.2682999,123,7788
3585,48.42585,-89.26801,124,7807
3585,48.4256899,-89.26779,125,7836
3585,48.4254999,-89.2676399,126,7859
3585,48.42528,-89.26758,127,7884
3585,48.4247699,-89.2676699,128,7938
3585,48.42403,-89.26743,129,8022
3585,48.42381,-89.26746,130,8047
3585,48.42361,-89.26759,131,8069
3585,48.42345,-89.26776,132,8090
3585,48.4231999,-89.26837,133,8145
3585,48.42312,-89.26847,134,8154
3585,48.42301,-89.2685299,135,8162
3585,48.42293,-89.26847,136,8175
3585,48.4227,-89.26814,137,8208
3585,48.4218899,-89.26763,138,8307
3585,48.42183,-89.26755,139,8315
3585,48.42181,-89.2674699,140,8323
3585,48.4218,-89.26729,141,8335
3585,48.42181,-89.26719,142,8344
3585,48.42191,-89.2668499,143,8370
3585,48.42196,-89.26674,144,8376
3585,48.4221,-89.26626,145,8409
3585,48.42213,-89.2662599,146,8415
3585,48.42252,-89.2650399,147,8521
3585,48.42292,-89.26374,148,8626
3585,48.4232999,-89.2623899,149,8733
3585,48.42345,-89.2618899,150,8767
3585,48.42345,-89.2617599,151,8775
3585,48.42341,-89.2616599,152,8784
3585,48.42273,-89.2611999,153,8864
3585,48.4226399,-89.26119,154,8875
3585,48.4226,-89.2612099,155,8881
3585,48.42252,-89.2612999,156,8890
3585,48.4225,-89.2613699,157,8896
3585,48.42214,-89.26213,158,8962
3585,48.42207,-89.2622199,159,8971
3585,48.42203,-89.2622499,160,8978
3585,48.4219199,-89.2622599,161,8988
3585,48.42144,-89.26211,162,9038
3586,48.42144,-89.26211,0,0
3586,48.42145,-89.26178,1,20
3586,48.4214899,-89.26175,2,26
3586,48.4215599,-89.2616599,3,36
3586,48.4221499,-89.26115,4,111
3586,48.4222099,-89.26112,5,119
3586,48.42241,-89.26086,6,145
3586,48.42265,-89.26083,7,175
3586,48.4226799,-89.2608399,8,185
3586,48.4229699,-89.2612099,9,226
3586,48.4233599,-89.26148,10,269
3586,48.4235599,-89.2614299,11,290
3586,48.4240499,-89.2599299,12,421
3586,48.42444,-89.2584799,13,534
3586,48.4248099,-89.2572299,14,640
3586,48.4252299,-89.25583,15,748
3586,48.42551,-89.25491,16,810
3586,48.42548,-89.25489,17,816
3586,48.4258899,-89.2536199,18,924
3586,48.4259299,-89.2535,19,934
3586,48.4259599,-89.25327,20,947
3586,48.4259199,-89.2530999,21,961
3586,48.4258299,-89.25299,22,971
3586,48.42578,-89.25295,23,980
3586,48.4245,-89.2528399,24,1127
3586,48.42387,-89.25282,25,1186
3586,48.4238599,-89.2528299,26,1194
3586,48.4228999,-89.25282,27,1307
3586,48.42188,-89.25285,28,1414
3586,48.42137,-89.25298,29,1466
3586,48.4212899,-89.25294,30,1473
3586,48.42096,-89.25305,31,1517
3586,48.42032,-89.2535499,32,1594
3586,48.4197499,-89.2545,33,1690
3586,48.4192999,-89.25591,34,1811
3586,48.41882,-89.25708,35,1914
3586,48.41832,-89.2577199,36,1986
3586,48.4175599,-89.2581899,37,2074
3586,48.41652,-89.25826,38,2194
3586,48.41557,-89.25824,39,2289
3586,48.4155,-89.25814,40,2299
3586,48.4154799,-89.25806,41,2307
3586,48.41551,-89.2563,42,2437
3586,48.41551,-89.2547699,43,2548
3586,48.4155499,-89.25469,44,2555
3586,48.4155799,-89.25465,45,2561
3586,48.41563,-89.25462,46,2567
3586,48.41616,-89.25451,47,2605
3586,48.41607,-89.2545699,48,2615
3586,48.41648,-89.2545699,49,2665
3586,48.4166999,-89.2544699,50,2689
3586,48.4174499,-89.2536899,51,2788
3586,48.41753,-89.25367,52,2797
3586,48.41776,-89.25392,53,2828
3586,48.4177899,-89.254,54,2834
3586,48.41819,-89.25446,55,2897
3586,48.41879,-89.25483,56,2986
3586,48.41921,-89.2551699,57,3040
3586,48.41931,-89.25521,58,3052
3586,48.4193899,-89.25519,59,3062
3586,48.41944,-89.25514,60,3070
3586,48.4197799,-89.25416,61,3154
3586,48.42009,-89.25361,62,3209
3586,48.4206,-89.25301,63,3276
3586,48.42088,-89.2527999,64,3305
3586,48.42091,-89.25275,65,3311
3586,48.4209299,-89.25259,66,3322
3586,48.42078,-89.2517,67,3392
3586,48.42078,-89.2502799,68,3495
3586,48.42076,-89.24981,69,3529
3586,48.4207999,-89.24966,70,3536
3586,48.42082,-89.2482699,71,3648
3586,48.4208,-89.2476,72,3674
3586,48.42082,-89.24769,73,3682
3586,48.42088,-89.2461999,74,3799
3586,48.42084,-89.24536,75,3852
3586,48.42088,-89.2452199,76,3858
3586,48.42096,-89.2441399,77,3945
3586,48.42137,-89.24294,78,4049
3586,48.42154,-89.24242,79,4086
3586,48.42155,-89.24124,80,4171
3586,48.42161,-89.2409,81,4196
3586,48.42167,-89.24081,82,4206
3586,48.42173,-89.24078,83,4214
3586,48.4227,-89.2407899,84,4323
3586,48.42364,-89.24073,85,4420
3586,48.42456,-89.24077,86,4526
3586,48.4254699,-89.2408,87,4628
3586,48.4263799,-89.24077,88,4730
3586,48.42732,-89.2407899,89,4831
3586,48.42805,-89.2407599,90,4909
3586,48.42811,-89.2407,91,4916
3586,48.4281299,-89.24057,92,4924
3586,48.4281,-89.2386199,93,5066
3586,48.4280899,-89.2384299,94,5079
3586,48.42805,-89.2383599,95,5087
3586,48.42795,-89.23834,96,5097
3586,48.42717,-89.23844,97,5179
3586,48.42713,-89.2384,98,5185
3586,48.4261899,-89.2383599,99,5296
3586,48.42525,-89.23837,100,5405
3586,48.4250099,-89.23837,101,5421
3586,48.42403,-89.23837,102,5538
3586,48.42319,-89.23838,103,5627
3586,48.4221499,-89.23838,104,5746
3586,48.42119,-89.23838,105,5853
3586,48.42023,-89.23896,106,5969
3586,48.4193599,-89.2395999,107,6079
3586,48.41898,-89.23993,108,6120
3586,48.41886,-89.2399599,109,6128
3586,48.41809,-89.24051,110,6232
3586,48.41787,-89.24067,111,6248
3586,48.4169999,-89.2413,112,6365
3586,48.41677,-89.24144,113,6389
3586,48.4166999,-89.24153,114,6399
3586,48.4158799,-89.2421299,115,6507
3586,48.41484,-89.24296,116,6625
3586,48.41481,-89.2429199,117,6634
3586,48.41393,-89.24347,118,6739
3586,48.41354,-89.2437399,119,6788
3586,48.4134899,-89.2437399,120,6794
3586,48.4134499,-89.2437,121,6801
3586,48.4133899,-89.24357,122,6811
3586,48.41344,-89.24287,123,6864
3586,48.41383,-89.24159,124,6967
3586,48.41395,-89.2406499,125,7044
3586,48.4139399,-89.23912,126,7157
3586,48.4139099,-89.23788,127,7241
3586,48.4138399,-89.23778,128,7250
3586,48.41379,-89.23775,129,7256
3586,48.4137399,-89.23775,130,7262
3586,48.4129199,-89.2381899,131,7362
3586,48.41214,-89.23867,132,7446
3586,48.41208,-89.23858,133,7454
3586,48.4110899,-89.23906,134,7572
3586,48.41019,-89.2394399,135,7679
3586,48.4092099,-89.2398399,136,7796
3586,48.40831,-89.2401999,137,7900
3586,48.40782,-89.2405,138,7944
3586,48.4077099,-89.24048,139,7957
3586,48.40683,-89.24086,140,8063
3586,48.4059299,-89.2412199,141,8164
3586,48.40517,-89.24163,142,8257
3587,48.38247,-89.24602,0,0
3587,48.3824699,-89.24665,1,27
3587,48.3824999,-89.2468299,2,37
3587,48.38248,-89.24767,3,97
3587,48.3824299,-89.2477499,4,104
3587,48.3822999,-89.24779,5,119
3587,48.38137,-89.24779,6,219
3587,48.38034,-89.24785,7,336
3587,48.3802999,-89.24782,8,345
3587,48.37941,-89.24783,9,468
3587,48.37825,-89.2477799,10,568
3587,48.3779699,-89.24779,11,599
3587,48.37768,-89.24793,12,633
3587,48.3769199,-89.24868,13,739
3587,48.37662,-89.24906,14,787
3587,48.37638,-89.2492,15,793
3587,48.37562,-89.24996,16,893
3587,48.37505,-89.25056,17,990
3587,48.3749,-89.25065,18,1011
3587,48.37441,-89.25112,19,1082
3587,48.37434,-89.25128,20,1097
3587,48.3743199,-89.2514,21,1106
3587,48.37441,-89.25228,22,1162
3587,48.37438,-89.25239,23,1171
3587,48.37434,-89.2533599,24,1246
3587,48.37439,-89.25375,25,1270
3587,48.37437,-89.2538499,26,1276
3587,48.37434,-89.2551999,27,1382
3587,48.3743299,-89.25619,28,1451
3587,48.37441,-89.25764,29,1560
3587,48.3743899,-89.25767,30,1568
3587,48.3743499,-89.2590699,31,1672
3587,48.37434,-89.25938,32,1691
3587,48.37441,-89.25984,33,1727
3587,48.37437,-89.2600499,34,1742
3587,48.3744,-89.26247,35,1917
3587,48.37437,-89.26254,36,1925
3587,48.3743599,-89.2626,37,1932
3587,48.3743599,-89.2645899,38,2081
3587,48.37441,-89.26526,39,2127
3587,48.3743599,-89.26565,40,2139
3587,48.37437,-89.2669799,41,2229
3587,48.37441,-89.2673,42,2281
3587,48.37438,-89.26733,43,2287
3587,48.3744,-89.26891,44,2402
3587,48.37437,-89.26897,45,2409
3587,48.37434,-89.2706599,46,2539
3587,48.37438,-89.27206,47,2637
3587,48.37434,-89.27222,48,2648
3587,48.3743499,-89.27349,49,2750
3587,48.3743599,-89.27396,50,2777
3587,48.37439,-89.2747,51,2822
3587,48.37437,-89.27477,52,2830
3587,48.3743599,-89.27485,53,2838
3587,48.3744,-89.27648,54,2959
3587,48.37437,-89.27655,55,2966
3587,48.37434,-89.2778499,56,3066
3587,48.37439,-89.27787,57,3087
3587,48.3743599,-89.27805,58,3102
3587,48.3743499,-89.2784399,59,3129
3587,48.37434,-89.27993,60,3247
3587,48.37438,-89.28046,61,3278
3587,48.37437,-89.28053,62,3284
3587,48.37434,-89.28242,63,3429
3587,48.37437,-89.28357,64,3533
3587,48.3743599,-89.28373,65,3550
3587,48.3743899,-89.28413,66,3579
3587,48.3743199,-89.28542,67,3677
3587,48.37435,-89.28679,68,3794
3587,48.3743199,-89.28844,69,3899
3587,48.3743299,-89.2893699,70,3968
3587,48.3743599,-89.2894299,71,3974
3587,48.37441,-89.28948,72,3980
3587,48.37471,-89.28944,73,4030
3587,48.3747499,-89.2894699,74,4038
3587,48.37565,-89.2894599,75,4143
3587,48.37671,-89.28945,76,4256
3587,48.37759,-89.2894699,77,4363
3587,48.37813,-89.28943,78,4414
3587,48.3792799,-89.28948,79,4540
3587,48.38018,-89.28945,80,4640
3587,48.3806,-89.28941,81,4681
3587,48.3814499,-89.28945,82,4782
3587,48.38199,-89.28944,83,4842
3587,48.38291,-89.2894599,84,4952
3587,48.38386,-89.28945,85,5054
3587,48.38454,-89.28942,86,5120
3587,48.38557,-89.2894699,87,5226
3587,48.38617,-89.28944,88,5309
3587,48.38717,-89.28945,89,5410
3587,48.38791,-89.28944,90,5481
3587,48.38895,-89.2894699,91,5605
3587,48.38969,-89.28943,92,5677
3587,48.3897199,-89.2894399,93,5683
3587,48.38976,-89.2894299,94,5690
3587,48.39066,-89.28945,95,5794
3587,48.39167,-89.2894599,96,5900
3587,48.39192,-89.28939,97,5924
3587,48.3920199,-89.28945,98,5934
3587,48.39292,-89.2894599,99,6044
3587,48.39391,-89.2894599,100,6152
3587,48.39488,-89.28947,101,6253
3587,48.3957299,-89.2894599,102,6354
3587,48.39632,-89.28945,103,6413
3587,48.39745,-89.28948,104,6535
3587,48.39836,-89.2894699,105,6639
3587,48.39888,-89.28946,106,6689
3587,48.3989399,-89.2894599,107,6697
3587,48.3989699,-89.2894699,108,6703
3587,48.3993299,-89.28942,109,6744
3587,48.3997999,-89.2891099,110,6806
3587,48.4000299,-89.28877,111,6841
3587,48.40024,-89.2882,112,6890
3587,48.40031,-89.28757,113,6931
3587,48.40028,-89.2868,114,6983
3587,48.40027,-89.28673,115,6993
3587,48.4002899,-89.2849699,116,7127
3587,48.4002899,-89.2836499,117,7216
3587,48.40028,-89.28311,118,7256
3587,48.4002899,-89.28304,119,7263
3587,48.4002899,-89.2817,120,7366
3587,48.4002899,-89.28138,121,7387
3587,48.4002899,-89.28007,122,7483
3587,48.40023,-89.27909,123,7556
3587,48.40024,-89.27901,124,7565
3587,48.40005,-89.2782699,125,7625
3587,48.39954,-89.27728,126,7718
3587,48.39946,-89.27714,127,7726
3587,48.3992399,-89.27609,128,7812
3587,48.39922,-89.2752799,129,7867
3587,48.39918,-89.2751599,130,7874
3587,48.3992099,-89.2746899,131,7911
3587,48.39923,-89.27462,132,7918
3587,48.3992999,-89.27451,133,7928
3587,48.39935,-89.27449,134,7935
3587,48.40027,-89.2744699,135,8036
3587,48.4012699,-89.2744699,136,8142
3587,48.40133,-89.2744599,137,8149
3587,48.40142,-89.2743699,138,8158
3587,48.40146,-89.27419,139,8170
3587,48.40143,-89.27277,140,8278
3587,48.4014099,-89.27241,141,8304
3587,48.40142,-89.2722999,142,8315
3587,48.4014099,-89.27205,143,8330
3587,48.40149,-89.27152,144,8371
3587,48.40158,-89.2712099,145,8393
3587,48.40195,-89.2706599,146,8455
3587,48.4023,-89.27038,147,8495
3587,48.40256,-89.26975,148,8548
3587,48.40264,-89.26966,149,8558
3587,48.4026899,-89.2696399,150,8565
3587,48.40297,-89.26967,151,8586
3587,48.4029199,-89.26965,152,8599
3587,48.4029799,-89.26969,153,8609
3587,48.403,-89.2697699,154,8616
3587,48.403,-89.26992,155,8625
3587,48.4029799,-89.27001,156,8631
3587,48.40297,-89.2701999,157,8645
3587,48.40294,-89.2702599,158,8651
3587,48.40284,-89.2702999,159,8664
3587,48.4027199,-89.2702999,160,8679
3587,48.40227,-89.27044,161,8726
3587,48.4020599,-89.2706,162,8753
3587,48.4017299,-89.2710499,163,8801
3587,48.4016699,-89.2711,164,8810
3587,48.40158,-89.2710899,165,8818
3587,48.4015399,-89.27107,166,8824
3587,48.4013699,-89.27084,167,8850
3587,48.4008799,-89.27055,168,8905
3587,48.4008399,-89.2704599,169,8914
3587,48.4008199,-89.2702999,170,8924
3587,48.4008199,-89.27014,171,8938
3587,48.40056,-89.2688,172,9044
3587,48.40051,-89.26867,173,9054
3587,48.4004799,-89.26864,174,9060
3587,48.4003199,-89.26861,175,9077
3587,48.39994,-89.26883,176,9116
3587,48.3993299,-89.26878,177,9185
3587,48.39925,-89.2688,178,9195
3587,48.3991699,-89.2687499,179,9203
3587,48.39913,-89.26861,180,9213
3587,48.39913,-89.2673,181,9317
3587,48.3992099,-89.26621,182,9389
3587,48.39958,-89.2647499,183,9509
3587,48.39992,-89.26339,184,9614
3587,48.4,-89.26201,185,9719
3587,48.4,-89.26056,186,9827
3587,48.4,-89.26037,187,9836
3587,48.39999,-89.25913,188,9917
3587,48.39997,-89.2590399,189,9923
3587,48.3999899,-89.25895,190,9930
3587,48.4000199,-89.25837,191,9977
3587,48.40008,-89.25821,192,9989
3587,48.4001299,-89.25816,193,9998
3587,48.4010099,-89.25816,194,10104
3587,48.40201,-89.25816,195,10207
3587,48.40286,-89.25816,196,10307
3587,48.40385,-89.2581499,197,10408
3587,48.40421,-89.25812,198,10440
3587,48.40519,-89.2581199,199,10554
3587,48.4061299,-89.2581,200,10654
3587,48.4073399,-89.2581,201,10796
3587,48.4082599,-89.2580899,202,10897
3587,48.40858,-89.2580899,203,10926
3587,48.40864,-89.25806,204,10933
3587,48.40868,-89.25801,205,10940
3587,48.4087299,-89.2578499,206,10952
3587,48.40872,-89.25697,207,11013
3587,48.4087199,-89.25682,208,11026
3587,48.40874,-89.2566699,209,11038
3587,48.4087299,-89.25659,210,11046
3587,48.40874,-89.25515,211,11149
3587,48.40872,-89.25436,212,11201
3587,48.40874,-89.25436,213,11207
3587,48.40874,-89.25423,214,11216
3587,48.4087599,-89.2540799,215,11229
3587,48.40878,-89.2540199,216,11235
3587,48.40888,-89.25394,217,11247
3587,48.40941,-89.25391,218,11329
3587,48.41054,-89.2539499,219,11434
3587,48.41126,-89.25394,220,11509
3587,48.41125,-89.25391,221,11533
3587,48.4115799,-89.25394,222,11545
3587,48.4116799,-89.2539199,223,11556
3587,48.41177,-89.2538,224,11571
3587,48.4118,-89.2536899,225,11581
3587,48.41181,-89.25291,226,11658
3587,48.41179,-89.25137,227,11755
3587,48.41192,-89.25077,228,11814
3587,48.4119,-89.25068,229,11821
3587,48.412,-89.25026,230,11867
3587,48.41254,-89.2490199,231,11976
3587,48.4130899,-89.24767,232,12090
3587,48.4132499,-89.2472199,233,12127
3587,48.41331,-89.24691,234,12148
3587,48.41334,-89.24641,235,12176
3587,48.4133499,-89.2451,236,12275
3587,48.41337,-89.24452,237,12316
3587,48.4133499,-89.24445,238,12328
3587,48.4133799,-89.24303,239,12441
3587,48.41383,-89.2415099,240,12561
3587,48.4139399,-89.24061,241,12627
3587,48.41392,-89.23917,242,12731
3587,48.41392,-89.23801,243,12816
3587,48.41389,-89.23785,244,12826
3587,48.4138499,-89.23779,245,12832
3587,48.41379,-89.2377699,246,12839
3587,48.4127599,-89.2382899,247,12962
3587,48.41214,-89.23867,248,13030
3587,48.41208,-89.23858,249,13038
3587,48.4110899,-89.23906,250,13156
3587,48.41019,-89.2394399,251,13263
3587,48.4092099,-89.2398399,252,13380
3587,48.40831,-89.2401999,253,13484
3587,48.40782,-89.2405,254,13528
3587,48.4077099,-89.24048,255,13541
3587,48.40683,-89.24086,256,13647
3587,48.4059299,-89.2412199,257,13748
3587,48.40517,-89.24163,258,13841
3587,48.4049499,-89.2416399,259,13857
3587,48.40425,-89.24192,260,13932
3587,48.40422,-89.2419699,261,13938
3587,48.4041999,-89.2420299,262,13944
3587,48.40421,-89.24232,263,13967
3587,48.4043299,-89.2430499,264,14013
3587,48.4043,-89.2431799,265,14024
3587,48.4041899,-89.24319,266,14037
3587,48.40375,-89.243,267,14088
3587,48.40365,-89.24306,268,14099
3587,48.40349,-89.2433,269,14131
3588,48.45178,-89.25478,0,0
3588,48.4518,-89.25473,1,7
3588,48.4515999,-89.2541199,2,54
3588,48.4515299,-89.25403,3,63
3588,48.45144,-89.25409,4,70
3588,48.4513999,-89.25414,5,77
3588,48.4507099,-89.25561,6,212
3588,48.45065,-89.25573,7,219
3588,48.4500899,-89.2569399,8,334
3588,48.44955,-89.25813,9,435
3588,48.4489999,-89.25932,10,545
3588,48.44874,-89.25996,11,594
3588,48.44872,-89.2599599,12,600
3588,48.4481499,-89.2611699,13,712
3588,48.4480799,-89.26131,14,720
3588,48.44776,-89.26203,15,812
3588,48.44712,-89.26336,16,914
3588,48.44676,-89.26418,17,996
3588,48.44619,-89.2653999,18,1109
3588,48.4459,-89.26602,19,1157
3588,48.44587,-89.2660299,20,1163
3588,48.4458199,-89.2660999,21,1172
3588,48.44577,-89.2661299,22,1180
3588,48.4456499,-89.26611,23,1193
3588,48.44545,-89.26593,24,1223
3588,48.44469,-89.26515,25,1331
3588,48.4439,-89.2643,26,1432
3588,48.44318,-89.26355,27,1536
3588,48.44238,-89.2627099,28,1643
3588,48.4415199,-89.26182,29,1751
3588,48.44051,-89.2607099,30,1898
3588,48.43983,-89.26003,31,1973
3588,48.43983,-89.2599899,32,1980
3588,48.4391199,-89.2592399,33,2080
3588,48.43838,-89.25851,34,2165
3588,48.43832,-89.2584,35,2176
3588,48.4375499,-89.25758,36,2285
3588,48.4367299,-89.25673,37,2392
3588,48.43639,-89.25639,38,2431
3588,48.4356999,-89.25565,39,2534
3588,48.43546,-89.2553999,40,2561
3588,48.4347,-89.2546099,41,2668
3588,48.4341,-89.25401,42,2739
3588,48.43363,-89.2534199,43,2812
3588,48.4334799,-89.2533,44,2828
3588,48.43261,-89.2529999,45,2922
3588,48.4319699,-89.2527699,46,3001
3588,48.43106,-89.25275,47,3101
3588,48.43076,-89.25278,48,3130
3588,48.4298699,-89.25278,49,3232
3588,48.42873,-89.25284,50,3355
3588,48.4286,-89.25279,51,3364
3588,48.42777,-89.2527699,52,3464
3588,48.4267399,-89.2527399,53,3573
3588,48.4262799,-89.25272,54,3623
3588,48.42624,-89.25262,55,3634
3588,48.42626,-89.25249,56,3641
3588,48.4266799,-89.2512599,57,3742
3588,48.42677,-89.25096,58,3764
3588,48.4268499,-89.25082,59,3771
3588,48.42748,-89.249,60,3929
3588,48.4279,-89.24772,61,4031
3588,48.4279599,-89.2476,62,4048
3588,48.4283499,-89.24642,63,4154
3588,48.42873,-89.2450199,64,4258
3588,48.42876,-89.24484,65,4266
3588,48.42892,-89.24346,66,4361
3588,48.42892,-89.24352,67,4367
3588,48.4291,-89.24124,68,4541
3588,48.42916,-89.23969,69,4651
3588,48.42916,-89.23827,70,4754
3588,48.42912,-89.23769,71,4792
3588,48.4291099,-89.23732,72,4819
3588,48.4290699,-89.2363599,73,4895
3588,48.4288,-89.23533,74,4973
3588,48.4284499,-89.2339599,75,5084
3588,48.42824,-89.23316,76,5150
3588,48.42824,-89.23308,77,5157
3588,48.4282899,-89.2329399,78,5168
3588,48.42862,-89.23261,79,5220
3588,48.4296699,-89.2315999,80,5357
3588,48.4301,-89.23109,81,5408
3588,48.43014,-89.2310999,82,5425
3588,48.4309199,-89.23033,83,5527
3588,48.43162,-89.22954,84,5618
3588,48.43166,-89.22947,85,5628
3588,48.43235,-89.22879,86,5728
3588,48.4333,-89.22781,87,5840
3588,48.43336,-89.2277199,88,5847
3588,48.4334,-89.22768,89,5853
3588,48.43345,-89.22765,90,5863
3588,48.43421,-89.2268699,91,5969
3588,48.43474,-89.22631,92,6026
3588,48.4348799,-89.22619,93,6052
3588,48.4348799,-89.2260799,94,6059
3588,48.43431,-89.2248299,95,6171
3588,48.43397,-89.22407,96,6220
3588,48.43398,-89.22407,97,6232
3588,48.43346,-89.2229599,98,6335
3588,48.4329199,-89.2217799,99,6437
3588,48.43289,-89.2217099,100,6443
3588,48.43281,-89.2215799,101,6451
3588,48.4328,-89.22151,102,6458
3588,48.4328199,-89.2214199,103,6467
3588,48.43422,-89.22,104,6651
3588,48.43452,-89.21959,105,6697
3588,48.4353,-89.2187999,106,6800
3588,48.43609,-89.2180399,107,6905
3588,48.4365299,-89.21754,108,6965
3588,48.43655,-89.21743,109,6973
3588,48.43654,-89.2173499,110,6980
3588,48.43619,-89.2166999,111,7038
3588,48.43615,-89.2166599,112,7044
3588,48.4360999,-89.21664,113,7050
3588,48.43596,-89.2166999,114,7066
3588,48.43568,-89.21703,115,7094
3589,48.43568,-89.21703,0,0
3589,48.43532,-89.21726,1,20
3589,48.4352799,-89.21737,2,28
3589,48.4353,-89.2175,3,39
3589,48.43565,-89.2182999,4,108
3589,48.4357399,-89.2183999,5,120
3589,48.43655,-89.21754,6,227
3589,48.4366,-89.21753,7,234
3589,48.43667,-89.2176,8,242
3589,48.43735,-89.21906,9,372
3589,48.43736,-89.21908,10,379
3589,48.43737,-89.21913,11,385
3589,48.43762,-89.2196799,12,432
3589,48.43766,-89.2197399,13,438
3589,48.43822,-89.2210199,14,557
3589,48.4387199,-89.2221099,15,654
3589,48.4387299,-89.22229,16,664
3589,48.4387,-89.2223699,17,672
3589,48.43783,-89.22327,18,788
3589,48.4372,-89.22391,19,836
3589,48.43726,-89.22389,20,861
3589,48.4365299,-89.22462,21,962
3589,48.4357699,-89.2254199,22,1067
3589,48.43532,-89.22589,23,1121
3589,48.43529,-89.22594,24,1128
3589,48.4352499,-89.22596,25,1135
3589,48.43448,-89.22676,26,1236
3589,48.43428,-89.2269699,27,1260
3589,48.43339,-89.22788,28,1377
3589,48.4326,-89.2286799,29,1487
3589,48.43204,-89.22926,30,1555
3589,48.43204,-89.22928,31,1562
3589,48.4312699,-89.23,32,1669
3589,48.4305,-89.23094,33,1766
3589,48.43024,-89.2310699,34,1804
3589,48.42946,-89.23187,35,1909
3589,48.42863,-89.23275,36,2019
3589,48.42828,-89.23313,37,2067
3589,48.4273999,-89.23377,38,2180
3589,48.42646,-89.23442,39,2293
3589,48.42643,-89.2344899,40,2300
3589,48.4256599,-89.23502,41,2402
3589,48.4253299,-89.23526,42,2434
3589,48.4244099,-89.23592,43,2550
3589,48.42403,-89.23616,44,2593
3589,48.42391,-89.23631,45,2605
3589,48.4230699,-89.23689,46,2718
3589,48.42295,-89.2369799,47,2725
3589,48.4223,-89.23755,48,2811
3589,48.4221,-89.23761,49,2829
3589,48.4212999,-89.23818,50,2935
3589,48.4204099,-89.23883,51,3045
3589,48.4195899,-89.23942,52,3149
3589,48.41898,-89.23993,53,3226
3589,48.41886,-89.2399599,54,3234
3589,48.41809,-89.24051,55,3338
3589,48.41787,-89.24067,56,3354
3589,48.4169999,-89.2413,57,3471
3589,48.41677,-89.24144,58,3495
3589,48.4166999,-89.24153,59,3505
3589,48.4158799,-89.2421299,60,3613
3589,48.41484,-89.24296,61,3731
3589,48.41472,-89.24297,62,3739
3589,48.41389,-89.2435799,63,3841
3589,48.41307,-89.24418,64,3947
3589,48.41234,-89.24472,65,4035
3589,48.41154,-89.2453,66,4136
3589,48.4108199,-89.2456499,67,4222
3589,48.4098699,-89.2456499,68,4334
3589,48.40889,-89.24568,69,4417
3589,48.40898,-89.2456499,70,4430
3589,48.40802,-89.2456499,71,4538
3589,48.4070799,-89.24566,72,4642
3589,48.4061599,-89.24563,73,4748
3589,48.4051799,-89.24563,74,4854
3589,48.40468,-89.24569,75,4901
3589,48.40461,-89.2456499,76,4908
3589,48.40434,-89.2456499,77,4946
3589,48.40427,-89.24563,78,4958
3589,48.40325,-89.24563,79,5072
3589,48.40224,-89.24562,80,5181
3589,48.40111,-89.24569,81,5299
3589,48.40103,-89.2456399,82,5307
3589,48.40005,-89.2456399,83,5417
3589,48.3991099,-89.2456,84,5519
3589,48.39886,-89.24556,85,5545
3589,48.39879,-89.2456099,86,5552
3589,48.39853,-89.2456,87,5578
3589,48.39762,-89.2456,88,5686
3589,48.3966799,-89.24559,89,5786
3589,48.3959,-89.24559,90,5874
3589,48.3950399,-89.2455799,91,5974
3589,48.3939,-89.24558,92,6094
3589,48.39384,-89.2456,93,6104
3589,48.3929299,-89.2456,94,6212
3589,48.3918899,-89.2455799,95,6325
3589,48.39101,-89.24557,96,6425
3589,48.39032,-89.24559,97,6478
3589,48.39036,-89.24556,98,6484
3589,48.38934,-89.2455799,99,6601
3589,48.3883699,-89.2455799,100,6710
3589,48.38784,-89.24558,101,6755
3589,48.3878799,-89.2455799,102,6763
3589,48.38701,-89.2455499,103,6867
3589,48.38605,-89.2455199,104,6975
3589,48.38576,-89.2455199,105,6993
3589,48.38503,-89.24555,106,7070
3589,48.3849899,-89.2455199,107,7079
3589,48.3840099,-89.2455199,108,7187
3589,48.3830599,-89.24553,109,7295
3589,48.38247,-89.24602,110,7385
3590,48.38247,-89.24602,0,0
3590,48.38248,-89.2456099,1,37
3590,48.3824999,-89.2455099,2,44
3590,48.3825599,-89.2454499,3,55
3590,48.38265,-89.24543,4,64
3590,48.38274,-89.24546,5,72
3590,48.38352,-89.24542,6,154
3590,48.38366,-89.24547,7,177
3590,48.38464,-89.24547,8,279
3590,48.3847299,-89.24549,9,287
3590,48.3855499,-89.24544,10,387
3590,48.38609,-89.24544,11,434
3590,48.38697,-89.24544,12,538
3590,48.3879499,-89.24544,13,646
3590,48.38907,-89.24545,14,758
3590,48.38907,-89.24543,15,766
3590,48.3900199,-89.24546,16,871
3590,48.39034,-89.24544,17,927
3590,48.39148,-89.24544,18,1035
3590,48.3924,-89.2454499,19,1145
3590,48.39342,-89.24544,20,1252
3590,48.39371,-89.24543,21,1278
3590,48.39377,-89.2454499,22,1289
3590,48.39465,-89.2454499,23,1390
3590,48.39555,-89.24544,24,1491
3590,48.39661,-89.24546,25,1596
3590,48.3975999,-89.24546,26,1717
3590,48.39851,-89.24545,27,1813
3590,48.3985,-89.24544,28,1822
3590,48.39949,-89.24543,29,1936
3590,48.40002,-89.24542,30,1991
3590,48.4004499,-89.24537,31,2023
3590,48.4004899,-89.24534,32,2030
3590,48.40053,-89.2452899,33,2037
3590,48.4006499,-89.2446899,34,2085
3590,48.40125,-89.2435499,35,2193
3590,48.4014399,-89.2429199,36,2245
3590,48.40152,-89.24242,37,2276
3590,48.40152,-89.2423299,38,2283
3590,48.4015699,-89.24202,39,2306
3590,48.4016299,-89.2419299,40,2316
3590,48.40169,-89.2418999,41,2324
3590,48.40175,-89.24189,42,2332
3590,48.4026799,-89.24208,43,2436
3590,48.40283,-89.2420699,44,2449
3590,48.40289,-89.24209,45,2456
3590,48.40297,-89.2421699,46,2466
3590,48.403,-89.24224,47,2474
3590,48.4031799,-89.2432799,48,2547
3590,48.40325,-89.2433,49,2553
3590,48.40333,-89.2432499,50,2562
3590,48.40347,-89.24302,51,2586
3590,48.40348,-89.2430899,52,2598
3590,48.40372,-89.2429799,53,2626
3590,48.40411,-89.24311,54,2668
3590,48.40418,-89.2430899,55,2677
3590,48.40424,-89.2429899,56,2685
3590,48.4042599,-89.24291,57,2691
3590,48.4040899,-89.24208,58,2752
3590,48.40407,-89.2420299,59,2758
3590,48.4039699,-89.24199,60,2769
3590,48.4030499,-89.2421599,61,2874
3590,48.40202,-89.24209,62,2986
3590,48.40169,-89.24201,63,3018
3590,48.4016399,-89.24202,64,3024
3590,48.4015699,-89.24211,65,3032
3590,48.40151,-89.2428899,66,3095
3590,48.40136,-89.24347,67,3142
3590,48.40077,-89.2445899,68,3245
3590,48.4007199,-89.2447,69,3257
3590,48.4006499,-89.24494,70,3273
3590,48.40064,-89.24516,71,3286
3590,48.40067,-89.2453499,72,3300
3590,48.40074,-89.2454499,73,3312
3590,48.4016699,-89.24546,74,3414
3590,48.4026,-89.2454499,75,3516
3590,48.4028,-89.24541,76,3539
3590,48.40284,-89.24544,77,3547
3590,48.4037399,-89.2454499,78,3651
3590,48.40467,-89.24542,79,3753
3590,48.40581,-89.2454499,80,3873
3590,48.40674,-89.24543,81,3976
3590,48.40762,-89.2454499,82,4080
3590,48.40864,-89.24546,83,4191
3590,48.40922,-89.24546,84,4248
3590,48.4092199,-89.24547,85,4255
3590,48.41011,-89.2454799,86,4359
3590,48.41061,-89.24543,87,4405
3590,48.41075,-89.2454499,88,4416
3590,48.4112499,-89.2452799,89,4475
3590,48.4120699,-89.2447,90,4580
3590,48.41294,-89.24405,91,4683
3590,48.4137099,-89.2435,92,4783
3590,48.41458,-89.24284,93,4894
3590,48.41503,-89.24249,94,4943
3590,48.4150599,-89.24248,95,4949
3590,48.4159499,-89.2418699,96,5066
3590,48.41705,-89.24102,97,5189
3590,48.41707,-89.24103,98,5198
3590,48.4179199,-89.2404299,99,5304
3590,48.41879,-89.23976,100,5416
3590,48.4188699,-89.23975,101,5426
3590,48.4191899,-89.2395,102,5462
3590,48.42023,-89.23872,103,5590
3590,48.4203,-89.23871,104,5600
3590,48.42112,-89.2381299,105,5706
3590,48.42122,-89.2380599,106,5712
3590,48.42152,-89.2378,107,5751
3590,48.42154,-89.23781,108,5757
3590,48.4223199,-89.23725,109,5862
3590,48.42316,-89.23664,110,5950
3590,48.42322,-89.23657,111,5959
3590,48.42404,-89.23601,112,6065
3590,48.42486,-89.2354099,113,6167
3590,48.42574,-89.23477,114,6268
3590,48.42612,-89.23452,115,6311
3590,48.4261599,-89.23447,116,6318
3590,48.4270099,-89.23388,117,6432
3590,48.42787,-89.23325,118,6533
3590,48.42797,-89.23318,119,6540
3590,48.42862,-89.23261,120,6635
3590,48.4296699,-89.2315999,121,6772
3590,48.4301,-89.23109,122,6823
3590,48.43014,-89.2310999,123,6840
3590,48.4309199,-89.23033,124,6942
3590,48.43162,-89.22954,125,7033
3590,48.43166,-89.22947,126,7043
3590,48.43235,-89.22879,127,7143
3590,48.4333,-89.22781,128,7255
3590,48.43336,-89.2277199,129,7262
3590,48.4334,-89.22768,130,7268
3590,48.43345,-89.22765,131,7278
3590,48.43421,-89.2268699,132,7384
3590,48.43474,-89.22631,133,7441
3590,48.4348799,-89.22619,134,7467
3590,48.4348799,-89.2260799,135,7474
3590,48.43431,-89.2248299,136,7586
3590,48.43397,-89.22407,137,7635
3590,48.43398,-89.22407,138,7647
3590,48.43346,-89.2229599,139,7750
3590,48.4329199,-89.2217799,140,7852
3590,48.43289,-89.2217099,141,7858
3590,48.43281,-89.2215799,142,7866
3590,48.4328,-89.22151,143,7873
3590,48.4328199,-89.2214199,144,7882
3590,48.43422,-89.22,145,8066
3590,48.43452,-89.21959,146,8112
3590,48.4353,-89.2187999,147,8215
3590,48.43609,-89.2180399,148,8320
3590,48.4365299,-89.21754,149,8380
3590,48.43655,-89.21743,150,8388
3590,48.43654,-89.2173499,151,8395
3590,48.43619,-89.2166999,152,8453
3590,48.43615,-89.2166599,153,8459
3590,48.4360999,-89.21664,154,8465
3590,48.43596,-89.2166999,155,8481
3590,48.43568,-89.21703,156,8509
3591,48.42144,-89.26211,0,0
3591,48.42145,-89.26178,1,20
3591,48.4214899,-89.26175,2,26
3591,48.4215599,-89.2616599,3,36
3591,48.4221499,-89.26115,4,111
3591,48.4222099,-89.26112,5,119
3591,48.42241,-89.26086,6,145
3591,48.42265,-89.26083,7,175
3591,48.4226799,-89.2608399,8,185
3591,48.4229699,-89.2612099,9,226
3591,48.4233599,-89.26148,10,269
3591,48.4235599,-89.2614299,11,290
3591,48.4240499,-89.2599299,12,421
3591,48.42444,-89.2584799,13,534
3591,48.4248099,-89.2572299,14,640
3591,48.4252299,-89.25583,15,748
3591,48.42551,-89.25491,16,810
3591,48.42548,-89.25489,17,816
3591,48.4258899,-89.2536199,18,924
3591,48.4259299,-89.2535,19,934
3591,48.4259599,-89.25327,20,947
3591,48.4259199,-89.2530999,21,961
3591,48.4258299,-89.25299,22,971
3591,48.42578,-89.25295,23,980
3591,48.4245,-89.2528399,24,1127
3591,48.42387,-89.25282,25,1186
3591,48.4238599,-89.2528299,26,1194
3591,48.4228999,-89.25282,27,1307
3591,48.42188,-89.25285,28,1414
3591,48.42137,-89.25298,29,1466
3591,48.4212899,-89.25294,30,1473
3591,48.42096,-89.25305,31,1517
3591,48.42032,-89.2535499,32,1594
3591,48.4197499,-89.2545,33,1690
3591,48.4192999,-89.25591,34,1811
3591,48.41882,-89.25708,35,1914
3591,48.41832,-89.2577199,36,1986
3591,48.4175599,-89.2581899,37,2074
3591,48.41652,-89.25826,38,2194
3591,48.41557,-89.25824,39,2289
3591,48.4155,-89.25814,40,2299
3591,48.4154799,-89.25806,41,2307
3591,48.41551,-89.2563,42,2437
3591,48.41551,-89.2547699,43,2548
3591,48.4155499,-89.25469,44,2555
3591,48.4155799,-89.25465,45,2561
3591,48.41563,-89.25462,46,2567
3591,48.41616,-89.25451,47,2605
3591,48.41607,-89.2545699,48,2615
3591,48.41648,-89.2545699,49,2665
3591,48.4166999,-89.2544699,50,2689
3591,48.4174499,-89.2536899,51,2788
3591,48.41753,-89.25367,52,2797
3591,48.41776,-89.25392,53,2828
3591,48.4177899,-89.254,54,2834
3591,48.41819,-89.25446,55,2897
3591,48.41879,-89.25483,56,2986
3591,48.41921,-89.2551699,57,3040
3591,48.41931,-89.25521,58,3052
3591,48.4193899,-89.25519,59,3062
3591,48.41944,-89.25514,60,3070
3591,48.4197799,-89.25416,61,3154
3591,48.42009,-89.25361,62,3209
3591,48.4206,-89.25301,63,3276
3591,48.42088,-89.2527999,64,3305
3591,48.42091,-89.25275,65,3311
3591,48.4209299,-89.25259,66,3322
3591,48.42078,-89.2517,67,3392
3591,48.42078,-89.2502799,68,3495
3591,48.42076,-89.24981,69,3529
3591,48.4207999,-89.24966,70,3536
3591,48.42082,-89.2482699,71,3648
3591,48.4208,-89.2476,72,3674
3591,48.42082,-89.24769,73,3682
3591,48.42088,-89.2461999,74,3799
3591,48.42084,-89.24536,75,3852
3591,48.42088,-89.2452199,76,3858
3591,48.42096,-89.2441399,77,3945
3591,48.42137,-89.24294,78,4049
3591,48.42154,-89.24242,79,4086
3591,48.42155,-89.24124,80,4171
3591,48.42161,-89.2409,81,4196
3591,48.42167,-89.24081,82,4206
3591,48.42173,-89.24078,83,4214
3591,48.4227,-89.2407899,84,4323
3591,48.42364,-89.24073,85,4420
3591,48.42456,-89.24077,86,4526
3591,48.4254699,-89.2408,87,4628
3591,48.4263799,-89.24077,88,4730
3591,48.42732,-89.2407899,89,4831
3591,48.42805,-89.2407599,90,4909
3591,48.42811,-89.2407,91,4916
3591,48.4281299,-89.24057,92,4924
3591,48.4281,-89.2386199,93,5066
3591,48.4280899,-89.2384299,94,5079
3591,48.42805,-89.2383599,95,5087
3591,48.42795,-89.23834,96,5097
3591,48.42717,-89.23844,97,5179
3591,48.42713,-89.2384,98,5185
3591,48.4261899,-89.2383599,99,5296
3591,48.42525,-89.23837,100,5405
3591,48.4250099,-89.23837,101,5421
3591,48.42403,-89.23837,102,5538
3591,48.42319,-89.23838,103,5627
3591,48.4221499,-89.23838,104,5746
3591,48.42119,-89.23838,105,5853
3591,48.42023,-89.23896,106,5969
3591,48.4193599,-89.2395999,107,6079
3591,48.41898,-89.23993,108,6120
3591,48.41886,-89.2399599,109,6128
3591,48.41809,-89.24051,110,6232
3591,48.41787,-89.24067,111,6248
3591,48.4169999,-89.2413,112,6365
3591,48.41677,-89.24144,113,6389
3591,48.4166999,-89.24153,114,6399
3591,48.4158799,-89.2421299,115,6507
3591,48.41484,-89.24296,116,6625
3591,48.41481,-89.2429199,117,6634
3591,48.41393,-89.24347,118,6739
3591,48.41354,-89.2437399,119,6788
3591,48.4134899,-89.2437399,120,6794
3591,48.4134499,-89.2437,121,6801
3591,48.4133899,-89.24357,122,6811
3591,48.41344,-89.24287,123,6864
3591,48.41383,-89.24159,124,6967
3591,48.41395,-89.2406499,125,7044
3591,48.4139399,-89.23912,126,7157
3591,48.4139099,-89.23788,127,7241
3591,48.4138399,-89.23778,128,7250
3591,48.41379,-89.23775,129,7256
3591,48.4137399,-89.23775,130,7262
3591,48.4129199,-89.2381899,131,7362
3591,48.41214,-89.23867,132,7446
3591,48.41208,-89.23858,133,7454
3591,48.4110899,-89.23906,134,7572
3591,48.41019,-89.2394399,135,7679
3591,48.4092099,-89.2398399,136,7796
3591,48.40831,-89.2401999,137,7900
3591,48.40782,-89.2405,138,7944
3591,48.4077099,-89.24048,139,7957
3591,48.40683,-89.24086,140,8063
3591,48.4059299,-89.2412199,141,8164
3591,48.40517,-89.24163,142,8257
3591,48.4049499,-89.2416399,143,8273
3591,48.40425,-89.24192,144,8348
3591,48.40422,-89.2419699,145,8354
3591,48.4041999,-89.2420299,146,8360
3591,48.40421,-89.24232,147,8383
3591,48.4043299,-89.2430499,148,8429
3591,48.4043,-89.2431799,149,8440
3591,48.4041899,-89.24319,150,8453
3591,48.40375,-89.243,151,8504
3591,48.40365,-89.24306,152,8515
3591,48.40349,-89.2433,153,8547
3592,48.45221,-89.27192,0,0
3592,48.45243,-89.2716099,1,7
3592,48.4529399,-89.2704999,2,111
3592,48.45349,-89.26932,3,217
3592,48.45383,-89.26839,4,309
3592,48.45401,-89.26815,5,322
3592,48.4545,-89.2671,6,410
3592,48.4550699,-89.2658699,7,527
3592,48.4556,-89.26456,8,658
3592,48.45581,-89.2642899,9,665
3592,48.45585,-89.2641599,10,678
3592,48.45581,-89.2640299,11,687
3592,48.4549799,-89.26286,12,817
3592,48.45494,-89.26279,13,839
3592,48.4549,-89.26274,14,846
3592,48.4544099,-89.26164,15,951
3592,48.4539199,-89.26043,16,1051
3592,48.45321,-89.25862,17,1210
3592,48.4529,-89.25774,18,1253
3592,48.45247,-89.2566,19,1354
3592,48.45201,-89.25531,20,1458
3592,48.45178,-89.25478,21,1508
3592,48.45175,-89.2545799,22,1520
3592,48.45108,-89.25272,23,1679
3592,48.4506799,-89.25196,24,1749
3592,48.4504499,-89.2516899,25,1782
3592,48.4496,-89.25102,26,1886
3592,48.44876,-89.2503699,27,1991
3592,48.44821,-89.2499,28,2069
3592,48.4480199,-89.24984,29,2078
3592,48.44722,-89.2492,30,2182
3592,48.44697,-89.24895,31,2219
3592,48.4459199,-89.24836,32,2344
3592,48.44502,-89.2479,33,2450
3592,48.44482,-89.24779,34,2464
3592,48.44443,-89.24752,35,2510
3592,48.44436,-89.24754,36,2517
3592,48.4434,-89.2470899,37,2637
3592,48.44308,-89.24697,38,2668
3592,48.4421999,-89.2466299,39,2775
3592,48.4419799,-89.24655,40,2796
3592,48.4414,-89.24625,41,2863
3592,48.44131,-89.2461999,42,2871
3592,48.44127,-89.24616,43,2878
3592,48.44123,-89.2461399,44,2887
3592,48.441,-89.24579,45,2926
3592,48.4407899,-89.2446599,46,3010
3592,48.44077,-89.24376,47,3076
3592,48.44074,-89.24359,48,3090
3592,48.44074,-89.2435099,49,3098
3592,48.4407599,-89.2434399,50,3104
3592,48.4407999,-89.2433799,51,3111
3592,48.4416199,-89.2428899,52,3213
3592,48.44242,-89.2423999,53,3299
3592,48.4424999,-89.24231,54,3310
3592,48.44252,-89.24218,55,3320
3592,48.44213,-89.2409,56,3419
3592,48.44189,-89.2398299,57,3476
3592,48.4420099,-89.23968,58,3493
3592,48.4428299,-89.23919,59,3598
3592,48.44343,-89.23883,60,3662
3592,48.4435899,-89.23881,61,3680
3592,48.4436499,-89.2389099,62,3689
3592,48.44393,-89.23985,63,3790
3592,48.44425,-89.2412199,64,3871
3592,48.4442399,-89.24132,65,3877
3592,48.4441799,-89.2413799,66,3886
3592,48.44333,-89.2418699,67,3994
3592,48.4424399,-89.2424299,68,4103
3592,48.4420399,-89.24268,69,4145
3592,48.44111,-89.24324,70,4259
3592,48.4408299,-89.24342,71,4287
3592,48.4407599,-89.2434,72,4298
3592,48.4406899,-89.2433199,73,4306
3592,48.4406599,-89.24326,74,4312
3592,48.4404699,-89.24241,75,4375
3592,48.44049,-89.24247,76,4395
3592,48.4404699,-89.24245,77,4401
3592,48.44013,-89.2411499,78,4505
3592,48.44005,-89.24073,79,4532
3592,48.44002,-89.24068,80,4539
3592,48.43963,-89.23915,81,4656
3592,48.43923,-89.23778,82,4771
3592,48.43899,-89.23694,83,4836
3592,48.4383299,-89.23441,84,5025
3592,48.43822,-89.23392,85,5085
3592,48.4378,-89.2323799,86,5185
3592,48.4374399,-89.23106,87,5293
3592,48.43741,-89.23088,88,5326
3592,48.43737,-89.2308699,89,5332
3592,48.43726,-89.23037,90,5375
3592,48.43727,-89.2301,91,5398
3592,48.43775,-89.2288099,92,5505
3592,48.43803,-89.22814,93,5558
3592,48.43809,-89.2279,94,5580
3592,48.43809,-89.22689,95,5641
3592,48.43806,-89.2269999,96,5650
3592,48.43806,-89.22649,97,5689
3592,48.4379099,-89.22576,98,5748
3592,48.43769,-89.2251999,99,5785
3592,48.43707,-89.22416,100,5890
3592,48.4370499,-89.2240499,101,5900
3592,48.43707,-89.2239099,102,5910
3592,48.43744,-89.22347,103,5964
3592,48.4375799,-89.22337,104,5977
3592,48.43762,-89.22331,105,5985
3592,48.43848,-89.22243,106,6102
3592,48.43871,-89.22215,107,6127
3592,48.4387,-89.22207,108,6134
3592,48.4381699,-89.2210199,109,6234
3592,48.43811,-89.22087,110,6242
3592,48.43756,-89.2197,111,6346
3592,48.43744,-89.21948,112,6375
3592,48.4368899,-89.21818,113,6482
3592,48.4368199,-89.2180099,114,6492
3592,48.4367899,-89.2179699,115,6498
3592,48.43675,-89.21785,116,6507
3592,48.43671,-89.21777,117,6513
3592,48.43668,-89.2177399,118,6519
3592,48.4362299,-89.2167599,119,6610
3592,48.43612,-89.21667,120,6622
3592,48.43605,-89.21665,121,6630
3592,48.4359299,-89.21667,122,6642
3592,48.43586,-89.21671,123,6650
3592,48.43563,-89.2169199,124,6681
3592,48.43568,-89.21703,125,6702
3593,48.43568,-89.21703,0,0
3593,48.43619,-89.2167599,1,53
3593,48.43624,-89.2167599,2,59
3593,48.43634,-89.21688,3,70
3593,48.43658,-89.2174199,4,117
3593,48.4366599,-89.2174499,5,124
3593,48.43671,-89.2174199,6,130
3593,48.43742,-89.21664,7,232
3593,48.4382399,-89.2157799,8,338
3593,48.43834,-89.21562,9,359
3593,48.43851,-89.2155,10,377
3593,48.4385299,-89.21546,11,385
3593,48.43908,-89.2148499,12,453
3593,48.43914,-89.2147199,13,467
3593,48.4391199,-89.2144299,14,490
3593,48.4391799,-89.21421,15,507
3593,48.43921,-89.21415,16,513
3593,48.4393,-89.21408,17,521
3593,48.4393499,-89.21408,18,528
3593,48.4395,-89.2141699,19,549
3593,48.43973,-89.21418,20,576
3593,48.43992,-89.21411,21,595
3593,48.44028,-89.2138099,22,641
3593,48.4412,-89.21224,23,792
3593,48.44139,-89.21189,24,818
3593,48.4413899,-89.2118699,25,826
3593,48.4419699,-89.2107799,26,928
3593,48.44213,-89.21052,27,949
3593,48.44212,-89.21051,28,955
3593,48.4426999,-89.2094099,29,1058
3593,48.4428299,-89.2091499,30,1080
3593,48.44348,-89.20792,31,1193
3593,48.44425,-89.20647,32,1334
3593,48.44449,-89.2060299,33,1369
3593,48.44469,-89.20567,34,1406
3593,48.44468,-89.20564,35,1415
3593,48.4453299,-89.20443,36,1535
3593,48.44559,-89.20395,37,1571
3593,48.4456499,-89.20384,38,1584
3593,48.4456899,-89.2037299,39,1594
3593,48.4462699,-89.2027399,40,1696
3593,48.44656,-89.2021899,41,1739
3593,48.44682,-89.2017,42,1785
3593,48.44692,-89.20158,43,1801
3593,48.44699,-89.2015899,44,1812
3593,48.44741,-89.20199,45,1856
3593,48.4474199,-89.2020599,46,1864
3593,48.4481499,-89.20296,47,1977
3593,48.4488299,-89.2038299,48,2077
3593,48.44975,-89.20486,49,2195
3593,48.45024,-89.20551,50,2266
3593,48.45032,-89.20548,51,2275
3593,48.45036,-89.2054299,52,2283
3593,48.4509399,-89.20431,53,2384
3593,48.4514999,-89.20326,54,2487
3593,48.45173,-89.20272,55,2526
3593,48.4523099,-89.2017299,56,2637
3593,48.45293,-89.20053,57,2741
3593,48.45299,-89.20035,58,2777
3593,48.45308,-89.19997,59,2785
3593,48.45245,-89.19929,60,2870
3593,48.45157,-89.19817,61,2972
3593,48.45085,-89.19732,62,3082
3593,48.45012,-89.19651,63,3187
3593,48.44987,-89.1961399,64,3202
3593,48.4498499,-89.1960799,65,3208
3593,48.4498499,-89.1959199,66,3223
3593,48.4504799,-89.19472,67,3334
3593,48.45129,-89.19317,68,3503
3593,48.4519899,-89.1918399,69,3605
3593,48.45257,-89.19078,70,3713
3593,48.45274,-89.19042,71,3764
3593,48.45339,-89.1892199,72,3868
3593,48.45397,-89.18811,73,3974
3593,48.4546099,-89.1869,74,4088
3593,48.45519,-89.18576,75,4189
3593,48.45577,-89.18468,76,4310
3593,48.45633,-89.1836399,77,4411
3593,48.45693,-89.18287,78,4501
3593,48.4576699,-89.18238,79,4583
3593,48.45788,-89.1822899,80,4612
3593,48.45881,-89.18219,81,4713
3593,48.45886,-89.18221,82,4721
3593,48.4598599,-89.18222,83,4833
3593,48.4607899,-89.18221,84,4933
3593,48.46128,-89.18217,85,4982
3593,48.4621599,-89.1821899,86,5090
3593,48.46265,-89.18217,87,5131
3593,48.4638399,-89.18217,88,5234
3593,48.46458,-89.18216,89,5357
3593,48.4657399,-89.1821599,90,5461
3593,48.46649,-89.18214,91,5566
3593,48.46647,-89.18215,92,5580
3593,48.46736,-89.18214,93,5681
3593,48.4686,-89.1821,94,5788
3593,48.46855,-89.18214,95,5795
3593,48.4686299,-89.18214,96,5801
3593,48.4686899,-89.1821599,97,5809
3593,48.4695499,-89.18215,98,5910
3593,48.47055,-89.1821299,99,6018
3593,48.47146,-89.18212,100,6118
3593,48.47192,-89.18205,101,6195
3593,48.4730899,-89.18212,102,6298
3593,48.47402,-89.1820999,103,6406
3593,48.47422,-89.18202,104,6443
3593,48.47448,-89.1820999,105,6459
3593,48.4754599,-89.1820899,106,6562
3593,48.47627,-89.182,107,6675
3593,48.47632,-89.1820299,108,6685
3593,48.47659,-89.18208,109,6720
3593,48.47666,-89.1820599,110,6727
3593,48.47757,-89.18208,111,6831
3593,48.47868,-89.18251,112,6941
3594,48.46104,-89.23474,0,0
3594,48.46106,-89.2349099,1,11
3594,48.46113,-89.23497,2,18
3594,48.4611799,-89.23496,3,24
3594,48.46175,-89.2345199,4,101
3594,48.46182,-89.23444,5,107
3594,48.4618699,-89.23433,6,118
3594,48.4619299,-89.2340899,7,142
3594,48.46202,-89.23315,8,206
3594,48.46227,-89.23142,9,308
3594,48.46231,-89.23128,10,319
3594,48.46234,-89.23122,11,327
3594,48.4624599,-89.2311299,12,339
3594,48.46318,-89.2311,13,442
3594,48.46343,-89.2312299,14,448
3594,48.4634699,-89.2313699,15,461
3594,48.46343,-89.23323,16,600
3594,48.46342,-89.2347099,17,702
3594,48.4634,-89.23604,18,804
3594,48.4633799,-89.2375999,19,917
3594,48.4634,-89.23874,20,1025
3594,48.46337,-89.2387899,21,1035
3594,48.4633499,-89.2401999,22,1141
3594,48.46337,-89.24133,23,1214
3594,48.4633499,-89.2413,24,1222
3594,48.46333,-89.2426,25,1323
3594,48.46332,-89.24393,26,1423
3594,48.4633099,-89.2453,27,1524
3594,48.4633,-89.24702,28,1631
3594,48.46332,-89.2470599,29,1637
3594,48.4633,-89.2471899,30,1650
3594,48.46326,-89.24864,31,1762
3594,48.46327,-89.25005,32,1855
3594,48.4632499,-89.2500799,33,1863
3594,48.4632499,-89.25151,34,1975
3594,48.46323,-89.2529599,35,2085
3594,48.46324,-89.25375,36,2163
3594,48.4632099,-89.2554299,37,2266
3594,48.46323,-89.25571,38,2306
3594,48.4632099,-89.2557899,39,2315
3594,48.46319,-89.25748,40,2438
3594,48.46317,-89.2582,41,2496
3594,48.46309,-89.2583,42,2507
3594,48.46263,-89.2583,43,2554
3594,48.46178,-89.25826,44,2654
3594,48.4609099,-89.25823,45,2754
3594,48.45984,-89.25822,46,2881
3594,48.4586799,-89.25816,47,2986
3594,48.4578299,-89.25813,48,3088
3594,48.4568499,-89.2580899,49,3190
3594,48.4568,-89.2581,50,3210
3594,48.45565,-89.25804,51,3327
3594,48.4551999,-89.2581499,52,3378
3594,48.4548,-89.25847,53,3428
3594,48.4539899,-89.2594299,54,3529
3594,48.45374,-89.2597299,55,3572
3594,48.45371,-89.25974,56,3578
3594,48.45357,-89.25962,57,3592
3594,48.45355,-89.25952,58,3603
3594,48.4530699,-89.25823,59,3710
3594,48.4529,-89.25774,60,3749
3594,48.45247,-89.2566,61,3850
3594,48.45201,-89.25531,62,3954
3594,48.45178,-89.25478,63,4004
3594,48.45175,-89.2545799,64,4016
3594,48.45108,-89.25272,65,4175
3594,48.4506799,-89.25196,66,4245
3594,48.4504499,-89.2516899,67,4278
3594,48.4496,-89.25102,68,4382
3594,48.44876,-89.2503699,69,4487
3594,48.44821,-89.2499,70,4565
3594,48.4480199,-89.24984,71,4574
3594,48.44722,-89.2492,72,4678
3594,48.44697,-89.24895,73,4715
3594,48.4459199,-89.24836,74,4840
3594,48.44502,-89.2479,75,4946
3594,48.44482,-89.24779,76,4960
3594,48.44443,-89.24752,77,5006
3594,48.44436,-89.24754,78,5013
3594,48.4434,-89.2470899,79,5133
3594,48.44308,-89.24697,80,5164
3594,48.4421999,-89.2466299,81,5271
3594,48.4419799,-89.24655,82,5292
3594,48.4414,-89.24625,83,5359
3594,48.44131,-89.24625,84,5366
3594,48.4411899,-89.2461399,85,5385
3594,48.44107,-89.2459799,86,5407
3594,48.44091,-89.24563,87,5439
3594,48.44075,-89.24457,88,5512
3594,48.44072,-89.24362,89,5587
3594,48.44049,-89.24247,90,5670
3594,48.4404699,-89.24245,91,5676
3594,48.44013,-89.2411499,92,5780
3594,48.44005,-89.24073,93,5807
3594,48.44002,-89.24068,94,5814
3594,48.43963,-89.23915,95,5931
3594,48.43923,-89.23778,96,6046
3594,48.43899,-89.23694,97,6111
3594,48.4383299,-89.23441,98,6300
3594,48.43822,-89.23392,99,6360
3594,48.4378,-89.2323799,100,6460
3594,48.4374399,-89.23106,101,6568
3594,48.43741,-89.23088,102,6601
3594,48.43737,-89.2308699,103,6607
3594,48.43726,-89.23037,104,6650
3594,48.43727,-89.2301,105,6673
3594,48.43775,-89.2288099,106,6780
3594,48.43803,-89.22814,107,6833
3594,48.43809,-89.2279,108,6855
3594,48.43809,-89.22689,109,6916
3594,48.43806,-89.2269999,110,6925
3594,48.43806,-89.22649,111,6964
3594,48.4379099,-89.22576,112,7023
3594,48.43769,-89.2251999,113,7060
3594,48.43707,-89.22416,114,7165
3594,48.4370499,-89.2240499,115,7175
3594,48.43707,-89.2239099,116,7185
3594,48.43744,-89.22347,117,7239
3594,48.4375799,-89.22337,118,7252
3594,48.43762,-89.22331,119,7260
3594,48.43848,-89.22243,120,7377
3594,48.43871,-89.22215,121,7402
3594,48.4387,-89.22207,122,7409
3594,48.4381699,-89.2210199,123,7509
3594,48.43811,-89.22087,124,7517
3594,48.43756,-89.2197,125,7621
3594,48.43744,-89.21948,126,7650
3594,48.4368899,-89.21818,127,7757
3594,48.4368199,-89.2180099,128,7767
3594,48.4367899,-89.2179699,129,7773
3594,48.43675,-89.21785,130,7782
3594,48.43671,-89.21777,131,7788
3594,48.43668,-89.2177399,132,7794
3594,48.4362299,-89.2167599,133,7885
3594,48.43612,-89.21667,134,7897
3594,48.43605,-89.21665,135,7905
3594,48.4359299,-89.21667,136,7917
3594,48.43586,-89.21671,137,7925
3594,48.43563,-89.2169199,138,7956
3594,48.43568,-89.21703,139,7977
3595,48.38247,-89.24602,0,0
3595,48.38248,-89.2456099,1,37
3595,48.3824999,-89.2455099,2,44
3595,48.3825599,-89.2454499,3,55
3595,48.38265,-89.24543,4,64
3595,48.38274,-89.24546,5,72
3595,48.38352,-89.24542,6,154
3595,48.38366,-89.24547,7,177
3595,48.38464,-89.24547,8,279
3595,48.3847299,-89.24549,9,287
3595,48.3855499,-89.24544,10,387
3595,48.38609,-89.24544,11,434
3595,48.38697,-89.24544,12,538
3595,48.3879499,-89.24544,13,646
3595,48.38907,-89.24545,14,758
3595,48.38907,-89.24543,15,766
3595,48.3900199,-89.24546,16,871
3595,48.39034,-89.24544,17,927
3595,48.39148,-89.24544,18,1035
3595,48.3924,-89.2454499,19,1145
3595,48.39342,-89.24544,20,1252
3595,48.39371,-89.24543,21,1278
3595,48.39377,-89.2454499,22,1289
3595,48.39465,-89.2454499,23,1390
3595,48.39555,-89.24544,24,1491
3595,48.39661,-89.24546,25,1596
3595,48.3975999,-89.24546,26,1717
3595,48.39851,-89.24545,27,1813
3595,48.3985,-89.24544,28,1822
3595,48.39949,-89.24543,29,1936
3595,48.40002,-89.24542,30,1991
3595,48.4004499,-89.24537,31,2023
3595,48.4004899,-89.24534,32,2030
3595,48.40053,-89.2452899,33,2037
3595,48.4006499,-89.2446899,34,2085
3595,48.40125,-89.2435499,35,2193
3595,48.4014399,-89.2429199,36,2245
3595,48.40152,-89.24242,37,2276
3595,48.40152,-89.2423299,38,2283
3595,48.4015699,-89.24202,39,2306
3595,48.4016299,-89.2419299,40,2316
3595,48.40169,-89.2418999,41,2324
3595,48.40175,-89.24189,42,2332
3595,48.4026799,-89.24208,43,2436
3595,48.40283,-89.2420699,44,2449
3595,48.40289,-89.24209,45,2456
3595,48.40297,-89.2421699,46,2466
3595,48.403,-89.24224,47,2474
3595,48.4031799,-89.2432799,48,2547
3595,48.40325,-89.2433,49,2553
3595,48.40333,-89.2432499,50,2562
3595,48.40347,-89.24302,51,2586
3595,48.40348,-89.2430899,52,2598
3595,48.40372,-89.2429799,53,2626
3595,48.40411,-89.24311,54,2668
3595,48.40418,-89.2430899,55,2677
3595,48.40424,-89.2429899,56,2685
3595,48.4042599,-89.24291,57,2691
3595,48.4040899,-89.24208,58,2752
3595,48.40407,-89.2420299,59,2758
3595,48.4039699,-89.24199,60,2769
3595,48.4030499,-89.2421599,61,2874
3595,48.40202,-89.24209,62,2986
3595,48.40169,-89.24201,63,3018
3595,48.4016399,-89.24202,64,3024
3595,48.4015699,-89.24211,65,3032
3595,48.40151,-89.2428899,66,3095
3595,48.40136,-89.24347,67,3142
3595,48.40077,-89.2445899,68,3245
3595,48.4007199,-89.2447,69,3257
3595,48.4006499,-89.24494,70,3273
3595,48.40064,-89.24516,71,3286
3595,48.40067,-89.2453499,72,3300
3595,48.40074,-89.2454499,73,3312
3595,48.4016699,-89.24546,74,3414
3595,48.4026,-89.2454499,75,3516
3595,48.4028,-89.24541,76,3539
3595,48.40284,-89.24544,77,3547
3595,48.4037399,-89.2454499,78,3651
3595,48.40467,-89.24542,79,3753
3595,48.40581,-89.2454499,80,3873
3595,48.40674,-89.24543,81,3976
3595,48.40762,-89.2454499,82,4080
3595,48.40864,-89.24546,83,4191
3595,48.40922,-89.24546,84,4248
3595,48.4092199,-89.24547,85,4255
3595,48.41011,-89.2454799,86,4359
3595,48.41061,-89.24543,87,4405
3595,48.41075,-89.2454499,88,4416
3595,48.4112499,-89.2452799,89,4475
3595,48.4120699,-89.2447,90,4580
3595,48.41294,-89.24405,91,4683
3595,48.4137099,-89.2435,92,4783
3595,48.41458,-89.24284,93,4894
3595,48.41503,-89.24249,94,4943
3595,48.4150599,-89.24248,95,4949
3595,48.4159499,-89.2418699,96,5066
3595,48.41705,-89.24102,97,5189
3595,48.41707,-89.24103,98,5198
3595,48.4179199,-89.2404299,99,5304
3595,48.41879,-89.23976,100,5416
3595,48.4188699,-89.23975,101,5426
3595,48.4191899,-89.2395,102,5462
3595,48.42023,-89.23872,103,5590
3595,48.4203,-89.23871,104,5600
3595,48.42112,-89.2381299,105,5706
3595,48.42122,-89.2380599,106,5712
3595,48.42152,-89.2378,107,5751
3595,48.42154,-89.23781,108,5757
3595,48.4223199,-89.23725,109,5862
3595,48.42316,-89.23664,110,5950
3595,48.42322,-89.23657,111,5959
3595,48.42404,-89.23601,112,6065
3595,48.42486,-89.2354099,113,6167
3595,48.42574,-89.23477,114,6268
3595,48.42612,-89.23452,115,6311
3595,48.4261599,-89.23447,116,6318
3595,48.4270099,-89.23388,117,6432
3595,48.42787,-89.23325,118,6533
3595,48.42797,-89.23318,119,6540
3595,48.42862,-89.23261,120,6635
3595,48.4296699,-89.2315999,121,6772
3595,48.4301,-89.23109,122,6823
3595,48.43014,-89.2310999,123,6840
3595,48.4309199,-89.23033,124,6942
3595,48.43162,-89.22954,125,7033
3595,48.43166,-89.22947,126,7043
3595,48.43235,-89.22879,127,7143
3595,48.4333,-89.22781,128,7255
3595,48.43336,-89.2277199,129,7262
3595,48.4334,-89.22768,130,7268
3595,48.43345,-89.22765,131,7278
3595,48.43421,-89.2268699,132,7384
3595,48.43474,-89.22631,133,7441
3595,48.4348799,-89.22619,134,7467
3595,48.4348799,-89.2260799,135,7474
3595,48.43431,-89.2248299,136,7586
3595,48.43397,-89.22407,137,7635
3595,48.43398,-89.22407,138,7647
3595,48.43346,-89.2229599,139,7750
3595,48.4329199,-89.2217799,140,7852
3595,48.43289,-89.2217099,141,7858
3595,48.43281,-89.2215799,142,7866
3595,48.4328,-89.22151,143,7873
3595,48.4328199,-89.2214199,144,7882
3595,48.43422,-89.22,145,8066
3595,48.43452,-89.21959,146,8112
3595,48.4353,-89.2187999,147,8215
3595,48.43609,-89.2180399,148,8320
3595,48.4365299,-89.21754,149,8380
3595,48.43655,-89.21743,150,8388
3595,48.43654,-89.2173499,151,8395
3595,48.43619,-89.2166999,152,8453
3595,48.43615,-89.2166599,153,8459
3595,48.4360999,-89.21664,154,8465
3595,48.43596,-89.2166999,155,8481
3595,48.43568,-89.21703,156,8509
3596,48.38247,-89.24602,0,0
3596,48.38248,-89.2456099,1,37
3596,48.3824999,-89.2455099,2,44
3596,48.3825599,-89.2454499,3,55
3596,48.38265,-89.24543,4,64
3596,48.38274,-89.24546,5,72
3596,48.38352,-89.24542,6,154
3596,48.38366,-89.24547,7,177
3596,48.38464,-89.24547,8,279
3596,48.3847299,-89.24549,9,287
3596,48.3855499,-89.24544,10,387
3596,48.38609,-89.24544,11,434
3596,48.38697,-89.24544,12,538
3596,48.3879499,-89.24544,13,646
3596,48.38907,-89.24545,14,758
3596,48.38907,-89.24543,15,766
3596,48.3900199,-89.24546,16,871
3596,48.39034,-89.24544,17,927
3596,48.39148,-89.24544,18,1035
3596,48.3924,-89.2454499,19,1145
3596,48.39342,-89.24544,20,1252
3596,48.39371,-89.24543,21,1278
3596,48.39377,-89.2454499,22,1289
3596,48.39465,-89.2454499,23,1390
3596,48.39555,-89.24544,24,1491
3596,48.39661,-89.24546,25,1596
3596,48.3975999,-89.24546,26,1717
3596,48.39851,-89.24545,27,1813
3596,48.3985,-89.24544,28,1822
3596,48.39949,-89.24543,29,1936
3596,48.40002,-89.24542,30,1991
3596,48.4009799,-89.2454499,31,2106
3596,48.40192,-89.24544,32,2207
3596,48.4028,-89.24541,33,2298
3596,48.40284,-89.24544,34,2306
3596,48.4037399,-89.2454499,35,2410
3596,48.40467,-89.24542,36,2512
3596,48.40581,-89.2454499,37,2632
3596,48.40674,-89.24543,38,2735
3596,48.40762,-89.2454499,39,2839
3596,48.40864,-89.24546,40,2950
3596,48.40922,-89.24546,41,3007
3596,48.4092199,-89.24547,42,3014
3596,48.41011,-89.2454799,43,3118
3596,48.41061,-89.24543,44,3164
3596,48.41075,-89.2454499,45,3175
3596,48.4112499,-89.2452799,46,3234
3596,48.4120699,-89.2447,47,3339
3596,48.41294,-89.24405,48,3442
3596,48.4137099,-89.2435,49,3542
3596,48.41458,-89.24284,50,3653
3596,48.41503,-89.24249,51,3702
3596,48.4150599,-89.24248,52,3708
3596,48.4159499,-89.2418699,53,3825
3596,48.41705,-89.24102,54,3948
3596,48.41707,-89.24103,55,3957
3596,48.4179199,-89.2404299,56,4063
3596,48.41879,-89.23976,57,4175
3596,48.4188699,-89.23975,58,4185
3596,48.4191899,-89.2395,59,4221
3596,48.42023,-89.23872,60,4349
3596,48.4203,-89.23871,61,4359
3596,48.42112,-89.2381299,62,4465
3596,48.42122,-89.2380599,63,4471
3596,48.42152,-89.2378,64,4510
3596,48.42154,-89.23781,65,4516
3596,48.4223199,-89.23725,66,4621
3596,48.42316,-89.23664,67,4709
3596,48.42322,-89.23657,68,4718
3596,48.42404,-89.23601,69,4824
3596,48.42486,-89.2354099,70,4926
3596,48.42574,-89.23477,71,5027
3596,48.42612,-89.23452,72,5070
3596,48.4261599,-89.23447,73,5077
3596,48.4270099,-89.23388,74,5191
3596,48.42787,-89.23325,75,5292
3596,48.42797,-89.23318,76,5299
3596,48.42862,-89.23261,77,5394
3596,48.4296699,-89.2315999,78,5531
3596,48.4301,-89.23109,79,5582
3596,48.43014,-89.2310999,80,5599
3596,48.4309199,-89.23033,81,5701
3596,48.43162,-89.22954,82,5792
3596,48.43166,-89.22947,83,5802
3596,48.43235,-89.22879,84,5902
3596,48.4333,-89.22781,85,6014
3596,48.43336,-89.2277199,86,6021
3596,48.4334,-89.22768,87,6027
3596,48.43345,-89.22765,88,6037
3596,48.43421,-89.2268699,89,6143
3596,48.43474,-89.22631,90,6200
3596,48.4348799,-89.22619,91,6226
3596,48.4348799,-89.2260799,92,6233
3596,48.43431,-89.2248299,93,6345
3596,48.43397,-89.22407,94,6394
3596,48.43398,-89.22407,95,6406
3596,48.43346,-89.2229599,96,6509
3596,48.4329199,-89.2217799,97,6611
3596,48.43289,-89.2217099,98,6617
3596,48.43281,-89.2215799,99,6625
3596,48.4328,-89.22151,100,6632
3596,48.4328199,-89.2214199,101,6641
3596,48.43422,-89.22,102,6825
3596,48.43452,-89.21959,103,6871
3596,48.4353,-89.2187999,104,6974
3596,48.43609,-89.2180399,105,7079
3596,48.4365299,-89.21754,106,7139
3596,48.43655,-89.21743,107,7147
3596,48.43654,-89.2173499,108,7154
3596,48.43619,-89.2166999,109,7212
3596,48.43615,-89.2166599,110,7218
3596,48.4360999,-89.21664,111,7224
3596,48.43596,-89.2166999,112,7240
3596,48.43568,-89.21703,113,7268
3597,48.43568,-89.21703,0,0
3597,48.43598,-89.2169199,1,6
3597,48.4361699,-89.21677,2,24
3597,48.4362299,-89.21675,3,31
3597,48.4362699,-89.21677,4,38
3597,48.43661,-89.21749,5,97
3597,48.43661,-89.2175799,6,106
3597,48.4358399,-89.21836,7,210
3597,48.43573,-89.2184599,8,218
3597,48.43496,-89.2192199,9,326
3597,48.43481,-89.21936,10,339
3597,48.43447,-89.21986,11,398
3597,48.43317,-89.22115,12,568
3597,48.43301,-89.22133,13,589
3597,48.43286,-89.22147,14,608
3597,48.43284,-89.22153,15,614
3597,48.4334699,-89.22289,16,733
3597,48.43395,-89.22375,17,831
3597,48.4338999,-89.2239,18,837
3597,48.43389,-89.22399,19,845
3597,48.4338399,-89.2241099,20,856
3597,48.43376,-89.2241499,21,866
3597,48.43307,-89.22488,22,966
3597,48.43225,-89.22573,23,1075
3597,48.43185,-89.22617,24,1119
3597,48.43168,-89.2262799,25,1147
3597,48.4308799,-89.22711,26,1248
3597,48.43043,-89.22764,27,1320
3597,48.4303,-89.22771,28,1326
3597,48.42958,-89.2284,29,1426
3597,48.42938,-89.22863,30,1449
3597,48.42895,-89.22911,31,1509
3597,48.4289,-89.2291399,32,1517
3597,48.42807,-89.22994,33,1631
3597,48.42758,-89.23052,34,1695
3597,48.42755,-89.23063,35,1702
3597,48.42787,-89.23146,36,1771
3597,48.42787,-89.23162,37,1782
3597,48.42823,-89.2329,38,1884
3597,48.42876,-89.23477,39,2028
3597,48.4290799,-89.2359999,40,2139
3597,48.42921,-89.23678,41,2192
3597,48.42919,-89.2369499,42,2202
3597,48.42922,-89.2377299,43,2261
3597,48.42923,-89.23778,44,2267
3597,48.42923,-89.23919,45,2370
3597,48.42923,-89.23963,46,2403
3597,48.42917,-89.24214,47,2593
3597,48.42897,-89.2439399,48,2706
3597,48.4289499,-89.2441299,49,2716
3597,48.42892,-89.2442599,50,2722
3597,48.42885,-89.24519,51,2818
3597,48.4282599,-89.2469599,52,2941
3597,48.4279299,-89.24793,53,3018
3597,48.4274399,-89.2494,54,3144
3597,48.42717,-89.25032,55,3232
3597,48.4270999,-89.25036,56,3238
3597,48.4266799,-89.25161,57,3345
3597,48.42624,-89.25291,58,3452
3597,48.42611,-89.2532899,59,3476
3597,48.42592,-89.25401,60,3538
3597,48.4258899,-89.2540099,61,3544
3597,48.42587,-89.25409,62,3552
3597,48.42585,-89.25413,63,3560
3597,48.42544,-89.25542,64,3663
3597,48.4250699,-89.25665,65,3764
3597,48.4247099,-89.2578899,66,3866
3597,48.42456,-89.2584099,67,3900
3597,48.4242,-89.25965,68,4011
3597,48.42377,-89.2610099,69,4116
3597,48.42351,-89.26174,70,4175
3597,48.42348,-89.26174,71,4181
3597,48.4229699,-89.26139,72,4238
3597,48.42293,-89.2613299,73,4246
3597,48.42282,-89.2612399,74,4258
3597,48.4227099,-89.26119,75,4272
3597,48.4226,-89.26122,76,4283
3597,48.42252,-89.2613299,77,4293
3597,48.4221499,-89.2621199,78,4365
3597,48.42211,-89.26217,79,4371
3597,48.4220199,-89.26224,80,4381
3597,48.42197,-89.2622599,81,4388
3597,48.42144,-89.26211,82,4418
3597,48.42145,-89.26178,83,4438
3597,48.4214899,-89.26175,84,4444
3597,48.4215599,-89.2616599,85,4454
3597,48.4221499,-89.26115,86,4529
3597,48.4222099,-89.26112,87,4537
3597,48.42241,-89.26086,88,4563
3597,48.42266,-89.26083,89,4594
3597,48.42306,-89.2612999,90,4651
3597,48.42357,-89.2616899,91,4714
3597,48.42358,-89.26182,92,4722
3597,48.42357,-89.2618899,93,4729
3597,48.4231399,-89.26323,94,4843
3597,48.42276,-89.2644499,95,4948
3597,48.42233,-89.26581,96,5057
3597,48.42229,-89.26633,97,5103
3597,48.42217,-89.26657,98,5110
3597,48.4217599,-89.26785,99,5218
3597,48.4213999,-89.26914,100,5326
3597,48.42115,-89.27091,101,5453
3597,48.4209699,-89.2714,102,5466
3597,48.4207699,-89.27271,103,5555
3597,48.4205099,-89.27413,104,5667
3597,48.4204699,-89.27441,105,5688
3597,48.4204399,-89.27448,106,5695
3597,48.42036,-89.2745699,107,5706
3597,48.42022,-89.2746299,108,5721
3597,48.41955,-89.27459,109,5815
3597,48.41846,-89.2745699,110,5918
3597,48.4175199,-89.2745599,111,6018
3597,48.41659,-89.2745699,112,6119
3597,48.41569,-89.27458,113,6220
3597,48.41534,-89.27459,114,6270
3597,48.41413,-89.27459,115,6382
3597,48.4134199,-89.2745999,116,6456
3597,48.41242,-89.2745999,117,6567
3597,48.4116,-89.27464,118,6658
3597,48.41051,-89.2746299,119,6783
3597,48.40999,-89.27462,120,6872
3597,48.40924,-89.27458,121,6972
3597,48.40822,-89.27462,122,7085
3597,48.4071799,-89.27464,123,7195
3597,48.40711,-89.27466,124,7217
3597,48.40611,-89.27465,125,7322
3597,48.4051799,-89.2746599,126,7434
3597,48.4044,-89.27465,127,7514
3597,48.40349,-89.27465,128,7615
3597,48.40287,-89.27461,129,7687
3597,48.40291,-89.27464,130,7708
3597,48.40277,-89.27468,131,7723
3597,48.4015299,-89.27455,132,7861
3597,48.4014399,-89.2744699,133,7869
3597,48.40142,-89.2743999,134,7876
3597,48.4014099,-89.27432,135,7882
3597,48.40142,-89.27254,136,8014
3597,48.40143,-89.27179,137,8070
3597,48.40155,-89.2712799,138,8104
3597,48.40161,-89.27114,139,8117
3597,48.40194,-89.27065,140,8171
3597,48.40228,-89.27037,141,8211
3597,48.4023199,-89.27032,142,8217
3597,48.4024899,-89.2698099,143,8260
3597,48.4025499,-89.26972,144,8268
3597,48.4026199,-89.26966,145,8277
3597,48.40297,-89.26967,146,8308
3598,48.43568,-89.21703,0,0
3598,48.43532,-89.21726,1,20
3598,48.4352799,-89.21737,2,28
3598,48.4353,-89.2175,3,39
3598,48.43565,-89.2182999,4,108
3598,48.4357399,-89.2183999,5,120
3598,48.43655,-89.21754,6,227
3598,48.4366,-89.21753,7,234
3598,48.43667,-89.2176,8,242
3598,48.43735,-89.21906,9,372
3598,48.43736,-89.21908,10,379
3598,48.43737,-89.21913,11,385
3598,48.43762,-89.2196799,12,432
3598,48.43766,-89.2197399,13,438
3598,48.43822,-89.2210199,14,557
3598,48.4387199,-89.2221099,15,654
3598,48.4387299,-89.22229,16,664
3598,48.4387,-89.2223699,17,672
3598,48.43783,-89.22327,18,788
3598,48.4372,-89.22391,19,836
3598,48.43726,-89.22389,20,861
3598,48.4365299,-89.22462,21,962
3598,48.4357699,-89.2254199,22,1067
3598,48.43532,-89.22589,23,1121
3598,48.43529,-89.22594,24,1128
3598,48.4352499,-89.22596,25,1135
3598,48.43448,-89.22676,26,1236
3598,48.43428,-89.2269699,27,1260
3598,48.43339,-89.22788,28,1377
3598,48.4326,-89.2286799,29,1487
3598,48.43204,-89.22926,30,1555
3598,48.43204,-89.22928,31,1562
3598,48.4312699,-89.23,32,1669
3598,48.4305,-89.23094,33,1766
3598,48.43024,-89.2310699,34,1804
3598,48.42946,-89.23187,35,1909
3598,48.42863,-89.23275,36,2019
3598,48.42828,-89.23313,37,2067
3598,48.4273999,-89.23377,38,2180
3598,48.42646,-89.23442,39,2293
3598,48.42643,-89.2344899,40,2300
3598,48.4256599,-89.23502,41,2402
3598,48.4253299,-89.23526,42,2434
3598,48.4244099,-89.23592,43,2550
3598,48.42403,-89.23616,44,2593
3598,48.42391,-89.23631,45,2605
3598,48.4230699,-89.23689,46,2718
3598,48.42295,-89.2369799,47,2725
3598,48.4223,-89.23755,48,2811
3598,48.4221,-89.23761,49,2829
3598,48.4212999,-89.23818,50,2935
3598,48.4204099,-89.23883,51,3045
3598,48.4195899,-89.23942,52,3149
3598,48.41898,-89.23993,53,3226
3598,48.41886,-89.2399599,54,3234
3598,48.41809,-89.24051,55,3338
3598,48.41787,-89.24067,56,3354
3598,48.4169999,-89.2413,57,3471
3598,48.41677,-89.24144,58,3495
3598,48.4166999,-89.24153,59,3505
3598,48.4158799,-89.2421299,60,3613
3598,48.41484,-89.24296,61,3731
3598,48.41472,-89.24297,62,3739
3598,48.41389,-89.2435799,63,3841
3598,48.41307,-89.24418,64,3947
3598,48.41234,-89.24472,65,4035
3598,48.41154,-89.2453,66,4136
3598,48.4108199,-89.2456499,67,4222
3598,48.4098699,-89.2456499,68,4334
3598,48.40889,-89.24568,69,4417
3598,48.409,-89.2456499,70,4424
3598,48.40897,-89.2456399,71,4430
3598,48.4079999,-89.2455799,72,4542
3598,48.40701,-89.24554,73,4648
3598,48.40681,-89.24553,74,4670
3598,48.4067599,-89.2455,75,4678
3598,48.40671,-89.24544,76,4686
3598,48.4066499,-89.24524,77,4701
3598,48.40673,-89.24375,78,4815
3598,48.4067199,-89.24251,79,4909
3598,48.40654,-89.2412499,80,4996
3598,48.40651,-89.24116,81,5002
3598,48.4064299,-89.24104,82,5012
3598,48.40634,-89.24101,83,5025
3598,48.40552,-89.2413799,84,5125
3598,48.40517,-89.24163,85,5156
3598,48.4049499,-89.2416399,86,5172
3598,48.40425,-89.24192,87,5247
3598,48.40422,-89.2419699,88,5253
3598,48.4041999,-89.2420299,89,5259
3598,48.40421,-89.24232,90,5282
3598,48.4043299,-89.2430499,91,5328
3598,48.4043,-89.2431799,92,5339
3598,48.4041899,-89.24319,93,5352
3598,48.40375,-89.243,94,5403
3598,48.40365,-89.24306,95,5414
3598,48.40349,-89.2433,96,5446
3598,48.4032399,-89.24342,97,5482
3598,48.40316,-89.24339,98,5489
3598,48.40313,-89.2433499,99,5495
3598,48.40293,-89.2422699,100,5572
3598,48.4028799,-89.24219,101,5579
3598,48.40284,-89.2421599,102,5585
3598,48.4016999,-89.24202,103,5710
3598,48.40162,-89.2420699,104,5717
3598,48.40159,-89.24212,105,5723
3598,48.40156,-89.2421999,106,5731
3598,48.40143,-89.2430799,107,5797
3598,48.4012999,-89.2435099,108,5832
3598,48.40103,-89.24405,109,5876
3598,48.40064,-89.24477,110,5950
3598,48.4005799,-89.24501,111,5971
3598,48.4005499,-89.24544,112,5998
3598,48.4005199,-89.2455199,113,6006
3598,48.4004799,-89.2455799,114,6013
3598,48.40037,-89.24563,115,6025
3598,48.39945,-89.2456099,116,6126
3598,48.39886,-89.24556,117,6190
3598,48.39879,-89.2456099,118,6197
3598,48.39853,-89.2456,119,6223
3598,48.39762,-89.2456,120,6331
3598,48.3966799,-89.24559,121,6431
3598,48.3959,-89.24559,122,6519
3598,48.3950399,-89.2455799,123,6619
3598,48.3939,-89.24558,124,6739
3598,48.39384,-89.2456,125,6749
3598,48.3929299,-89.2456,126,6857
3598,48.3918899,-89.2455799,127,6970
3598,48.39101,-89.24557,128,7070
3598,48.39032,-89.24559,129,7123
3598,48.39036,-89.24556,130,7129
3598,48.38934,-89.2455799,131,7246
3598,48.3883699,-89.2455799,132,7355
3598,48.38784,-89.24558,133,7400
3598,48.3878799,-89.2455799,134,7408
3598,48.38701,-89.2455499,135,7512
3598,48.38605,-89.2455199,136,7620
3598,48.38576,-89.2455199,137,7638
3598,48.38503,-89.24555,138,7715
3598,48.3849899,-89.2455199,139,7724
3598,48.3840099,-89.2455199,140,7832
3598,48.3830599,-89.24553,141,7940
3598,48.38247,-89.24602,142,8030
3599,48.42144,-89.26211,0,0
3599,48.42145,-89.26178,1,20
3599,48.4214899,-89.26175,2,26
3599,48.4215599,-89.2616599,3,36
3599,48.4221499,-89.26115,4,111
3599,48.4222099,-89.26112,5,119
3599,48.42241,-89.26086,6,145
3599,48.42266,-89.26083,7,176
3599,48.42306,-89.2612999,8,233
3599,48.42357,-89.2616899,9,296
3599,48.42358,-89.26182,10,304
3599,48.42357,-89.2618899,11,311
3599,48.4231399,-89.26323,12,425
3599,48.42276,-89.2644499,13,530
3599,48.42233,-89.26581,14,639
3599,48.42229,-89.26633,15,685
3599,48.42219,-89.2665499,16,692
3599,48.42196,-89.2673699,17,760
3599,48.4219799,-89.26753,18,770
3599,48.42201,-89.26759,19,777
3599,48.4227699,-89.26811,20,868
3599,48.42293,-89.2683599,21,891
3599,48.42298,-89.26841,22,898
3599,48.4230299,-89.2684299,23,905
3599,48.4231399,-89.2684,24,915
3599,48.42322,-89.26827,25,926
3599,48.42339,-89.26781,26,967
3599,48.42355,-89.26758,27,992
3599,48.42375,-89.26743,28,1016
3599,48.4239,-89.2673699,29,1031
3599,48.42411,-89.26735,30,1056
3599,48.42462,-89.2675999,31,1115
3599,48.42538,-89.26753,32,1202
3599,48.4256899,-89.2677299,33,1237
3599,48.42584,-89.2679299,34,1259
3599,48.4259599,-89.2681999,35,1283
3599,48.426,-89.2684,36,1302
3599,48.426,-89.27005,37,1423
3599,48.42608,-89.27035,38,1456
3599,48.42601,-89.2707899,39,1483
3599,48.426,-89.2722299,40,1580
3599,48.42598,-89.27231,41,1587
3599,48.42591,-89.27241,42,1596
3599,48.42575,-89.27248,43,1615
3599,48.42506,-89.27245,44,1693
3599,48.42495,-89.27252,45,1704
3599,48.4249,-89.2726899,46,1719
3599,48.4249699,-89.2740999,47,1820
3599,48.42499,-89.2742699,48,1832
3599,48.42503,-89.27439,49,1842
3599,48.4250699,-89.27444,50,1850
3599,48.42617,-89.27442,51,1975
3599,48.4271399,-89.27442,52,2083
3599,48.42807,-89.27441,53,2183
3599,48.42835,-89.2744,54,2211
3599,48.42928,-89.2743999,55,2318
3599,48.43018,-89.2742999,56,2422
3599,48.4315099,-89.2738,57,2572
3599,48.4324599,-89.27323,58,2678
3599,48.43309,-89.27267,59,2758
3599,48.43385,-89.27189,60,2869
3599,48.4346599,-89.2709199,61,2982
3599,48.4354399,-89.26998,62,3090
3599,48.43572,-89.26963,63,3121
3599,48.43572,-89.2696399,64,3129
3599,48.43578,-89.2695799,65,3137
3599,48.4358099,-89.26952,66,3145
3599,48.43652,-89.2686599,67,3249
3599,48.4366,-89.26855,68,3257
3599,48.4372799,-89.26762,69,3365
3599,48.4379699,-89.26661,70,3469
3599,48.4386299,-89.26558,71,3579
3599,48.4393199,-89.2645799,72,3681
3599,48.43975,-89.26391,73,3750
3599,48.44039,-89.26297,74,3857
3599,48.44104,-89.26191,75,3962
3599,48.44179,-89.2608,76,4071
3599,48.4418099,-89.26073,77,4079
3599,48.4427999,-89.25932,78,4236
3599,48.4433899,-89.2581499,79,4344
3599,48.44375,-89.25735,80,4408
3599,48.44426,-89.25626,81,4517
3599,48.44484,-89.25511,82,4622
3599,48.4454,-89.2540199,83,4723
3599,48.44597,-89.2529299,84,4825
3599,48.44632,-89.2521,85,4892
3599,48.44639,-89.2520099,86,4903
3599,48.44694,-89.2508699,87,5008
3599,48.44717,-89.25028,88,5051
3599,48.44753,-89.2495799,89,5110
3599,48.44754,-89.24954,90,5116
3599,48.44809,-89.2483699,91,5224
3599,48.4486399,-89.24721,92,5330
3599,48.44895,-89.2465,93,5401
3599,48.4497599,-89.24485,94,5528
3599,48.45027,-89.24376,95,5628
3599,48.4504399,-89.2433,96,5662
3599,48.45047,-89.2430499,97,5683
3599,48.4504,-89.24257,98,5723
3599,48.45008,-89.24148,99,5824
3599,48.4496599,-89.23989,100,5927
3599,48.44932,-89.23863,101,6032
3599,48.44929,-89.23854,102,6060
3599,48.44881,-89.23677,103,6207
3599,48.44854,-89.23581,104,6292
3599,48.44846,-89.2355399,105,6304
3599,48.44842,-89.23546,106,6314
3599,48.44807,-89.2341599,107,6422
3599,48.4477199,-89.2328499,108,6525
3599,48.44729,-89.23126,109,6642
3599,48.4472599,-89.2311999,110,6648
3599,48.44691,-89.22984,111,6758
3599,48.4465,-89.22835,112,6868
3599,48.4464699,-89.2283199,113,6876
3599,48.44613,-89.2270599,114,6983
3599,48.4459,-89.22623,115,7051
3599,48.4458499,-89.2261199,116,7068
3599,48.44553,-89.22489,117,7168
3599,48.44521,-89.22363,118,7256
3599,48.44518,-89.2236,119,7263
3599,48.4448299,-89.22233,120,7369
3599,48.44448,-89.2210299,121,7471
3599,48.4441,-89.21976,122,7573
3599,48.44396,-89.21939,123,7604
3599,48.4432899,-89.218,124,7735
3599,48.44274,-89.21695,125,7830
3599,48.44269,-89.21688,126,7836
3599,48.44268,-89.21684,127,7842
3599,48.44202,-89.21582,128,7945
3599,48.44189,-89.2156799,129,7958
3599,48.44182,-89.2157099,130,7966
3599,48.44176,-89.2157799,131,7975
3599,48.44173,-89.2158399,132,7982
3599,48.441,-89.21661,133,8084
3599,48.44023,-89.21746,134,8179
3599,48.4401999,-89.2174499,135,8189
3599,48.43949,-89.2182399,136,8289
3599,48.43867,-89.21909,137,8393
3599,48.43864,-89.2191499,138,8403
3599,48.43854,-89.2192199,139,8416
3599,48.43795,-89.2198499,140,8500
3599,48.4377799,-89.2199699,141,8518
3599,48.4377399,-89.21995,142,8524
3599,48.4377,-89.2199099,143,8533
3599,48.43744,-89.21948,144,8574
3599,48.4368899,-89.21818,145,8681
3599,48.4368199,-89.2180099,146,8691
3599,48.4367899,-89.2179699,147,8697
3599,48.43675,-89.21785,148,8706
3599,48.43671,-89.21777,149,8712
3599,48.43668,-89.2177399,150,8718
3599,48.4362299,-89.2167599,151,8809
3599,48.43612,-89.21667,152,8821
3599,48.43605,-89.21665,153,8829
3599,48.4359299,-89.21667,154,8841
3599,48.43586,-89.21671,155,8849
3599,48.43563,-89.2169199,156,8880
3599,48.43568,-89.21703,157,8901
3600,48.38247,-89.24602,0,0
3600,48.38248,-89.2456099,1,37
3600,48.3824999,-89.2455099,2,44
3600,48.3825599,-89.2454499,3,55
3600,48.38265,-89.24543,4,64
3600,48.38274,-89.24546,5,72
3600,48.38352,-89.24542,6,154
3600,48.38366,-89.24547,7,177
3600,48.38464,-89.24547,8,279
3600,48.3847299,-89.24549,9,287
3600,48.3855499,-89.24544,10,387
3600,48.38609,-89.24544,11,434
3600,48.38697,-89.24544,12,538
3600,48.3879499,-89.24544,13,646
3600,48.38907,-89.24545,14,758
3600,48.38907,-89.24543,15,766
3600,48.3900199,-89.24546,16,871
3600,48.39034,-89.24544,17,927
3600,48.39148,-89.24544,18,1035
3600,48.3924,-89.2454499,19,1145
3600,48.39342,-89.24544,20,1252
3600,48.39371,-89.24543,21,1278
3600,48.39377,-89.2454499,22,1289
3600,48.39465,-89.2454499,23,1390
3600,48.39555,-89.24544,24,1491
3600,48.39661,-89.24546,25,1596
3600,48.3975999,-89.24546,26,1717
3600,48.39851,-89.24545,27,1813
3600,48.3985,-89.24544,28,1822
3600,48.39949,-89.24543,29,1936
3600,48.40002,-89.24542,30,1991
3600,48.4009799,-89.2454499,31,2106
3600,48.40192,-89.24544,32,2207
3600,48.4028,-89.24541,33,2298
3600,48.40284,-89.24544,34,2306
3600,48.4037399,-89.2454499,35,2410
3600,48.40467,-89.24542,36,2512
3600,48.40581,-89.2454499,37,2632
3600,48.40674,-89.24543,38,2735
3600,48.40762,-89.2454499,39,2839
3600,48.40864,-89.24546,40,2950
3600,48.40922,-89.24546,41,3007
3600,48.4092199,-89.24547,42,3014
3600,48.41011,-89.2454799,43,3118
3600,48.41061,-89.24543,44,3164
3600,48.41075,-89.2454499,45,3175
3600,48.4112499,-89.2452799,46,3234
3600,48.4120699,-89.2447,47,3339
3600,48.41294,-89.24405,48,3442
3600,48.4137099,-89.2435,49,3542
3600,48.41458,-89.24284,50,3653
3600,48.41503,-89.24249,51,3702
3600,48.4150599,-89.24248,52,3708
3600,48.4159499,-89.2418699,53,3825
3600,48.41705,-89.24102,54,3948
3600,48.41707,-89.24103,55,3957
3600,48.4179199,-89.2404299,56,4063
3600,48.41879,-89.23976,57,4175
3600,48.4188699,-89.23975,58,4185
3600,48.4191899,-89.2395,59,4221
3600,48.42023,-89.23872,60,4349
3600,48.4203,-89.23871,61,4359
3600,48.42112,-89.2381299,62,4465
3600,48.42122,-89.2380599,63,4471
3600,48.42152,-89.2378,64,4510
3600,48.42154,-89.23781,65,4516
3600,48.4223199,-89.23725,66,4621
3600,48.42316,-89.23664,67,4709
3600,48.42322,-89.23657,68,4718
3600,48.42404,-89.23601,69,4824
3600,48.42486,-89.2354099,70,4926
3600,48.42574,-89.23477,71,5027
3600,48.42612,-89.23452,72,5070
3600,48.4261599,-89.23447,73,5077
3600,48.4270099,-89.23388,74,5191
3600,48.42787,-89.23325,75,5292
3600,48.42797,-89.23318,76,5299
3600,48.42862,-89.23261,77,5394
3600,48.4296699,-89.2315999,78,5531
3600,48.4301,-89.23109,79,5582
3600,48.43014,-89.2310999,80,5599
3600,48.4309199,-89.23033,81,5701
3600,48.43162,-89.22954,82,5792
3600,48.43166,-89.22947,83,5802
3600,48.43235,-89.22879,84,5902
3600,48.4333,-89.22781,85,6014
3600,48.43336,-89.2277199,86,6021
3600,48.4334,-89.22768,87,6027
3600,48.43345,-89.22765,88,6037
3600,48.43421,-89.2268699,89,6143
3600,48.43474,-89.22631,90,6200
3600,48.4348799,-89.22619,91,6226
3600,48.4348799,-89.2260799,92,6233
3600,48.43431,-89.2248299,93,6345
3600,48.43397,-89.22407,94,6394
3600,48.43398,-89.22407,95,6406
3600,48.43346,-89.2229599,96,6509
3600,48.4329199,-89.2217799,97,6611
3600,48.43289,-89.2217099,98,6617
3600,48.43281,-89.2215799,99,6625
3600,48.4328,-89.22151,100,6632
3600,48.4328199,-89.2214199,101,6641
3600,48.43422,-89.22,102,6825
3600,48.43452,-89.21959,103,6871
3600,48.4353,-89.2187999,104,6974
3600,48.43609,-89.2180399,105,7079
3600,48.4365299,-89.21754,106,7139
3600,48.43655,-89.21743,107,7147
3600,48.43654,-89.2173499,108,7154
3600,48.43619,-89.2166999,109,7212
3600,48.43615,-89.2166599,110,7218
3600,48.4360999,-89.21664,111,7224
3600,48.43596,-89.2166999,112,7240
3600,48.43568,-89.21703,113,7268
3601,48.43568,-89.21703,0,0
3601,48.43598,-89.2169199,1,6
3601,48.4361699,-89.21677,2,24
3601,48.4362299,-89.21675,3,31
3601,48.4362699,-89.21677,4,38
3601,48.43661,-89.21749,5,97
3601,48.43661,-89.2175799,6,106
3601,48.4358399,-89.21836,7,210
3601,48.43573,-89.2184599,8,218
3601,48.43496,-89.2192199,9,326
3601,48.43481,-89.21936,10,339
3601,48.43447,-89.21986,11,398
3601,48.43317,-89.22115,12,568
3601,48.43301,-89.22133,13,589
3601,48.43286,-89.22147,14,608
3601,48.43284,-89.22153,15,614
3601,48.4334699,-89.22289,16,733
3601,48.43395,-89.22375,17,831
3601,48.43404,-89.2241499,18,842
3601,48.4345299,-89.2252299,19,934
3601,48.43476,-89.22555,20,992
3601,48.43483,-89.2259199,21,1000
3601,48.43493,-89.22616,22,1016
3601,48.43493,-89.2262,23,1022
3601,48.4349,-89.22632,24,1031
3601,48.43408,-89.22714,25,1145
3601,48.43362,-89.2276199,26,1197
3601,48.43339,-89.22788,27,1260
3601,48.4326,-89.2286799,28,1370
3601,48.43204,-89.22926,29,1438
3601,48.43204,-89.22928,30,1445
3601,48.4312699,-89.23,31,1552
3601,48.4305,-89.23094,32,1649
3601,48.43024,-89.2310699,33,1687
3601,48.42946,-89.23187,34,1792
3601,48.42863,-89.23275,35,1902
3601,48.42854,-89.23283,36,1908
3601,48.42846,-89.23295,37,1923
3601,48.42831,-89.2330999,38,1941
3601,48.42828,-89.23318,39,1948
3601,48.4282899,-89.23331,40,1959
3601,48.42876,-89.23477,41,2069
3601,48.4290799,-89.2359999,42,2180
3601,48.42921,-89.23678,43,2233
3601,48.42919,-89.2368799,44,2239
3601,48.4292399,-89.23821,45,2337
3601,48.42929,-89.23828,46,2343
3601,48.42951,-89.23828,47,2368
3601,48.42956,-89.23831,48,2377
3601,48.42965,-89.2384499,49,2390
3601,48.4299999,-89.23976,50,2497
3601,48.4304599,-89.2414799,51,2639
3601,48.43077,-89.24255,52,2718
3601,48.43109,-89.24362,53,2803
3601,48.43121,-89.24385,54,2824
3601,48.4312099,-89.2439999,55,2830
3601,48.4315399,-89.24531,56,2934
3601,48.43184,-89.24606,57,3000
3601,48.43182,-89.2461399,58,3006
3601,48.43182,-89.24625,59,3015
3601,48.43214,-89.2475199,60,3119
3601,48.4326,-89.24902,61,3234
3601,48.43263,-89.24928,62,3255
3601,48.43296,-89.2504999,63,3355
3601,48.4333,-89.25167,64,3446
3601,48.4333399,-89.25174,65,3454
3601,48.43366,-89.25299,66,3557
3601,48.4337699,-89.25337,67,3587
3601,48.43388,-89.2535899,68,3605
3601,48.43463,-89.2543699,69,3705
3601,48.43487,-89.25458,70,3732
3601,48.4348899,-89.2546399,71,3740
3601,48.4356099,-89.25541,72,3841
3601,48.43569,-89.25548,73,3853
3601,48.43576,-89.25557,74,3859
3601,48.4358399,-89.25564,75,3866
3601,48.43658,-89.25642,76,3974
3601,48.43689,-89.25671,77,4006
3601,48.4378999,-89.25781,78,4110
3601,48.4386899,-89.2586499,79,4212
3601,48.43874,-89.2586799,80,4218
3601,48.4388199,-89.2586799,81,4226
3601,48.4388899,-89.2586,82,4236
3601,48.43908,-89.25796,83,4310
3601,48.4398,-89.25655,84,4421
3601,48.43993,-89.2562799,85,4436
3601,48.44058,-89.2548999,86,4563
3601,48.44062,-89.25489,87,4570
3601,48.4407299,-89.25496,88,4583
3601,48.44144,-89.25566,89,4693
3601,48.4421399,-89.25647,90,4797
3601,48.44317,-89.25745,91,4897
3602,48.43568,-89.21703,0,0
3602,48.43598,-89.2169199,1,6
3602,48.4361699,-89.21677,2,24
3602,48.4362299,-89.21675,3,31
3602,48.4362699,-89.21677,4,38
3602,48.43661,-89.21749,5,97
3602,48.43661,-89.2175799,6,106
3602,48.4358399,-89.21836,7,210
3602,48.43573,-89.2184599,8,218
3602,48.43496,-89.2192199,9,326
3602,48.43481,-89.21936,10,339
3602,48.43447,-89.21986,11,398
3602,48.43317,-89.22115,12,568
3602,48.43301,-89.22133,13,589
3602,48.43286,-89.22147,14,608
3602,48.43284,-89.22153,15,614
3602,48.4334699,-89.22289,16,733
3602,48.43395,-89.22375,17,831
3602,48.4338999,-89.2239,18,837
3602,48.43389,-89.22399,19,845
3602,48.4338399,-89.2241099,20,856
3602,48.43376,-89.2241499,21,866
3602,48.43307,-89.22488,22,966
3602,48.43225,-89.22573,23,1075
3602,48.43185,-89.22617,24,1119
3602,48.43168,-89.2262799,25,1147
3602,48.4308799,-89.22711,26,1248
3602,48.43043,-89.22764,27,1320
3602,48.4303,-89.22771,28,1326
3602,48.42958,-89.2284,29,1426
3602,48.42938,-89.22863,30,1449
3602,48.42895,-89.22911,31,1509
3602,48.4289,-89.2291399,32,1517
3602,48.42807,-89.22994,33,1631
3602,48.42758,-89.23052,34,1695
3602,48.42755,-89.23063,35,1702
3602,48.42787,-89.23146,36,1771
3602,48.42787,-89.23162,37,1782
3602,48.42823,-89.2329,38,1884
3602,48.42876,-89.23477,39,2028
3602,48.4290799,-89.2359999,40,2139
3602,48.42921,-89.23678,41,2192
3602,48.42919,-89.2369499,42,2202
3602,48.42922,-89.2377299,43,2261
3602,48.42923,-89.23778,44,2267
3602,48.42923,-89.23919,45,2370
3602,48.42923,-89.23963,46,2403
3602,48.42917,-89.24214,47,2593
3602,48.42897,-89.2439399,48,2706
3602,48.4289499,-89.2441299,49,2716
3602,48.42892,-89.2442599,50,2722
3602,48.42885,-89.24519,51,2818
3602,48.4282599,-89.2469599,52,2941
3602,48.4279299,-89.24793,53,3018
3602,48.4274399,-89.2494,54,3144
3602,48.42717,-89.25032,55,3232
3602,48.4270999,-89.25036,56,3238
3602,48.4266799,-89.25161,57,3345
3602,48.42624,-89.25291,58,3452
3602,48.42611,-89.2532899,59,3476
3602,48.42592,-89.25401,60,3538
3602,48.4258899,-89.2540099,61,3544
3602,48.42587,-89.25409,62,3552
3602,48.42585,-89.25413,63,3560
3602,48.42544,-89.25542,64,3663
3602,48.4250699,-89.25665,65,3764
3602,48.4247099,-89.2578899,66,3866
3602,48.42456,-89.2584099,67,3900
3602,48.4242,-89.25965,68,4011
3602,48.42377,-89.2610099,69,4116
3602,48.42351,-89.26174,70,4175
3602,48.42348,-89.26174,71,4181
3602,48.4229699,-89.26139,72,4238
3602,48.42293,-89.2613299,73,4246
3602,48.42282,-89.2612399,74,4258
3602,48.4227099,-89.26119,75,4272
3602,48.4226,-89.26122,76,4283
3602,48.42252,-89.2613299,77,4293
3602,48.4221499,-89.2621199,78,4365
3602,48.42211,-89.26217,79,4371
3602,48.4220199,-89.26224,80,4381
3602,48.42197,-89.2622599,81,4388
3602,48.42144,-89.26211,82,4418
3602,48.42145,-89.26178,83,4438
3602,48.4214899,-89.26175,84,4444
3602,48.4215599,-89.2616599,85,4454
3602,48.4221499,-89.26115,86,4529
3602,48.4222099,-89.26112,87,4537
3602,48.42241,-89.26086,88,4563
3602,48.42266,-89.26083,89,4594
3602,48.42306,-89.2612999,90,4651
3602,48.42357,-89.2616899,91,4714
3602,48.42358,-89.26182,92,4722
3602,48.42357,-89.2618899,93,4729
3602,48.4231399,-89.26323,94,4843
3602,48.42276,-89.2644499,95,4948
3602,48.42233,-89.26581,96,5057
3602,48.42229,-89.26633,97,5103
3602,48.42217,-89.26657,98,5110
3602,48.4217599,-89.26785,99,5218
3602,48.4213999,-89.26914,100,5326
3602,48.42115,-89.27091,101,5453
3602,48.4209699,-89.2714,102,5466
3602,48.4207699,-89.27271,103,5555
3602,48.4205099,-89.27413,104,5667
3602,48.4204699,-89.27441,105,5688
3602,48.4204399,-89.27448,106,5695
3602,48.42036,-89.2745699,107,5706
3602,48.42022,-89.2746299,108,5721
3602,48.41955,-89.27459,109,5815
3602,48.41846,-89.2745699,110,5918
3602,48.4175199,-89.2745599,111,6018
3602,48.41659,-89.2745699,112,6119
3602,48.41569,-89.27458,113,6220
3602,48.41534,-89.27459,114,6270
3602,48.41413,-89.27459,115,6382
3602,48.4134199,-89.2745999,116,6456
3602,48.41242,-89.2745999,117,6567
3602,48.4116,-89.27464,118,6658
3602,48.41051,-89.2746299,119,6783
3602,48.40999,-89.27462,120,6872
3602,48.40924,-89.27458,121,6972
3602,48.40822,-89.27462,122,7085
3602,48.4071799,-89.27464,123,7195
3602,48.40711,-89.27466,124,7217
3602,48.40611,-89.27465,125,7322
3602,48.4051799,-89.2746599,126,7434
3602,48.4044,-89.27465,127,7514
3602,48.40349,-89.27465,128,7615
3602,48.40287,-89.27461,129,7687
3602,48.40291,-89.27464,130,7708
3602,48.40277,-89.27468,131,7723
3602,48.4015299,-89.27455,132,7861
3602,48.4014399,-89.2744699,133,7869
3602,48.40142,-89.2743999,134,7876
3602,48.4014099,-89.27432,135,7882
3602,48.40142,-89.27254,136,8014
3602,48.40143,-89.27179,137,8070
3602,48.40155,-89.2712799,138,8104
3602,48.40161,-89.27114,139,8117
3602,48.40194,-89.27065,140,8171
3602,48.40228,-89.27037,141,8211
3602,48.4023199,-89.27032,142,8217
3602,48.4024899,-89.2698099,143,8260
3602,48.4025499,-89.26972,144,8268
3602,48.4026199,-89.26966,145,8277
3602,48.40297,-89.26967,146,8308
3603,48.47868,-89.18251,0,0
3603,48.4786399,-89.1826,1,7
3603,48.4786399,-89.18409,2,117
3603,48.47865,-89.18494,3,176
3603,48.47863,-89.1850799,4,188
3603,48.4786,-89.18513,5,194
3603,48.47852,-89.1852,6,204
3603,48.47757,-89.18519,7,310
3603,48.47696,-89.18518,8,379
3603,48.47583,-89.18517,9,502
3603,48.47488,-89.18516,10,610
3603,48.47471,-89.18516,11,620
3603,48.47392,-89.1852,12,705
3603,48.47373,-89.18543,13,711
3603,48.4735499,-89.1868499,14,820
3603,48.47349,-89.18764,15,904
3603,48.4734499,-89.1877399,16,911
3603,48.4732599,-89.18898,17,1012
3603,48.47325,-89.1891199,18,1024
3603,48.47294,-89.1904,19,1135
3603,48.4726999,-89.1906899,20,1148
3603,48.47174,-89.1906999,21,1253
3603,48.4708599,-89.1907299,22,1353
3603,48.47059,-89.19076,23,1397
3603,48.46947,-89.1907299,24,1497
3603,48.46913,-89.19076,25,1558
3603,48.46888,-89.1905999,26,1569
3603,48.4688899,-89.1891599,27,1674
3603,48.46886,-89.18809,28,1770
3603,48.46887,-89.18808,29,1777
3603,48.46887,-89.18802,30,1783
3603,48.46888,-89.18795,31,1791
3603,48.46887,-89.18631,32,1913
3603,48.46887,-89.18516,33,1994
3603,48.4688299,-89.18504,34,2001
3603,48.46875,-89.18501,35,2009
3603,48.46845,-89.18512,36,2049
3603,48.4683299,-89.18506,37,2056
3603,48.4674199,-89.18503,38,2162
3603,48.46726,-89.1851,39,2204
3603,48.46703,-89.18503,40,2211
3603,48.46605,-89.18501,41,2323
3603,48.46561,-89.18508,42,2387
3603,48.4645299,-89.1849899,43,2487
3603,48.4644299,-89.1849799,44,2497
3603,48.4643599,-89.18501,45,2506
3603,48.46432,-89.1851099,46,2512
3603,48.46441,-89.18591,47,2597
3603,48.4643599,-89.1862999,48,2603
3603,48.46437,-89.1875499,49,2691
3603,48.46435,-89.1876399,50,2698
3603,48.46429,-89.18772,51,2711
3603,48.46384,-89.18776,52,2793
3603,48.46383,-89.18773,53,2800
3603,48.46286,-89.1876699,54,2910
3603,48.46238,-89.18771,55,2962
3603,48.46145,-89.18766,56,3065
3603,48.4611,-89.18771,57,3101
3603,48.45992,-89.1876099,58,3234
3603,48.45962,-89.18766,59,3274
3603,48.4594399,-89.1876699,60,3284
3603,48.4593699,-89.1876499,61,3293
3603,48.45835,-89.18766,62,3398
3603,48.45833,-89.18763,63,3406
3603,48.45752,-89.1875399,64,3502
3603,48.45714,-89.1873,65,3536
3603,48.4571399,-89.18726,66,3543
3603,48.45633,-89.18651,67,3653
3603,48.4555299,-89.1858099,68,3748
3603,48.4554299,-89.18576,69,3760
3603,48.45539,-89.1857699,70,3766
3603,48.45529,-89.18586,71,3777
3603,48.4551,-89.18618,72,3822
3603,48.4544799,-89.18737,73,3922
3603,48.45388,-89.1884999,74,4028
3603,48.45322,-89.1897499,75,4142
3603,48.45267,-89.1907899,76,4242
3603,48.45206,-89.1919399,77,4348
3603,48.4514999,-89.19302,78,4449
3603,48.45131,-89.19342,79,4481
3603,48.45053,-89.19483,80,4613
3603,48.4505099,-89.19492,81,4621
3603,48.4497899,-89.19623,82,4745
3603,48.44972,-89.19652,83,4769
3603,48.4495,-89.19679,84,4798
3603,48.4489299,-89.1978899,85,4897
3603,48.4483099,-89.1990399,86,5011
3603,48.44828,-89.19929,87,5042
3603,48.44807,-89.19948,88,5057
3603,48.4474899,-89.2005799,89,5158
3603,48.44705,-89.20144,90,5234
3603,48.44702,-89.2015599,91,5242
3603,48.44705,-89.2016899,92,5252
3603,48.44741,-89.20199,93,5320
3603,48.4474199,-89.2020599,94,5328
3603,48.4481499,-89.20296,95,5441
3603,48.4488299,-89.2038299,96,5541
3603,48.44975,-89.20486,97,5659
3603,48.45024,-89.20551,98,5730
3603,48.45032,-89.20548,99,5739
3603,48.45036,-89.2054299,100,5747
3603,48.4509399,-89.20431,101,5848
3603,48.4514999,-89.20326,102,5951
3603,48.45173,-89.20272,103,5990
3603,48.4523099,-89.2017299,104,6101
3603,48.45293,-89.20053,105,6205
3603,48.45299,-89.20035,106,6241
3603,48.45308,-89.19997,107,6249
3603,48.45245,-89.19929,108,6334
3603,48.45148,-89.19807,109,6474
3603,48.45121,-89.1977799,110,6506
3603,48.45111,-89.1978,111,6516
3603,48.45056,-89.19892,112,6619
3603,48.45034,-89.19935,113,6662
3603,48.44973,-89.2008099,114,6786
3603,48.44928,-89.20211,115,6890
3603,48.4488299,-89.20338,116,6999
3603,48.44878,-89.2035299,117,7009
3603,48.44873,-89.2036299,118,7019
3603,48.44865,-89.20361,119,7026
3603,48.4485999,-89.20358,120,7033
3603,48.4479199,-89.2027399,121,7140
3603,48.44713,-89.20183,122,7234
3603,48.4470899,-89.20181,123,7244
3603,48.4469599,-89.2016599,124,7262
3603,48.44692,-89.2016599,125,7268
3603,48.44685,-89.2017199,126,7276
3603,48.44618,-89.2031,127,7396
3603,48.44557,-89.2042,128,7510
3603,48.44487,-89.20558,129,7629
3603,48.44482,-89.20562,130,7635
3603,48.4442699,-89.20667,131,7744
3603,48.44358,-89.20802,132,7860
3603,48.4428899,-89.20926,133,7981
3603,48.44275,-89.20957,134,8004
3603,48.4420699,-89.21083,135,8127
3603,48.4419399,-89.21109,136,8148
3603,48.44163,-89.2117,137,8203
3603,48.44159,-89.21173,138,8212
3603,48.44156,-89.2117699,139,8219
3603,48.44098,-89.2129199,140,8321
3603,48.4408899,-89.21304,141,8335
3603,48.44087,-89.2131,142,8342
3603,48.44042,-89.2138999,143,8420
3603,48.44018,-89.21411,144,8443
3603,48.4401099,-89.21419,145,8455
3603,48.43989,-89.2143299,146,8481
3603,48.4395799,-89.21441,147,8516
3603,48.4395099,-89.2144599,148,8526
3603,48.4392899,-89.2148,149,8564
3603,48.4384999,-89.21557,150,8669
3603,48.4383,-89.21586,151,8710
3603,48.4371199,-89.217,152,8850
3603,48.4367299,-89.2174099,153,8904
3603,48.4366199,-89.21746,154,8914
3603,48.43658,-89.2174499,155,8920
3603,48.4364999,-89.21736,156,8930
3603,48.43622,-89.21675,157,8983
3603,48.43612,-89.21665,158,8997
3603,48.43601,-89.21664,159,9008
3603,48.43589,-89.2166899,160,9019
3603,48.43568,-89.21703,161,9096
3604,48.40297,-89.26967,0,0
3604,48.40299,-89.2696999,1,11
3604,48.40302,-89.26985,2,23
3604,48.4030099,-89.27009,3,37
3604,48.4029499,-89.27028,4,55
3604,48.4029099,-89.2702999,5,61
3604,48.40267,-89.27029,6,83
3604,48.4021599,-89.2705199,7,143
3604,48.40169,-89.2710899,8,207
3604,48.4015299,-89.2715,9,245
3604,48.40145,-89.27193,10,279
3604,48.40145,-89.27334,11,382
3604,48.40149,-89.2744299,12,458
3604,48.4015399,-89.27452,13,470
3604,48.40162,-89.2745699,14,479
3604,48.4016999,-89.2745299,15,487
3604,48.40266,-89.27449,16,596
3604,48.40309,-89.27447,17,633
3604,48.4041299,-89.2744999,18,737
3604,48.40509,-89.2743699,19,838
3604,48.40608,-89.27442,20,940
3604,48.40623,-89.27437,21,980
3604,48.4072499,-89.2744599,22,1085
3604,48.40821,-89.2744599,23,1187
3604,48.4091799,-89.2744599,24,1295
3604,48.41019,-89.2744599,25,1401
3604,48.41033,-89.27448,26,1438
3604,48.4115099,-89.27445,27,1554
3604,48.4124599,-89.27445,28,1657
3604,48.4134499,-89.27445,29,1771
3604,48.4143399,-89.27445,30,1871
3604,48.41533,-89.27444,31,1976
3604,48.41544,-89.27442,32,2001
3604,48.41553,-89.2744599,33,2009
3604,48.4163399,-89.2744599,34,2109
3604,48.41728,-89.2744599,35,2209
3604,48.41829,-89.27445,36,2325
3604,48.4193,-89.27444,37,2427
3604,48.42037,-89.27441,38,2554
3604,48.42128,-89.27444,39,2659
3604,48.42227,-89.27442,40,2765
3604,48.4231699,-89.27442,41,2867
3604,48.42383,-89.27438,42,2932
3604,48.4239599,-89.2744299,43,2943
3604,48.42475,-89.27438,44,3031
3604,48.4248099,-89.27436,45,3037
3604,48.42489,-89.2742399,46,3047
3604,48.42492,-89.2741699,47,3055
3604,48.4248799,-89.2725299,48,3173
3604,48.42492,-89.2724599,49,3180
3604,48.4250099,-89.27241,50,3192
3604,48.42578,-89.27241,51,3279
3604,48.4259,-89.2723599,52,3289
3604,48.42595,-89.27231,53,3296
3604,48.42601,-89.27216,54,3307
3604,48.4259899,-89.2707599,55,3412
3604,48.4259599,-89.2702599,56,3446
3604,48.42597,-89.27016,57,3466
3604,48.4259299,-89.26992,58,3472
3604,48.4259599,-89.26983,59,3479
3604,48.42598,-89.2697099,60,3492
3604,48.42595,-89.2682999,61,3596
3604,48.42585,-89.26801,62,3615
3604,48.4256899,-89.26779,63,3644
3604,48.4254999,-89.2676399,64,3667
3604,48.42528,-89.26758,65,3692
3604,48.4247699,-89.2676699,66,3746
3604,48.42403,-89.26743,67,3830
3604,48.42381,-89.26746,68,3855
3604,48.42361,-89.26759,69,3877
3604,48.42345,-89.26776,70,3898
3604,48.4231999,-89.26837,71,3953
3604,48.42312,-89.26847,72,3962
3604,48.42301,-89.2685299,73,3970
3604,48.42293,-89.26847,74,3983
3604,48.4227,-89.26814,75,4016
3604,48.4218899,-89.26763,76,4115
3604,48.42183,-89.26755,77,4123
3604,48.42181,-89.2674699,78,4131
3604,48.4218,-89.26729,79,4143
3604,48.42181,-89.26719,80,4152
3604,48.42191,-89.2668499,81,4178
3604,48.42196,-89.26674,82,4184
3604,48.4221,-89.26626,83,4217
3604,48.42213,-89.2662599,84,4223
3604,48.42252,-89.2650399,85,4329
3604,48.42292,-89.26374,86,4434
3604,48.4232999,-89.2623899,87,4541
3604,48.42345,-89.2618899,88,4575
3604,48.42345,-89.2617599,89,4583
3604,48.42341,-89.2616599,90,4592
3604,48.42273,-89.2611999,91,4672
3604,48.4226399,-89.26119,92,4683
3604,48.4226,-89.2612099,93,4689
3604,48.42252,-89.2612999,94,4698
3604,48.4225,-89.2613699,95,4704
3604,48.42214,-89.26213,96,4770
3604,48.42207,-89.2622199,97,4779
3604,48.42203,-89.2622499,98,4786
3604,48.4219199,-89.2622599,99,4796
3604,48.42144,-89.26211,100,4846
3604,48.42145,-89.26178,101,4866
3604,48.4214899,-89.26175,102,4872
3604,48.4215599,-89.2616599,103,4882
3604,48.4221499,-89.26115,104,4957
3604,48.4222099,-89.26112,105,4965
3604,48.42241,-89.26086,106,4991
3604,48.42265,-89.26083,107,5021
3604,48.4226799,-89.2608399,108,5031
3604,48.4229699,-89.2612099,109,5072
3604,48.4233599,-89.26148,110,5115
3604,48.4235599,-89.2614299,111,5136
3604,48.4240499,-89.2599299,112,5267
3604,48.42444,-89.2584799,113,5380
3604,48.4248099,-89.2572299,114,5486
3604,48.4252299,-89.25583,115,5594
3604,48.42551,-89.25491,116,5656
3604,48.42551,-89.25486,117,5663
3604,48.42591,-89.25351,118,5773
3604,48.42663,-89.2514199,119,5947
3604,48.42677,-89.25096,120,5978
3604,48.4268499,-89.25082,121,5985
3604,48.42748,-89.249,122,6143
3604,48.4279,-89.24772,123,6245
3604,48.4279599,-89.2476,124,6262
3604,48.4283499,-89.24642,125,6368
3604,48.42873,-89.2450199,126,6472
3604,48.42876,-89.24484,127,6480
3604,48.42892,-89.24346,128,6575
3604,48.42892,-89.24352,129,6581
3604,48.4291,-89.24124,130,6755
3604,48.42916,-89.23969,131,6865
3604,48.42916,-89.23827,132,6968
3604,48.42912,-89.23769,133,7006
3604,48.4291099,-89.23732,134,7033
3604,48.4290699,-89.2363599,135,7109
3604,48.4288,-89.23533,136,7187
3604,48.4287799,-89.23532,137,7194
3604,48.4283599,-89.23375,138,7318
3604,48.42799,-89.23236,139,7408
3604,48.42755,-89.23073,140,7509
3604,48.4274999,-89.23059,141,7520
3604,48.42752,-89.2304799,142,7531
3604,48.4276599,-89.23027,143,7555
3604,48.42798,-89.22994,144,7621
3604,48.42807,-89.2298899,145,7629
3604,48.4288399,-89.2290999,146,7741
3604,48.42959,-89.22833,147,7842
3604,48.42979,-89.22809,148,7862
3604,48.42985,-89.2280899,149,7875
3604,48.4306499,-89.2272999,150,7981
3604,48.43143,-89.22653,151,8088
3604,48.43228,-89.22556,152,8189
3604,48.4323299,-89.2255499,153,8203
3604,48.4329199,-89.2249699,154,8283
3604,48.43293,-89.22486,155,8291
3604,48.4324599,-89.2237899,156,8391
3604,48.43189,-89.22268,157,8486
3604,48.4318599,-89.22258,158,8494
3604,48.43188,-89.22245,159,8506
3604,48.43195,-89.2223,160,8519
3604,48.43266,-89.22154,161,8598
3604,48.4334699,-89.2207599,162,8721
3604,48.43363,-89.2205999,163,8734
3604,48.43452,-89.21959,164,8859
3604,48.4353,-89.2187999,165,8962
3604,48.43609,-89.2180399,166,9067
3604,48.4365299,-89.21754,167,9127
3604,48.43655,-89.21743,168,9135
3604,48.43654,-89.2173499,169,9142
3604,48.43619,-89.2166999,170,9200
3604,48.43615,-89.2166599,171,9206
3604,48.4360999,-89.21664,172,9212
3604,48.43596,-89.2166999,173,9228
3604,48.43568,-89.21703,174,9256
3605,48.43568,-89.21703,0,0
3605,48.43532,-89.21726,1,20
3605,48.4352799,-89.21737,2,28
3605,48.4353,-89.2175,3,39
3605,48.43565,-89.2182999,4,108
3605,48.4357399,-89.2183999,5,120
3605,48.43655,-89.21754,6,227
3605,48.4366,-89.21753,7,234
3605,48.43667,-89.2176,8,242
3605,48.43735,-89.21906,9,372
3605,48.43736,-89.21908,10,379
3605,48.43737,-89.21913,11,385
3605,48.43762,-89.2196799,12,432
3605,48.43766,-89.2197399,13,438
3605,48.43822,-89.2210199,14,557
3605,48.4387199,-89.2221099,15,654
3605,48.4387299,-89.22229,16,664
3605,48.4387,-89.2223699,17,672
3605,48.43783,-89.22327,18,788
3605,48.4372,-89.22391,19,836
3605,48.4371199,-89.22409,20,886
3605,48.43713,-89.2242099,21,894
3605,48.4378,-89.22528,22,1005
3605,48.43809,-89.22629,23,1087
3605,48.43817,-89.22685,24,1125
3605,48.43815,-89.22698,25,1140
3605,48.43818,-89.2276599,26,1193
3605,48.4380999,-89.2282,27,1230
3605,48.4376399,-89.22938,28,1336
3605,48.43751,-89.22974,29,1389
3605,48.4373799,-89.23007,30,1404
3605,48.43736,-89.23023,31,1411
3605,48.43736,-89.2304,32,1425
3605,48.43769,-89.23165,33,1527
3605,48.4381399,-89.23328,34,1656
3605,48.43828,-89.2338,35,1715
3605,48.4382999,-89.23384,36,1722
3605,48.43861,-89.23509,37,1825
3605,48.4388899,-89.2363899,38,1929
3605,48.4391,-89.23697,39,1977
3605,48.4391899,-89.23745,40,1993
3605,48.43956,-89.23854,41,2077
3605,48.43961,-89.23871,42,2109
3605,48.43995,-89.2400599,43,2218
3605,48.44001,-89.24028,44,2238
3605,48.4400099,-89.2402599,45,2245
3605,48.44045,-89.24197,46,2376
3605,48.44048,-89.24202,47,2385
3605,48.44082,-89.24365,48,2510
3605,48.44085,-89.2447,49,2586
3605,48.4410299,-89.24566,50,2664
3605,48.44123,-89.24603,51,2696
3605,48.44153,-89.24626,52,2732
3605,48.44194,-89.24633,53,2774
3605,48.4421,-89.24645,54,2790
3605,48.443,-89.2467999,55,2900
3605,48.44365,-89.24704,56,2966
3605,48.4436799,-89.2470299,57,2976
3605,48.44472,-89.24752,58,3089
3605,48.4456799,-89.24806,59,3213
3605,48.44658,-89.2485299,60,3314
3605,48.44725,-89.249,61,3393
3605,48.4472999,-89.24907,62,3402
3605,48.44806,-89.24967,63,3503
3605,48.4489999,-89.25035,64,3613
3605,48.44984,-89.25097,65,3722
3605,48.45065,-89.25167,66,3822
3605,48.4511299,-89.25249,67,3904
3605,48.45119,-89.2526399,68,3913
3605,48.4516599,-89.25396,69,4025
3605,48.45188,-89.25446,70,4064
3605,48.45188,-89.25455,71,4070
3605,48.4523,-89.25571,72,4171
3605,48.45253,-89.25637,73,4219
3605,48.4525499,-89.25647,74,4228
3605,48.45266,-89.2567399,75,4255
3605,48.45276,-89.2568399,76,4267
3605,48.45289,-89.2568099,77,4280
3605,48.4529699,-89.25676,78,4290
3605,48.45319,-89.2565,79,4322
3605,48.45359,-89.25565,80,4402
3605,48.4536899,-89.25551,81,4412
3605,48.45421,-89.2544699,82,4514
3605,48.45434,-89.2542099,83,4533
3605,48.45497,-89.25285,84,4656
3605,48.45513,-89.25255,85,4666
3605,48.45519,-89.25232,86,4681
3605,48.4552399,-89.2513199,87,4759
3605,48.45519,-89.2509899,88,4782
3605,48.45479,-89.24957,89,4917
3605,48.4548,-89.2494799,90,4924
3605,48.45479,-89.24941,91,4930
3605,48.45479,-89.2492199,92,4944
3605,48.45496,-89.2485599,93,4998
3605,48.45502,-89.24845,94,5010
3605,48.45519,-89.24791,95,5050
3605,48.45528,-89.2478399,96,5059
3605,48.45594,-89.2464999,97,5179
3605,48.45622,-89.2458,98,5239
3605,48.4563199,-89.2457799,99,5245
3605,48.45702,-89.24458,100,5368
3605,48.45752,-89.24336,101,5468
3605,48.45756,-89.24333,102,5478
3605,48.4579999,-89.2426599,103,5553
3605,48.45817,-89.24252,104,5576
3605,48.45844,-89.2424299,105,5608
3605,48.45938,-89.2424599,106,5709
3605,48.45971,-89.24238,107,5735
3605,48.45979,-89.24247,108,5751
3605,48.4601899,-89.24248,109,5797
3605,48.4609199,-89.24202,110,5888
3605,48.46222,-89.24189,111,6049
3605,48.4625199,-89.24202,112,6063
3605,48.46327,-89.2420299,113,6140
3605,48.4633099,-89.24199,114,6146
3605,48.46333,-89.2417099,115,6168
3605,48.46328,-89.24141,116,6207
3605,48.4633099,-89.2412799,117,6217
3605,48.4633399,-89.23979,118,6335
3605,48.46332,-89.23866,119,6449
3605,48.46336,-89.2383899,120,6465
3605,48.4633799,-89.23696,121,6571
3605,48.4633799,-89.23684,122,6580
3605,48.46332,-89.2366799,123,6590
3605,48.46326,-89.23664,124,6597
3605,48.46269,-89.23667,125,6657
3605,48.46189,-89.23664,126,6759
3605,48.46151,-89.23661,127,6788
3605,48.461,-89.2366,128,6849
3605,48.4605499,-89.23684,129,6905
3605,48.46031,-89.23681,130,6932
3605,48.4600299,-89.2368199,131,6942
3605,48.45932,-89.23634,132,7050
3605,48.4591,-89.23614,133,7061
3605,48.459,-89.23592,134,7078
3605,48.45897,-89.23568,135,7100
3605,48.45897,-89.23543,136,7117
3605,48.45903,-89.23519,137,7134
3605,48.45913,-89.2349499,138,7152
3605,48.45922,-89.23455,139,7205
3605,48.4595699,-89.23395,140,7245
3605,48.4596399,-89.23388,141,7257
3605,48.45989,-89.23378,142,7284
3605,48.46044,-89.23382,143,7356
3605,48.46051,-89.2339599,144,7364
3605,48.46054,-89.2339899,145,7370
3605,48.4606,-89.2341,146,7383
3605,48.46066,-89.2341599,147,7393
3605,48.46104,-89.23474,148,7421
3606,48.44317,-89.25745,0,0
3606,48.4434899,-89.2578899,1,48
3606,48.44351,-89.258,2,56
3606,48.44351,-89.2580799,3,62
3606,48.44291,-89.25926,4,174
3606,48.4424399,-89.26001,5,245
3606,48.44172,-89.2610099,6,353
3606,48.4414499,-89.26142,7,396
3606,48.4414199,-89.26145,8,403
3606,48.4413199,-89.26148,9,413
3606,48.44113,-89.26138,10,436
3606,48.44038,-89.26057,11,539
3606,48.43983,-89.26003,12,604
3606,48.43983,-89.2599899,13,611
3606,48.4391199,-89.2592399,14,711
3606,48.43838,-89.25851,15,796
3606,48.43832,-89.2584,16,807
3606,48.4375499,-89.25758,17,916
3606,48.4367299,-89.25673,18,1023
3606,48.43639,-89.25639,19,1062
3606,48.4356999,-89.25565,20,1165
3606,48.43546,-89.2553999,21,1192
3606,48.4347,-89.2546099,22,1299
3606,48.4341,-89.25401,23,1370
3606,48.43363,-89.2534199,24,1443
3606,48.4334799,-89.2533,25,1459
3606,48.43261,-89.2529999,26,1553
3606,48.4319699,-89.2527699,27,1632
3606,48.43106,-89.25275,28,1732
3606,48.43076,-89.25278,29,1761
3606,48.4298699,-89.25278,30,1863
3606,48.42873,-89.25284,31,1986
3606,48.4286,-89.25279,32,1995
3606,48.42777,-89.2527699,33,2095
3606,48.4267399,-89.2527399,34,2204
3606,48.4262799,-89.25272,35,2254
3606,48.42624,-89.25262,36,2265
3606,48.42626,-89.25249,37,2272
3606,48.4266799,-89.2512599,38,2373
3606,48.42677,-89.25096,39,2395
3606,48.4268499,-89.25082,40,2402
3606,48.42748,-89.249,41,2560
3606,48.4279,-89.24772,42,2662
3606,48.4279599,-89.2476,43,2679
3606,48.4283499,-89.24642,44,2785
3606,48.42873,-89.2450199,45,2889
3606,48.42876,-89.24484,46,2897
3606,48.42892,-89.24346,47,2992
3606,48.42892,-89.24352,48,2998
3606,48.4291,-89.24124,49,3172
3606,48.42916,-89.23969,50,3282
3606,48.42916,-89.23827,51,3385
3606,48.42912,-89.23769,52,3423
3606,48.4291099,-89.23732,53,3450
3606,48.4290699,-89.2363599,54,3526
3606,48.4288,-89.23533,55,3604
3606,48.4284499,-89.2339599,56,3715
3606,48.42824,-89.23316,57,3781
3606,48.42824,-89.23308,58,3788
3606,48.4282899,-89.2329399,59,3799
3606,48.42862,-89.23261,60,3851
3606,48.4296699,-89.2315999,61,3988
3606,48.4301,-89.23109,62,4039
3606,48.43014,-89.2310999,63,4056
3606,48.4309199,-89.23033,64,4158
3606,48.43162,-89.22954,65,4249
3606,48.43166,-89.22947,66,4259
3606,48.43235,-89.22879,67,4359
3606,48.4333,-89.22781,68,4471
3606,48.43336,-89.2277199,69,4478
3606,48.4334,-89.22768,70,4484
3606,48.43345,-89.22765,71,4494
3606,48.43421,-89.2268699,72,4600
3606,48.43474,-89.22631,73,4657
3606,48.4348799,-89.22619,74,4683
3606,48.4348799,-89.2260799,75,4690
3606,48.43431,-89.2248299,76,4802
3606,48.43397,-89.22407,77,4851
3606,48.43398,-89.22407,78,4863
3606,48.43346,-89.2229599,79,4966
3606,48.4329199,-89.2217799,80,5068
3606,48.43289,-89.2217099,81,5074
3606,48.43281,-89.2215799,82,5082
3606,48.4328,-89.22151,83,5089
3606,48.4328199,-89.2214199,84,5098
3606,48.43422,-89.22,85,5282
3606,48.43452,-89.21959,86,5328
3606,48.4353,-89.2187999,87,5431
3606,48.43609,-89.2180399,88,5536
3606,48.4365299,-89.21754,89,5596
3606,48.43655,-89.21743,90,5604
3606,48.43654,-89.2173499,91,5611
3606,48.43619,-89.2166999,92,5669
3606,48.43615,-89.2166599,93,5675
3606,48.4360999,-89.21664,94,5681
3606,48.43596,-89.2166999,95,5697
3606,48.43568,-89.21703,96,5725
3607,48.38247,-89.24602,0,0
3607,48.3824299,-89.2457099,1,7
3607,48.38248,-89.24556,2,24
3607,48.38252,-89.2455099,3,30
3607,48.3825899,-89.24546,4,38
3607,48.3832199,-89.24546,5,102
3607,48.3833,-89.24539,6,110
3607,48.3833199,-89.2452799,7,119
3607,48.3832899,-89.24386,8,223
3607,48.3832899,-89.2433099,9,262
3607,48.3833199,-89.2432099,10,273
3607,48.3835,-89.24303,11,296
3607,48.38369,-89.24296,12,317
3607,48.38376,-89.24297,13,323
3607,48.38392,-89.2429199,14,342
3607,48.38513,-89.24194,15,467
3607,48.38508,-89.24195,16,475
3607,48.3859499,-89.2413,17,588
3607,48.38615,-89.24114,18,609
3607,48.38701,-89.2404,19,718
3607,48.38802,-89.23959,20,852
3607,48.38852,-89.23912,21,905
3607,48.38934,-89.23847,22,1017
3607,48.39002,-89.23789,23,1099
3607,48.3907999,-89.2372799,24,1202
3607,48.3919,-89.23635,25,1347
3607,48.39222,-89.2361,26,1371
3607,48.3922499,-89.2360599,27,1379
3607,48.3930699,-89.2353999,28,1480
3607,48.39315,-89.23536,29,1493
3607,48.3932599,-89.2353699,30,1503
3607,48.39378,-89.23574,31,1567
3607,48.3946699,-89.2365,32,1678
3607,48.39513,-89.23683,33,1729
3607,48.3951699,-89.23689,34,1736
3607,48.39607,-89.23757,35,1847
3607,48.39607,-89.2375999,36,1855
3607,48.39692,-89.23828,37,1964
3607,48.39733,-89.23858,38,2007
3607,48.3973699,-89.23858,39,2015
3607,48.3974299,-89.23867,40,2031
3607,48.3982499,-89.2393399,41,2141
3607,48.39912,-89.24008,42,2247
3607,48.39991,-89.2408799,43,2356
3607,48.40027,-89.24111,44,2392
3607,48.40031,-89.24117,45,2400
3607,48.4011699,-89.24165,46,2508
3607,48.40211,-89.2419399,47,2617
3607,48.40309,-89.2419999,48,2723
3607,48.40404,-89.24178,49,2833
3607,48.40477,-89.24145,50,2905
3607,48.40487,-89.2414799,51,2914
3607,48.40573,-89.24104,52,3039
3607,48.40706,-89.24054,53,3168
3607,48.4080399,-89.24015,54,3282
3607,48.40814,-89.24009,55,3307
3607,48.4081599,-89.2400999,56,3318
3607,48.4092099,-89.23966,57,3448
3607,48.40934,-89.2396099,58,3456
3607,48.4102699,-89.23922,59,3571
3607,48.4106599,-89.23904,60,3608
3607,48.4116099,-89.2386199,61,3726
3607,48.41267,-89.2381299,62,3843
3607,48.41367,-89.23756,63,3953
3607,48.4137399,-89.23759,64,3959
3607,48.4145999,-89.2372099,65,4067
3607,48.4154899,-89.23671,66,4171
3607,48.41632,-89.23621,67,4272
3607,48.4172899,-89.23559,68,4383
3607,48.41816,-89.23502,69,4489
3607,48.4190299,-89.23443,70,4597
3607,48.4198899,-89.23387,71,4701
3607,48.42073,-89.23335,72,4802
3607,48.42144,-89.23292,73,4877
3607,48.42151,-89.2329,74,4886
3607,48.42157,-89.2329,75,4894
3607,48.42202,-89.2331,76,4951
3607,48.42214,-89.2331399,77,4959
3607,48.4230399,-89.23315,78,5067
3607,48.4239599,-89.2331399,79,5169
3607,48.42442,-89.23308,80,5234
3607,48.42469,-89.23316,81,5241
3607,48.42522,-89.23312,82,5297
3607,48.4253599,-89.2330099,83,5317
3607,48.4261,-89.2321499,84,5420
3607,48.42614,-89.23202,85,5451
3607,48.42732,-89.2307099,86,5614
3607,48.42798,-89.22994,87,5705
3607,48.42807,-89.2298899,88,5713
3607,48.4288399,-89.2290999,89,5825
3607,48.42959,-89.22833,90,5926
3607,48.42979,-89.22809,91,5946
3607,48.42984,-89.2280799,92,5956
3607,48.4306799,-89.2272599,93,6068
3607,48.43074,-89.22715,94,6076
3607,48.4307199,-89.2270299,95,6086
3607,48.43057,-89.22677,96,6110
3607,48.4305,-89.2266699,97,6117
3607,48.42985,-89.22518,98,6247
3607,48.42982,-89.2250699,99,6259
3607,48.4298299,-89.22489,100,6271
3607,48.4298599,-89.22479,101,6281
3607,48.4304499,-89.2236199,102,6388
3607,48.43051,-89.22347,103,6399
3607,48.4305899,-89.2234,104,6412
3607,48.4308,-89.2234499,105,6433
3607,48.43086,-89.22344,106,6441
3607,48.43121,-89.22304,107,6494
3607,48.4319999,-89.2222699,108,6595
3607,48.43222,-89.2220399,109,6624
3607,48.43266,-89.22154,110,6682
3607,48.4334699,-89.2207599,111,6805
3607,48.43363,-89.2205999,112,6818
3607,48.43452,-89.21959,113,6943
3607,48.4353,-89.2187999,114,7046
3607,48.43609,-89.2180399,115,7151
3607,48.4365299,-89.21754,116,7211
3607,48.43655,-89.21743,117,7219
3607,48.43654,-89.2173499,118,7226
3607,48.43619,-89.2166999,119,7284
3607,48.43615,-89.2166599,120,7290
3607,48.4360999,-89.21664,121,7296
3607,48.43596,-89.2166999,122,7312
3607,48.43568,-89.21703,123,7340
3608,48.40349,-89.2433,0,0
3608,48.4032399,-89.2433799,1,19
3608,48.40313,-89.24333,2,29
3608,48.40289,-89.24222,3,112
3608,48.4028,-89.24215,4,121
3608,48.40192,-89.24209,5,222
3608,48.4016999,-89.2420299,6,242
3608,48.40166,-89.2420299,7,248
3608,48.40159,-89.2420999,8,255
3608,48.4014099,-89.2432799,9,351
3608,48.4008499,-89.24442,10,454
3608,48.4006799,-89.2447899,11,486
3608,48.4006199,-89.24533,12,519
3608,48.40066,-89.24536,13,526
3608,48.4007199,-89.24544,14,537
3608,48.40166,-89.24544,15,640
3608,48.40256,-89.24544,16,740
3608,48.4028,-89.24541,17,765
3608,48.40284,-89.24544,18,773
3608,48.4037399,-89.2454499,19,877
3608,48.40467,-89.24542,20,979
3608,48.40581,-89.2454499,21,1099
3608,48.40674,-89.24543,22,1202
3608,48.40762,-89.2454499,23,1306
3608,48.40864,-89.24546,24,1417
3608,48.40922,-89.24546,25,1474
3608,48.4092199,-89.24547,26,1481
3608,48.41011,-89.2454799,27,1585
3608,48.41061,-89.24543,28,1631
3608,48.41075,-89.2454499,29,1642
3608,48.4112499,-89.2452799,30,1701
3608,48.4120699,-89.2447,31,1806
3608,48.41294,-89.24405,32,1909
3608,48.4137099,-89.2435,33,2009
3608,48.41458,-89.24284,34,2120
3608,48.41503,-89.24249,35,2169
3608,48.4150599,-89.24248,36,2175
3608,48.4159499,-89.2418699,37,2292
3608,48.41705,-89.24102,38,2415
3608,48.41707,-89.24103,39,2424
3608,48.4179199,-89.2404299,40,2530
3608,48.41879,-89.23976,41,2642
3608,48.4188699,-89.23975,42,2652
3608,48.4191899,-89.2395,43,2688
3608,48.42023,-89.23872,44,2816
3608,48.42026,-89.2387199,45,2824
3608,48.4212899,-89.2380999,46,2945
3608,48.4215899,-89.2378599,47,2987
3608,48.4216899,-89.23785,48,2998
3608,48.4218499,-89.23801,49,3019
3608,48.4219,-89.2380899,50,3029
3608,48.42204,-89.23821,51,3045
3608,48.4222199,-89.23828,52,3063
3608,48.42316,-89.2383299,53,3173
3608,48.42407,-89.23834,54,3274
3608,48.42509,-89.2383199,55,3382
3608,48.4260599,-89.23831,56,3494
3608,48.42718,-89.23824,57,3618
3608,48.42723,-89.23831,58,3624
3608,48.42804,-89.2383199,59,3714
3608,48.4281199,-89.2384,60,3724
3608,48.4281299,-89.23854,61,3733
3608,48.4281199,-89.2386199,62,3741
3608,48.42811,-89.2399699,63,3842
3608,48.42811,-89.2404,64,3871
3608,48.4281299,-89.24054,65,3880
3608,48.4281299,-89.2406599,66,3889
3608,48.42807,-89.2407899,67,3901
3608,48.4280299,-89.2408199,68,3907
3608,48.42708,-89.24081,69,4010
3608,48.4261899,-89.2408,70,4110
3608,48.4253399,-89.2408199,71,4210
3608,48.4246799,-89.24081,72,4277
3608,48.42359,-89.24087,73,4397
3608,48.42265,-89.24083,74,4507
3608,48.42194,-89.2409,75,4600
3608,48.42165,-89.2408499,76,4631
3608,48.4216199,-89.2409,77,4637
3608,48.42161,-89.24232,78,4744
3608,48.42136,-89.24328,79,4809
3608,48.4212999,-89.2433499,80,4819
3608,48.4210299,-89.24409,81,4886
3608,48.4209299,-89.24485,82,4941
3608,48.42091,-89.24629,83,5047
3608,48.42095,-89.24657,84,5084
3608,48.4208699,-89.24833,85,5204
3608,48.4209,-89.24967,86,5292
3608,48.42085,-89.24966,87,5302
3608,48.4208099,-89.25135,88,5424
3608,48.4208399,-89.2519199,89,5472
3608,48.42099,-89.2527299,90,5528
3608,48.42099,-89.25285,91,5537
3608,48.42095,-89.25294,92,5544
3608,48.4201499,-89.25373,93,5658
3608,48.41968,-89.25466,94,5743
3608,48.4191899,-89.25626,95,5870
3608,48.41875,-89.2571999,96,5956
3608,48.4180099,-89.25797,97,6058
3608,48.4175199,-89.2582,98,6118
3608,48.4164399,-89.2582499,99,6229
3608,48.4155899,-89.25824,100,6322
3608,48.41553,-89.2581499,101,6333
3608,48.41551,-89.2580899,102,6340
3608,48.41553,-89.2548999,103,6572
3608,48.41553,-89.25476,104,6579
3608,48.4155499,-89.2546399,105,6593
3608,48.4156499,-89.25459,106,6603
3608,48.41616,-89.25451,107,6633
3608,48.41607,-89.2545699,108,6643
3608,48.41648,-89.2545699,109,6693
3608,48.4166999,-89.2544699,110,6717
3608,48.4174499,-89.2536899,111,6816
3608,48.41753,-89.25367,112,6825
3608,48.41776,-89.25392,113,6856
3608,48.4177899,-89.254,114,6862
3608,48.41819,-89.25446,115,6925
3608,48.41879,-89.25483,116,7014
3608,48.4191599,-89.25515,117,7035
3608,48.4193299,-89.25521,118,7056
3608,48.4194,-89.25518,119,7064
3608,48.41944,-89.2551299,120,7071
3608,48.4197,-89.25432,121,7138
3608,48.42027,-89.25338,122,7234
3608,48.42092,-89.25286,123,7310
3608,48.42138,-89.25266,124,7362
3608,48.4214299,-89.2526999,125,7369
3608,48.4223099,-89.25269,126,7473
3608,48.4232699,-89.25269,127,7575
3608,48.42366,-89.25268,128,7617
3608,48.42457,-89.25272,129,7727
3608,48.4254999,-89.2527399,130,7827
3608,48.426,-89.2527299,131,7873
3608,48.42603,-89.25276,132,7882
3608,48.42618,-89.25279,133,7896
3608,48.42621,-89.25288,134,7905
3608,48.4261899,-89.25304,135,7915
3608,48.42613,-89.25324,136,7929
3608,48.4260199,-89.2534599,137,7948
3608,48.42592,-89.25401,138,7974
3608,48.4258899,-89.2540099,139,7980
3608,48.42587,-89.25409,140,7988
3608,48.42585,-89.25413,141,7996
3608,48.42544,-89.25542,142,8099
3608,48.4250699,-89.25665,143,8200
3608,48.4247099,-89.2578899,144,8302
3608,48.42456,-89.2584099,145,8336
3608,48.4242,-89.25965,146,8447
3608,48.42377,-89.2610099,147,8552
3608,48.42351,-89.26174,148,8611
3608,48.42348,-89.26174,149,8617
3608,48.4229699,-89.26139,150,8674
3608,48.42293,-89.2613299,151,8682
3608,48.42282,-89.2612399,152,8694
3608,48.4227099,-89.26119,153,8708
3608,48.4226,-89.26122,154,8719
3608,48.42252,-89.2613299,155,8729
3608,48.4221499,-89.2621199,156,8801
3608,48.42211,-89.26217,157,8807
3608,48.4220199,-89.26224,158,8817
3608,48.42197,-89.2622599,159,8824
3608,48.42144,-89.26211,160,8854
3609,48.43568,-89.21703,0,0
3609,48.43598,-89.2169199,1,6
3609,48.4361699,-89.21677,2,24
3609,48.4362299,-89.21675,3,31
3609,48.4362699,-89.21677,4,38
3609,48.43661,-89.21749,5,97
3609,48.43661,-89.2175799,6,106
3609,48.4358399,-89.21836,7,210
3609,48.43573,-89.2184599,8,218
3609,48.43496,-89.2192199,9,326
3609,48.43481,-89.21936,10,339
3609,48.43447,-89.21986,11,398
3609,48.43317,-89.22115,12,568
3609,48.43301,-89.22133,13,589
3609,48.43287,-89.2214199,14,608
3609,48.43271,-89.2215899,15,624
3609,48.43199,-89.22241,16,716
3609,48.43195,-89.22242,17,722
3609,48.4312,-89.22321,18,826
3609,48.43085,-89.22361,19,862
3609,48.43057,-89.2236199,20,893
3609,48.42998,-89.22478,21,999
3609,48.42991,-89.22495,22,1007
3609,48.4298899,-89.22504,23,1019
3609,48.42991,-89.22525,24,1032
3609,48.43037,-89.22607,25,1107
3609,48.4303899,-89.22619,26,1116
3609,48.43077,-89.2271699,27,1200
3609,48.43076,-89.22727,28,1207
3609,48.43043,-89.22764,29,1254
3609,48.4303,-89.22771,30,1260
3609,48.42958,-89.2284,31,1360
3609,48.42938,-89.22863,32,1383
3609,48.42895,-89.22911,33,1443
3609,48.42879,-89.22921,34,1461
3609,48.4280899,-89.22994,35,1561
3609,48.42739,-89.23072,36,1661
3609,48.42719,-89.23099,37,1713
3609,48.42719,-89.23096,38,1719
3609,48.4264199,-89.2317899,39,1829
3609,48.42605,-89.23233,40,1904
3609,48.42578,-89.23253,41,1917
3609,48.42529,-89.23313,42,1984
3609,48.4251699,-89.23318,43,2004
3609,48.42416,-89.23318,44,2116
3609,48.42383,-89.23322,45,2173
3609,48.42262,-89.23319,46,2280
3609,48.4218199,-89.23318,47,2369
3609,48.4217599,-89.23315,48,2378
3609,48.42157,-89.2329699,49,2404
3609,48.42161,-89.23305,50,2428
3609,48.42124,-89.23313,51,2445
3609,48.42052,-89.2335599,52,2528
3609,48.4195899,-89.23418,53,2650
3609,48.41945,-89.23429,54,2680
3609,48.41944,-89.2342599,55,2686
3609,48.4194,-89.23427,56,2692
3609,48.41856,-89.2348399,57,2803
3609,48.4176899,-89.2353999,58,2906
3609,48.417,-89.23603,59,2979
3609,48.4168699,-89.23602,60,2988
3609,48.41602,-89.2365199,61,3099
3609,48.41577,-89.2366799,62,3116
3609,48.41497,-89.2372,63,3216
3609,48.41436,-89.23756,64,3293
3609,48.4142999,-89.23755,65,3302
3609,48.4134199,-89.2379599,66,3406
3609,48.4124999,-89.2383899,67,3514
3609,48.41236,-89.2384599,68,3523
3609,48.41214,-89.23867,69,3551
3609,48.41208,-89.23858,70,3559
3609,48.4110899,-89.23906,71,3677
3609,48.41019,-89.2394399,72,3784
3609,48.4092099,-89.2398399,73,3901
3609,48.40831,-89.2401999,74,4005
3609,48.40782,-89.2405,75,4049
3609,48.4077099,-89.24048,76,4062
3609,48.40683,-89.24086,77,4168
3609,48.4059299,-89.2412199,78,4269
3609,48.40517,-89.24163,79,4362
3609,48.4049499,-89.2416399,80,4378
3609,48.40425,-89.24192,81,4453
3609,48.40422,-89.2419699,82,4459
3609,48.4041999,-89.2420299,83,4465
3609,48.40421,-89.24232,84,4488
3609,48.4043299,-89.2430499,85,4534
3609,48.4043,-89.2431799,86,4545
3609,48.4041899,-89.24319,87,4558
3609,48.40375,-89.243,88,4609
3609,48.40365,-89.24306,89,4620
3609,48.40349,-89.2433,90,4652
3609,48.40326,-89.2433799,91,4671
3609,48.40319,-89.24337,92,4678
3609,48.40313,-89.2432799,93,4689
3609,48.40309,-89.24311,94,4698
3609,48.40309,-89.24304,95,4705
3609,48.4029199,-89.24224,96,4762
3609,48.40287,-89.2421699,97,4773
3609,48.4018299,-89.24205,98,4891
3609,48.40087,-89.24166,99,5003
3609,48.40064,-89.2415399,100,5019
3609,48.39991,-89.24102,101,5114
3609,48.39912,-89.24022,102,5222
3609,48.3987799,-89.23988,103,5264
3609,48.39787,-89.23916,104,5378
3609,48.39706,-89.23852,105,5480
3609,48.3961799,-89.2378599,106,5585
3609,48.3952999,-89.2371699,107,5694
3609,48.39507,-89.23695,108,5720
3609,48.3948099,-89.23674,109,5748
3609,48.3940199,-89.2361,110,5851
3609,48.39362,-89.23579,111,5901
3609,48.39354,-89.2356599,112,5915
3609,48.39328,-89.23543,113,5947
3609,48.3931599,-89.2353999,114,5960
3609,48.3930399,-89.23545,115,5976
3609,48.39223,-89.23614,116,6080
3609,48.39148,-89.23687,117,6196
3609,48.39121,-89.2370099,118,6202
3609,48.39036,-89.2378,119,6315
3609,48.3902799,-89.23781,120,6326
3609,48.38951,-89.2384,121,6429
3609,48.3892899,-89.23858,122,6446
3609,48.38845,-89.23938,123,6558
3609,48.38835,-89.23939,124,6566
3609,48.38747,-89.2400999,125,6681
3609,48.38737,-89.24018,126,6689
3609,48.38689,-89.24067,127,6748
3609,48.3868299,-89.24067,128,6758
3609,48.3860099,-89.24132,129,6867
3609,48.3853499,-89.2418699,130,6939
3609,48.38506,-89.2422,131,6980
3609,48.38505,-89.2421699,132,6986
3609,48.38415,-89.24288,133,7095
3609,48.38412,-89.2429199,134,7102
3609,48.38343,-89.24322,135,7174
3609,48.38334,-89.2431799,136,7180
3609,48.3823999,-89.2434399,137,7289
3609,48.38152,-89.2438699,138,7396
3609,48.38111,-89.24429,139,7443
3609,48.38104,-89.2443999,140,7456
3609,48.3809899,-89.24452,141,7462
3609,48.38094,-89.24464,142,7478
3609,48.3809,-89.24487,143,7490
3609,48.38091,-89.24621,144,7590
3609,48.3809199,-89.24654,145,7613
3609,48.38097,-89.2466299,146,7621
3609,48.38196,-89.24658,147,7739
3609,48.38245,-89.2465699,148,7783
3609,48.38249,-89.24644,149,7791
3609,48.38247,-89.24602,150,7818
3610,48.40297,-89.26967,0,0
3610,48.4029199,-89.26965,1,13
3610,48.4029799,-89.26969,2,23
3610,48.403,-89.2697699,3,30
3610,48.403,-89.26992,4,39
3610,48.4029799,-89.27001,5,45
3610,48.40297,-89.2701999,6,59
3610,48.40294,-89.2702599,7,65
3610,48.40284,-89.2702999,8,78
3610,48.4027199,-89.2702999,9,93
3610,48.40227,-89.27044,10,140
3610,48.4020599,-89.2706,11,167
3610,48.4017299,-89.2710499,12,215
3610,48.4016699,-89.2711,13,224
3610,48.40158,-89.2710899,14,232
3610,48.4015399,-89.27107,15,238
3610,48.4013699,-89.27084,16,264
3610,48.4008799,-89.27055,17,319
3610,48.4008399,-89.2704599,18,328
3610,48.4008199,-89.2702999,19,338
3610,48.4008199,-89.27014,20,352
3610,48.40056,-89.2688,21,458
3610,48.40051,-89.26867,22,468
3610,48.4004799,-89.26864,23,474
3610,48.4003199,-89.26861,24,491
3610,48.39994,-89.26883,25,530
3610,48.39932,-89.2688,26,599
3610,48.39919,-89.2688499,27,614
3610,48.39915,-89.26907,28,632
3610,48.3991699,-89.2703999,29,735
3610,48.39916,-89.27189,30,841
3610,48.39923,-89.27326,31,941
3610,48.39928,-89.27405,32,993
3610,48.39926,-89.27413,33,1001
3610,48.39926,-89.27546,34,1108
3610,48.3993299,-89.27629,35,1165
3610,48.39963,-89.27715,36,1238
3610,48.40017,-89.27832,37,1341
3610,48.4003599,-89.27915,38,1404
3610,48.40037,-89.28025,39,1481
3610,48.40038,-89.2803099,40,1487
3610,48.40038,-89.28036,41,1493
3610,48.40037,-89.2804399,42,1502
3610,48.40038,-89.2818499,43,1607
3610,48.40037,-89.28217,44,1627
3610,48.40038,-89.28369,45,1727
3610,48.40037,-89.2853999,46,1866
3610,48.40038,-89.2869,47,1966
3610,48.40038,-89.28698,48,1975
3610,48.4003899,-89.28706,49,1982
3610,48.4003599,-89.2875299,50,2014
3610,48.40037,-89.28767,51,2026
3610,48.40033,-89.28813,52,2060
3610,48.40021,-89.28859,53,2096
3610,48.4000199,-89.28899,54,2133
3610,48.3996699,-89.28938,55,2183
3610,48.39929,-89.2895699,56,2227
3610,48.39888,-89.2896,57,2265
3610,48.39887,-89.28961,58,2272
3610,48.3978599,-89.2895999,59,2391
3610,48.3969,-89.2895999,60,2496
3610,48.39646,-89.28959,61,2537
3610,48.3964199,-89.28961,62,2543
3610,48.3954899,-89.2895999,63,2654
3610,48.39489,-89.28958,64,2713
3610,48.39485,-89.28961,65,2721
3610,48.3938899,-89.2895999,66,2835
3610,48.39286,-89.2895999,67,2946
3610,48.39261,-89.28967,68,2972
3610,48.3925699,-89.2896299,69,2979
3610,48.39161,-89.2895999,70,3085
3610,48.39051,-89.28968,71,3197
3610,48.38931,-89.28962,72,3339
3610,48.38846,-89.2895999,73,3426
3610,48.38762,-89.2896,74,3519
3610,48.38681,-89.28962,75,3619
3610,48.3859,-89.28961,76,3720
3610,48.38536,-89.2895999,77,3775
3610,48.38453,-89.28959,78,3888
3610,48.38362,-89.2895999,79,4002
3610,48.38327,-89.2895999,80,4032
3610,48.38228,-89.2895999,81,4150
3610,48.38155,-89.2896,82,4224
3610,48.38065,-89.28962,83,4324
3610,48.38014,-89.28961,84,4375
3610,48.3792,-89.2895999,85,4488
3610,48.37826,-89.28961,86,4583
3610,48.3772,-89.2895999,87,4683
3610,48.3764,-89.2896,88,4799
3610,48.37637,-89.28962,89,4805
3610,48.37543,-89.28958,90,4915
3610,48.37569,-89.28967,91,4968
3610,48.3745199,-89.28955,92,4975
3610,48.3744599,-89.2895599,93,4982
3610,48.3743599,-89.2895299,94,4991
3610,48.3743199,-89.28949,95,4998
3610,48.3742599,-89.2893699,96,5008
3610,48.37424,-89.28928,97,5015
3610,48.37428,-89.2878299,98,5124
3610,48.37427,-89.2864199,99,5233
3610,48.37428,-89.2860799,100,5248
3610,48.37427,-89.28607,101,5279
3610,48.3742899,-89.28601,102,5287
3610,48.37428,-89.28466,103,5391
3610,48.37431,-89.28201,104,5580
3610,48.3742899,-89.2798,105,5737
3610,48.37426,-89.27905,106,5785
3610,48.37427,-89.2789899,107,5792
3610,48.3742599,-89.27894,108,5799
3610,48.3742599,-89.2772,109,5933
3610,48.37419,-89.27521,110,6079
3610,48.3742299,-89.2750499,111,6085
3610,48.37424,-89.27363,112,6195
3610,48.37424,-89.2733099,113,6210
3610,48.37418,-89.27327,114,6245
3610,48.3742199,-89.2731199,115,6253
3610,48.37419,-89.27204,116,6356
3610,48.37424,-89.2696399,117,6528
3610,48.37431,-89.26858,118,6603
3610,48.37431,-89.26858,119,6611
3610,48.3743,-89.26851,120,6619
3610,48.3743199,-89.26709,121,6722
3610,48.37431,-89.2666,122,6757
3610,48.37432,-89.26596,123,6800
3610,48.3743,-89.26579,124,6809
3610,48.37431,-89.26465,125,6894
3610,48.37431,-89.2629799,126,6996
3610,48.37432,-89.26216,127,7079
3610,48.3743,-89.26207,128,7086
3610,48.3743,-89.26195,129,7097
3610,48.37431,-89.26188,130,7104
3610,48.3743199,-89.25975,131,7261
3610,48.37432,-89.25922,132,7295
3610,48.37428,-89.25928,133,7303
3610,48.3743199,-89.25784,134,7411
3610,48.37431,-89.2564799,135,7514
3610,48.37431,-89.2548999,136,7633
3610,48.37431,-89.25414,137,7677
3610,48.37431,-89.2541499,138,7683
3610,48.3743199,-89.25269,139,7792
3610,48.37431,-89.25186,140,7848
3610,48.3743,-89.2518199,141,7855
3610,48.3743299,-89.2512299,142,7902
3610,48.37441,-89.25108,143,7917
3610,48.37506,-89.25037,144,8030
3610,48.3751399,-89.25035,145,8040
3610,48.37591,-89.2496199,146,8143
3610,48.3760899,-89.24944,147,8168
3610,48.37614,-89.24941,148,8175
3610,48.37666,-89.24885,149,8275
3610,48.37766,-89.2479,150,8385
3610,48.37775,-89.24782,151,8391
3610,48.3786199,-89.24772,152,8494
3610,48.37907,-89.24766,153,8561
3610,48.38022,-89.24772,154,8664
3610,48.38062,-89.24768,155,8727
3610,48.38081,-89.2476499,156,8744
3610,48.3808499,-89.24753,157,8750
3610,48.3808499,-89.2467899,158,8806
3610,48.3808599,-89.24672,159,8812
3610,48.3808899,-89.2466599,160,8819
3610,48.38098,-89.24659,161,8832
3610,48.38192,-89.2465699,162,8937
3610,48.38247,-89.24602,163,8976
3611,48.38247,-89.24602,0,0
3611,48.38192,-89.2455199,1,11
3611,48.38103,-89.2455099,2,110
3611,48.38091,-89.24557,3,130
3611,48.38088,-89.2456499,4,136
3611,48.38087,-89.24572,5,143
3611,48.3808599,-89.24644,6,189
3611,48.38091,-89.2465999,7,200
3611,48.3809899,-89.24664,8,208
3611,48.3820699,-89.2465999,9,328
3611,48.38232,-89.24659,10,355
3611,48.38245,-89.24662,11,368
3611,48.38251,-89.24677,12,383
3611,48.38249,-89.24825,13,493
3611,48.38256,-89.24942,14,575
3611,48.3825299,-89.2495499,15,585
3611,48.38248,-89.25114,16,706
3611,48.38256,-89.25182,17,747
3611,48.38254,-89.25184,18,755
3611,48.38248,-89.2544699,19,952
3611,48.38248,-89.25591,20,1053
3611,48.38249,-89.2565099,21,1099
3611,48.3824599,-89.2566099,22,1108
3611,48.3823999,-89.2566799,23,1117
3611,48.38123,-89.25678,24,1253
3611,48.38094,-89.25669,25,1266
3611,48.38008,-89.2566799,26,1367
3611,48.3791199,-89.2566699,27,1467
3611,48.3782899,-89.2566699,28,1567
3611,48.37781,-89.25672,29,1636
3611,48.37671,-89.25666,30,1738
3611,48.37615,-89.25672,31,1811
3611,48.37484,-89.25666,32,1929
3611,48.37441,-89.2566699,33,1970
3611,48.37437,-89.25675,34,1980
3611,48.37434,-89.25685,35,1986
3611,48.37441,-89.25764,36,2065
3611,48.3743899,-89.25767,37,2073
3611,48.3743499,-89.2590699,38,2177
3611,48.37434,-89.25938,39,2196
3611,48.37441,-89.25984,40,2232
3611,48.3743599,-89.2601,41,2243
3611,48.3743299,-89.2613699,42,2341
3611,48.37428,-89.2614299,43,2348
3611,48.37333,-89.26146,44,2461
3611,48.37237,-89.26145,45,2563
3611,48.37181,-89.26151,46,2624
3611,48.3708499,-89.26146,47,2732
3611,48.3699299,-89.2614399,48,2841
3611,48.3695999,-89.26145,49,2870
3611,48.36875,-89.26153,50,2974
3611,48.36843,-89.26145,51,2982
3611,48.36836,-89.26155,52,2990
3611,48.3683499,-89.26162,53,2996
3611,48.36837,-89.2630099,54,3104
3611,48.36842,-89.26436,55,3214
3611,48.36839,-89.26443,56,3222
3611,48.3683499,-89.26598,57,3341
3611,48.36836,-89.26729,58,3446
3611,48.3684,-89.26763,59,3484
3611,48.3684099,-89.26766,60,3491
3611,48.36837,-89.2694,61,3616
3611,48.3683799,-89.26963,62,3638
3611,48.36837,-89.2697399,63,3646
3611,48.36842,-89.26991,64,3668
3611,48.36836,-89.27024,65,3675
3611,48.3683499,-89.2715799,66,3773
3611,48.36836,-89.27275,67,3855
3611,48.36833,-89.2728199,68,3861
3611,48.3683,-89.2728599,69,3868
3611,48.36803,-89.27294,70,3917
3611,48.3679899,-89.27291,71,3925
3611,48.3670399,-89.27288,72,4035
3611,48.36606,-89.27287,73,4141
3611,48.3659499,-89.27288,74,4148
3611,48.36565,-89.27293,75,4175
3611,48.36515,-89.2728899,76,4209
3611,48.36509,-89.27298,77,4219
3611,48.3650999,-89.2736099,78,4271
3611,48.36515,-89.27391,79,4308
3611,48.36509,-89.2743999,80,4344
3611,48.36516,-89.27557,81,4445
3611,48.36511,-89.2758,82,4458
3611,48.36509,-89.27723,83,4570
3611,48.36516,-89.27816,84,4631
3611,48.36512,-89.2782999,85,4643
3611,48.3650999,-89.2801099,86,4779
3611,48.3650999,-89.28135,87,4867
3611,48.36512,-89.28147,88,4875
3611,48.36512,-89.2818,89,4899
3611,48.36516,-89.28197,90,4926
3611,48.3650999,-89.2823099,91,4942
3611,48.36515,-89.28366,92,5046
3611,48.36511,-89.2855899,93,5173
3611,48.36516,-89.28573,94,5198
3611,48.3651299,-89.28577,95,5204
3611,48.36509,-89.28709,96,5305
3611,48.36515,-89.28841,97,5402
3611,48.3650999,-89.28879,98,5427
3611,48.36511,-89.28886,99,5435
3611,48.3650999,-89.2895599,100,5490
3611,48.3650699,-89.2895999,101,5498
3611,48.3649699,-89.2896599,102,5505
3611,48.36423,-89.28956,103,5604
3611,48.36335,-89.28952,104,5704
3611,48.3623399,-89.28952,105,5813
3611,48.3620499,-89.28951,106,5840
3611,48.36112,-89.28952,107,5949
3611,48.3601499,-89.2894999,108,6050
3611,48.3596199,-89.28955,109,6114
3611,48.35908,-89.2898599,110,6183
3611,48.3586299,-89.2904499,111,6245
3611,48.35846,-89.29108,112,6308
3611,48.3582699,-89.29136,113,6315
3611,48.3578499,-89.2925199,114,6411
3611,48.35737,-89.29382,115,6527
3611,48.35711,-89.29479,116,6616
3611,48.35695,-89.29507,117,6632
3611,48.3568999,-89.29543,118,6656
3611,48.3568899,-89.2963599,119,6721
3611,48.35698,-89.2971,120,6793
3611,48.3568999,-89.29742,121,6801
3611,48.35691,-89.2987899,122,6907
3611,48.35691,-89.30002,123,6992
3611,48.35697,-89.30087,124,7077
3611,48.3569199,-89.3012799,125,7086
3611,48.3569199,-89.30268,126,7189
3611,48.3569299,-89.30402,127,7291
3611,48.3569299,-89.3055,128,7394
3611,48.35694,-89.3059,129,7421
3611,48.35698,-89.30602,130,7432
3611,48.35708,-89.3060799,131,7444
3611,48.35715,-89.30594,132,7467
3611,48.35744,-89.30605,133,7473
3611,48.3591899,-89.30603,134,7666
3611,48.36012,-89.30605,135,7769
3611,48.3602099,-89.30616,136,7782
3611,48.36023,-89.3063099,137,7792
3611,48.3602099,-89.3069999,138,7838
3611,48.36002,-89.3083,139,7938
3611,48.35983,-89.30948,140,8033
3611,48.3593899,-89.31184,141,8214
3611,48.3590899,-89.31269,142,8286
3611,48.35865,-89.3134299,143,8362
3611,48.35825,-89.31384,144,8411
3611,48.3578399,-89.31411,145,8464
3611,48.35546,-89.31429,146,8730
3611,48.35468,-89.31429,147,8811
3611,48.35375,-89.3143,148,8913
3611,48.35306,-89.3143499,149,8994
3611,48.35291,-89.3144399,150,9007
3611,48.3528299,-89.31453,151,9019
3611,48.35278,-89.3147,152,9032
3611,48.35278,-89.31485,153,9045
3611,48.35352,-89.31876,154,9365
3611,48.3535099,-89.3187499,155,9371
3611,48.35372,-89.3202599,156,9492
3611,48.35385,-89.32136,157,9565
3611,48.35392,-89.3226899,158,9665
3611,48.35395,-89.32402,159,9762
3611,48.35405,-89.32469,160,9834
3611,48.3540999,-89.3268899,161,9969
3611,48.3542,-89.32822,162,10094
3611,48.3541699,-89.3285899,163,10103
3611,48.3542399,-89.33006,164,10214
3611,48.3543,-89.33036,165,10242
3611,48.3542699,-89.33072,166,10256
3611,48.3543399,-89.33222,167,10367
3611,48.35442,-89.33302,168,10445
3611,48.3544699,-89.33468,169,10552
3611,48.35472,-89.33603,170,10648
3611,48.35507,-89.3375499,171,10772
3611,48.3551,-89.33765,172,10799
3611,48.3551199,-89.3377,173,10808
3611,48.35513,-89.33783,174,10820
3611,48.3554499,-89.3392299,175,10937
3611,48.35576,-89.3406099,176,11037
3611,48.35593,-89.34124,177,11102
3611,48.35623,-89.3427399,178,11205
3611,48.35656,-89.34397,179,11324
3611,48.35685,-89.3455299,180,11427
3611,48.3569899,-89.3462,181,11488
3611,48.357,-89.3476299,182,11589
3611,48.35695,-89.349,183,11697
3611,48.35697,-89.3493,184,11735
3611,48.35695,-89.35089,185,11835
3611,48.3569199,-89.35097,186,11843
3611,48.35688,-89.35103,187,11850
3611,48.35655,-89.3510799,188,11886
3611,48.35641,-89.35116,189,11901
3611,48.35596,-89.3516699,190,11965
3611,48.3556499,-89.3517699,191,12003
3611,48.3554799,-89.3517699,192,12014
3611,48.3551599,-89.35163,193,12058
3611,48.35501,-89.3514999,194,12075
3611,48.35449,-89.3507199,195,12157
3611,48.3541699,-89.3505499,196,12195
3611,48.35385,-89.35054,197,12232
3611,48.35353,-89.3506799,198,12269
3611,48.3533799,-89.3508099,199,12285
3611,48.35311,-89.35125,200,12327
3611,48.35303,-89.35158,201,12352
3611,48.3529899,-89.35329,202,12480
3611,48.35294,-89.3534799,203,12494
3611,48.35281,-89.35373,204,12518
3611,48.3526199,-89.35389,205,12541
3611,48.35255,-89.35392,206,12551
3611,48.35114,-89.35398,207,12708
3611,48.3508199,-89.35409,208,12741
3611,48.3499999,-89.35464,209,12841
3611,48.34906,-89.3555799,210,12973
3611,48.34857,-89.35588,211,13028
3611,48.34792,-89.3559999,212,13104
3611,48.34779,-89.3559699,213,13113
3611,48.34765,-89.35589,214,13131
3611,48.34749,-89.35573,215,13156
3611,48.34739,-89.3555,216,13177
3611,48.34733,-89.35497,217,13215
3611,48.3472099,-89.3546299,218,13242
3611,48.3472099,-89.35455,219,13248
3611,48.34723,-89.35441,220,13256
3611,48.34725,-89.35435,221,13262
3611,48.3472799,-89.3542899,222,13268
3611,48.34735,-89.3542299,223,13276
3611,48.34731,-89.35428,224,13301
3611,48.3474399,-89.3545899,225,13307
3611,48.34736,-89.3550199,226,13341
3611,48.3473799,-89.3553499,227,13365
3611,48.34748,-89.35565,228,13390
3611,48.3475999,-89.35582,229,13410
3611,48.3477299,-89.35592,230,13426
3611,48.3478999,-89.35598,231,13442
3611,48.34858,-89.3558399,232,13520
3611,48.3491499,-89.3554499,233,13584
3611,48.34996,-89.35461,234,13695
3611,48.35078,-89.35402,235,13800
3611,48.35229,-89.35386,236,13967
3611,48.35258,-89.3538699,237,14001
3611,48.3527299,-89.35378,238,14016
3611,48.3528499,-89.3536099,239,14032
3611,48.3529,-89.3535,240,14043
3611,48.3529599,-89.35329,241,14058
3611,48.35297,-89.35182,242,14167
3611,48.3530199,-89.3514399,243,14196
3611,48.3531499,-89.3511099,244,14226
3611,48.3534,-89.35074,245,14266
3611,48.3536399,-89.3505599,246,14295
3611,48.3538099,-89.3504899,247,14312
3611,48.3540699,-89.35048,248,14339
3611,48.3543999,-89.3506,249,14378
3611,48.35461,-89.3508,250,14405
3611,48.3549299,-89.3513799,251,14460
3611,48.35511,-89.35158,252,14489
3611,48.35527,-89.35169,253,14512
3611,48.3556399,-89.35172,254,14546
3611,48.356,-89.35159,255,14586
3611,48.35641,-89.35112,256,14643
3611,48.3565599,-89.35103,257,14659
3611,48.3568299,-89.3510099,258,14686
3611,48.3569299,-89.35103,259,14699
3611,48.35698,-89.35113,260,14709
3611,48.357,-89.35122,261,14718
3611,48.35703,-89.35161,262,14766
3611,48.3570199,-89.35199,263,14781
3611,48.3571599,-89.3534799,264,14891
3611,48.35727,-89.35478,265,14991
3611,48.35733,-89.35497,266,15016
3611,48.35744,-89.35671,267,15121
3611,48.35755,-89.35741,268,15205
3611,48.35753,-89.35785,269,15216
3611,48.3576499,-89.35923,270,15320
3611,48.35777,-89.36064,271,15423
3611,48.35786,-89.36105,272,15480
3611,48.3579399,-89.36281,273,15587
3611,48.3580799,-89.3643,274,15703
3611,48.35819,-89.3657899,275,15810
3611,48.35828,-89.36584,276,15843
3611,48.35825,-89.36629,277,15861
3611,48.3583699,-89.3676899,278,15966
3611,48.35849,-89.3690999,279,16073
3611,48.35862,-89.3705,280,16173
3611,48.35879,-89.37172,281,16280
3611,48.35888,-89.3733999,282,16385
3611,48.35901,-89.37483,283,16483
3611,48.35914,-89.37623,284,16600
3611,48.35924,-89.37743,285,16680
3611,48.35938,-89.3788799,286,16796
3611,48.3595199,-89.3803199,287,16895
3611,48.35966,-89.38176,288,17012
3611,48.35988,-89.38305,289,17111
3611,48.3598099,-89.38342,290,17129
3611,48.3599499,-89.3850499,291,17245
3611,48.36007,-89.38641,292,17349
3611,48.3602,-89.38783,293,17450
3611,48.36026,-89.38841,294,17489
3611,48.3602699,-89.38845,295,17495
3611,48.3603,-89.38851,296,17502
3611,48.36042,-89.38859,297,17515
3611,48.36049,-89.38861,298,17525
3611,48.36137,-89.38858,299,17625
3611,48.36234,-89.38849,300,17756
3611,48.3625,-89.3882399,301,17766
3611,48.3624699,-89.3868899,302,17859
3611,48.3624699,-89.3853799,303,17975
3611,48.3624699,-89.3852099,304,17982
3611,48.3624699,-89.3837699,305,18092
3611,48.3624799,-89.3824599,306,18192
3611,48.36242,-89.38168,307,18259
3611,48.3624699,-89.3812799,308,18275
3611,48.36246,-89.37969,309,18387
3611,48.36246,-89.37828,310,18492
3611,48.36241,-89.37736,311,18578
3611,48.3624699,-89.37692,312,18595
3611,48.3624699,-89.37542,313,18703
3611,48.3624699,-89.3739299,314,18818
3611,48.36245,-89.3724799,315,18920
3611,48.36244,-89.3725,316,18941
3611,48.36246,-89.37069,317,19047
3611,48.36246,-89.36938,318,19147
3611,48.36242,-89.36828,319,19246
3611,48.36245,-89.3667299,320,19348
3611,48.36245,-89.3652299,321,19458
3611,48.36245,-89.36472,322,19488
3611,48.3624399,-89.36328,323,19599
3611,48.36243,-89.36187,324,19704
3611,48.36242,-89.36128,325,19766
3611,48.3624399,-89.3596499,326,19868
3611,48.36245,-89.35821,327,19979
3611,48.3624399,-89.35677,328,20082
3611,48.3624399,-89.3553,329,20194
3611,48.36245,-89.3538699,330,20295
3611,48.36248,-89.35291,331,20365
3611,48.36245,-89.3507199,332,20509
3611,48.3624399,-89.3491699,333,20622
3611,48.36246,-89.3477899,334,20727
3611,48.36246,-89.3463,335,20835
3611,48.3624699,-89.346,336,20855
3611,48.36249,-89.3459299,337,20861
3611,48.36259,-89.3458599,338,20872
3611,48.3628,-89.34583,339,20912
3611,48.3644099,-89.3458899,340,21066
3611,48.3657199,-89.3458899,341,21211
3611,48.36706,-89.34588,342,21363
3611,48.3680899,-89.34584,343,21472
3611,48.36827,-89.3458899,344,21491
3611,48.3683199,-89.3459199,345,21500
3611,48.3684,-89.34608,346,21515
3611,48.3684199,-89.3480899,347,21660
3611,48.36839,-89.34833,348,21677
3611,48.3683499,-89.3484,349,21684
3611,48.36824,-89.3484899,350,21696
3611,48.36692,-89.3484499,351,21845
3611,48.36561,-89.34846,352,21992
3611,48.3653999,-89.34846,353,22013
3611,48.36532,-89.3484899,354,22027
3611,48.36394,-89.34847,355,22178
3611,48.36264,-89.34853,356,22347
3611,48.36246,-89.3488099,357,22357
3611,48.3624699,-89.35043,358,22480
3611,48.3624699,-89.35179,359,22582
3611,48.36251,-89.35252,360,22647
3611,48.3624799,-89.3541999,361,22752
3611,48.3624699,-89.3557,362,22865
3611,48.3624699,-89.35716,363,22971
3611,48.3624799,-89.35829,364,23049
3611,48.36246,-89.3596,365,23156
3611,48.36245,-89.36077,366,23236
3611,48.3624699,-89.36095,367,23247
3611,48.3625099,-89.36101,368,23253
3611,48.36256,-89.3610299,369,23259
3611,48.36355,-89.36097,370,23384
3611,48.3647399,-89.3609899,371,23485
3611,48.36565,-89.36098,372,23588
3611,48.36657,-89.36096,373,23717
3611,48.36768,-89.3609599,374,23822
3611,48.3686099,-89.3609599,375,23928
3611,48.36962,-89.36097,376,24034
3611,48.3706199,-89.36098,377,24146
3611,48.37154,-89.36093,378,24262
3611,48.3726,-89.36097,379,24364
3611,48.37352,-89.36098,380,24467
3611,48.37447,-89.3609,381,24580
3611,48.37477,-89.36098,382,24596
3611,48.37575,-89.3609599,383,24707
3611,48.37683,-89.3609599,384,24821
3611,48.37764,-89.36089,385,24933
3611,48.37881,-89.3609599,386,25047
3611,48.37978,-89.3609599,387,25151
3611,48.38038,-89.36089,388,25242
3611,48.3804599,-89.36095,389,25254
3611,48.3804899,-89.36094,390,25261
3611,48.3807,-89.36095,391,25286
3611,48.3808499,-89.36091,392,25300
3611,48.3809199,-89.3608599,393,25310
3611,48.3810199,-89.3606699,394,25327
3611,48.38121,-89.35939,395,25431
3611,48.3814,-89.35783,396,25549
3611,48.3815499,-89.3564599,397,25635
3611,48.38173,-89.3548199,398,25772
3611,48.38173,-89.35342,399,25881
3611,48.38166,-89.3528799,400,25905
3611,48.38133,-89.35145,401,26022
3611,48.38103,-89.35039,402,26098
3611,48.3808499,-89.3489,403,26208
3611,48.3808199,-89.3472099,404,26332
3611,48.3808199,-89.34613,405,26401
3611,48.3808199,-89.34456,406,26528
3611,48.38083,-89.34302,407,26642
3611,48.38078,-89.34208,408,26709
3611,48.38084,-89.34174,409,26729
3611,48.38083,-89.34033,410,26833
3611,48.38083,-89.33914,411,26917
3611,48.38081,-89.33806,412,27010
3611,48.3808199,-89.3365699,413,27113
3611,48.3808199,-89.33501,414,27226
3611,48.38079,-89.33498,415,27249
3611,48.38081,-89.33334,416,27356
3611,48.3807899,-89.33186,417,27455
3611,48.38075,-89.33131,418,27520
3611,48.3808,-89.32972,419,27626
3611,48.38081,-89.32845,420,27705
3611,48.38083,-89.3269499,421,27825
3611,48.38083,-89.32553,422,27931
3611,48.38084,-89.3241299,423,28035
3611,48.38083,-89.32267,424,28141
3611,48.38079,-89.3221,425,28196
3611,48.38083,-89.3204799,426,28300
3611,48.38084,-89.31899,427,28411
3611,48.38084,-89.31761,428,28514
3611,48.38083,-89.3162499,429,28617
3611,48.3808,-89.31557,430,28672
3611,48.3807899,-89.3139,431,28776
3611,48.38077,-89.31249,432,28886
3611,48.38077,-89.3123099,433,28894
3611,48.3807599,-89.31079,434,29004
3611,48.3807599,-89.3104399,435,29032
3611,48.38077,-89.31036,436,29039
3611,48.3807599,-89.30876,437,29157
3611,48.38074,-89.30845,438,29179
3611,48.38077,-89.3083799,439,29190
3611,48.38078,-89.3068899,440,29302
3611,48.38078,-89.3052899,441,29412
3611,48.38074,-89.30479,442,29440
3611,48.38074,-89.30321,443,29540
3611,48.3807299,-89.3018799,444,29640
3611,48.38074,-89.30048,445,29742
3611,48.3807599,-89.29901,446,29855
3611,48.3807599,-89.29752,447,29965
3611,48.38078,-89.29612,448,30084
3611,48.3807599,-89.2947,449,30192
3611,48.38077,-89.29319,450,30298
3611,48.38078,-89.2927,451,30329
3611,48.38078,-89.2925499,452,30340
3611,48.38077,-89.29247,453,30348
3611,48.38077,-89.29112,454,30449
3611,48.38077,-89.2897599,455,30543
3611,48.3807599,-89.2896899,456,30549
3611,48.38068,-89.28962,457,30559
3611,48.38014,-89.28961,458,30614
3611,48.3792,-89.2895999,459,30727
3611,48.37826,-89.28961,460,30822
3611,48.3772,-89.2895999,461,30922
3611,48.3764,-89.2896,462,31038
3611,48.37637,-89.28962,463,31044
3611,48.37543,-89.28958,464,31154
3611,48.37569,-89.28967,465,31207
3611,48.3737299,-89.28958,466,31308
3611,48.37279,-89.28968,467,31411
3611,48.37265,-89.28969,468,31439
3611,48.3715699,-89.2897299,469,31544
3611,48.3705799,-89.28971,470,31655
3611,48.3695999,-89.28971,471,31765
3611,48.3695299,-89.28971,472,31774
3611,48.3694699,-89.28968,473,31781
3611,48.36939,-89.2895299,474,31793
3611,48.36939,-89.2881,475,31922
3611,48.36939,-89.28803,476,31930
3611,48.3693999,-89.28797,477,31936
3611,48.3693999,-89.2866499,478,32037
3611,48.36939,-89.28547,479,32143
3611,48.36941,-89.2853599,480,32153
3611,48.36942,-89.2840499,481,32256
3611,48.36942,-89.2835899,482,32282
3611,48.36939,-89.28187,483,32433
3611,48.3692999,-89.2815199,484,32443
3611,48.36919,-89.2815599,485,32454
3611,48.3674899,-89.28157,486,32641
3611,48.36741,-89.28161,487,32676
3611,48.3673699,-89.28163,488,32685
3611,48.36646,-89.28157,489,32789
3611,48.36594,-89.2816,490,32840
3611,48.36583,-89.28163,491,32851
3611,48.36552,-89.28157,492,32887
3611,48.36511,-89.2816199,493,32926
3611,48.36509,-89.28167,494,32933
3611,48.36509,-89.28181,495,32942
3611,48.36516,-89.28197,496,32966
3612,48.36516,-89.28197,0,0
3612,48.3650999,-89.2823099,1,16
3612,48.36515,-89.28366,2,120
3612,48.36511,-89.2855899,3,247
3612,48.36516,-89.28573,4,272
3612,48.3651299,-89.28577,5,278
3612,48.36509,-89.28709,6,379
3612,48.36515,-89.28841,7,476
3612,48.3650999,-89.28879,8,501
3612,48.36511,-89.28886,9,509
3612,48.3650999,-89.2895599,10,564
3612,48.3650699,-89.2895999,11,572
3612,48.3649699,-89.2896599,12,579
3612,48.36423,-89.28956,13,678
3612,48.36335,-89.28952,14,778
3612,48.3623399,-89.28952,15,887
3612,48.3620499,-89.28951,16,914
3612,48.36112,-89.28952,17,1023
3612,48.3601499,-89.2894999,18,1124
3612,48.3596199,-89.28955,19,1188
3612,48.35908,-89.2898599,20,1257
3612,48.3586299,-89.2904499,21,1319
3612,48.35846,-89.29108,22,1382
3612,48.3582699,-89.29136,23,1389
3612,48.3578499,-89.2925199,24,1485
3612,48.35737,-89.29382,25,1601
3612,48.35711,-89.29479,26,1690
3612,48.35695,-89.29507,27,1706
3612,48.3568999,-89.29543,28,1730
3612,48.3568899,-89.2963599,29,1795
3612,48.35698,-89.2971,30,1867
3612,48.3568999,-89.29742,31,1875
3612,48.35691,-89.2987899,32,1981
3612,48.35691,-89.30002,33,2066
3612,48.35697,-89.30087,34,2151
3612,48.3569199,-89.3012799,35,2160
3612,48.3569199,-89.30268,36,2263
3612,48.3569299,-89.30402,37,2365
3612,48.3569299,-89.3055,38,2468
3612,48.35694,-89.3059,39,2495
3612,48.35698,-89.30602,40,2506
3612,48.35708,-89.3060799,41,2518
3612,48.35715,-89.30594,42,2541
3612,48.35744,-89.30605,43,2547
3612,48.3591899,-89.30603,44,2740
3612,48.36012,-89.30605,45,2843
3612,48.3602099,-89.30616,46,2856
3612,48.36023,-89.3063099,47,2866
3612,48.3602099,-89.3069999,48,2912
3612,48.36002,-89.3083,49,3012
3612,48.35983,-89.30948,50,3107
3612,48.3593899,-89.31184,51,3288
3612,48.3590899,-89.31269,52,3360
3612,48.35865,-89.3134299,53,3436
3612,48.35825,-89.31384,54,3485
3612,48.3578399,-89.31411,55,3538
3612,48.35546,-89.31429,56,3804
3612,48.35468,-89.31429,57,3885
3612,48.35375,-89.3143,58,3987
3612,48.35306,-89.3143499,59,4068
3612,48.35291,-89.3144399,60,4081
3612,48.3528299,-89.31453,61,4093
3612,48.35278,-89.3147,62,4106
3612,48.35278,-89.31485,63,4119
3612,48.35352,-89.31876,64,4439
3612,48.3535099,-89.3187499,65,4445
3612,48.35372,-89.3202599,66,4566
3612,48.35385,-89.32136,67,4639
3612,48.35392,-89.3226899,68,4739
3612,48.35395,-89.32402,69,4836
3612,48.35405,-89.32469,70,4908
3612,48.3540999,-89.3268899,71,5043
3612,48.3542,-89.32822,72,5168
3612,48.3541699,-89.3285899,73,5177
3612,48.3542399,-89.33006,74,5288
3612,48.3543,-89.33036,75,5316
3612,48.3542699,-89.33072,76,5330
3612,48.3543399,-89.33222,77,5441
3612,48.35442,-89.33302,78,5519
3612,48.3544699,-89.33468,79,5626
3612,48.35472,-89.33603,80,5722
3612,48.35507,-89.3375499,81,5846
3612,48.3551,-89.33765,82,5873
3612,48.3551199,-89.3377,83,5882
3612,48.35513,-89.33783,84,5894
3612,48.3554499,-89.3392299,85,6011
3612,48.35576,-89.3406099,86,6111
3612,48.35593,-89.34124,87,6176
3612,48.35623,-89.3427399,88,6279
3612,48.35656,-89.34397,89,6398
3612,48.35685,-89.3455299,90,6501
3612,48.3569899,-89.3462,91,6562
3612,48.357,-89.3476299,92,6663
3612,48.35695,-89.349,93,6771
3612,48.35697,-89.3493,94,6809
3612,48.35695,-89.35089,95,6909
3612,48.3569199,-89.35097,96,6917
3612,48.35688,-89.35103,97,6924
3612,48.35655,-89.3510799,98,6960
3612,48.35641,-89.35116,99,6975
3612,48.35596,-89.3516699,100,7039
3612,48.3556499,-89.3517699,101,7077
3612,48.3554799,-89.3517699,102,7088
3612,48.3551599,-89.35163,103,7132
3612,48.35501,-89.3514999,104,7149
3612,48.35449,-89.3507199,105,7231
3612,48.3541699,-89.3505499,106,7269
3612,48.35385,-89.35054,107,7306
3612,48.35353,-89.3506799,108,7343
3612,48.3533799,-89.3508099,109,7359
3612,48.35311,-89.35125,110,7401
3612,48.35303,-89.35158,111,7426
3612,48.3529899,-89.35329,112,7554
3612,48.35294,-89.3534799,113,7568
3612,48.35281,-89.35373,114,7592
3612,48.3526199,-89.35389,115,7615
3612,48.35255,-89.35392,116,7625
3612,48.35114,-89.35398,117,7782
3612,48.3508199,-89.35409,118,7815
3612,48.3499999,-89.35464,119,7915
3612,48.34906,-89.3555799,120,8047
3612,48.34857,-89.35588,121,8102
3612,48.34792,-89.3559999,122,8178
3612,48.34779,-89.3559699,123,8187
3612,48.34765,-89.35589,124,8205
3612,48.34749,-89.35573,125,8230
3612,48.34739,-89.3555,126,8251
3612,48.34733,-89.35497,127,8289
3612,48.3472099,-89.3546299,128,8316
3612,48.3472099,-89.35455,129,8322
3612,48.34723,-89.35441,130,8330
3612,48.34725,-89.35435,131,8336
3612,48.3472799,-89.3542899,132,8342
3612,48.34735,-89.3542299,133,8350
3612,48.34731,-89.35428,134,8375
3612,48.3474399,-89.3545899,135,8381
3612,48.34736,-89.3550199,136,8415
3612,48.3473799,-89.3553499,137,8439
3612,48.34748,-89.35565,138,8464
3612,48.3475999,-89.35582,139,8484
3612,48.3477299,-89.35592,140,8500
3612,48.3478999,-89.35598,141,8516
3612,48.34858,-89.3558399,142,8594
3612,48.3491499,-89.3554499,143,8658
3612,48.34996,-89.35461,144,8769
3612,48.35078,-89.35402,145,8874
3612,48.35229,-89.35386,146,9041
3612,48.35258,-89.3538699,147,9075
3612,48.3527299,-89.35378,148,9090
3612,48.3528499,-89.3536099,149,9106
3612,48.3529,-89.3535,150,9117
3612,48.3529599,-89.35329,151,9132
3612,48.35297,-89.35182,152,9241
3612,48.3530199,-89.3514399,153,9270
3612,48.3531499,-89.3511099,154,9300
3612,48.3534,-89.35074,155,9340
3612,48.3536399,-89.3505599,156,9369
3612,48.3538099,-89.3504899,157,9386
3612,48.3540699,-89.35048,158,9413
3612,48.3543999,-89.3506,159,9452
3612,48.35461,-89.3508,160,9479
3612,48.3549299,-89.3513799,161,9534
3612,48.35511,-89.35158,162,9563
3612,48.35527,-89.35169,163,9586
3612,48.3556399,-89.35172,164,9620
3612,48.356,-89.35159,165,9660
3612,48.35641,-89.35112,166,9717
3612,48.3565599,-89.35103,167,9733
3612,48.3568299,-89.3510099,168,9760
3612,48.3569299,-89.35103,169,9773
3612,48.35698,-89.35113,170,9783
3612,48.357,-89.35122,171,9792
3612,48.35703,-89.35161,172,9840
3612,48.3570199,-89.35199,173,9855
3612,48.3571599,-89.3534799,174,9965
3612,48.35727,-89.35478,175,10065
3612,48.35733,-89.35497,176,10090
3612,48.35744,-89.35671,177,10195
3612,48.35755,-89.35741,178,10279
3612,48.35753,-89.35785,179,10290
3612,48.3576499,-89.35923,180,10394
3612,48.35777,-89.36064,181,10497
3612,48.35786,-89.36105,182,10554
3612,48.3579399,-89.36281,183,10661
3612,48.3580799,-89.3643,184,10777
3612,48.35819,-89.3657899,185,10884
3612,48.35828,-89.36584,186,10917
3612,48.35825,-89.36629,187,10935
3612,48.3583699,-89.3676899,188,11040
3612,48.35849,-89.3690999,189,11147
3612,48.35862,-89.3705,190,11247
3612,48.35879,-89.37172,191,11354
3612,48.35888,-89.3733999,192,11459
3612,48.35901,-89.37483,193,11557
3612,48.35914,-89.37623,194,11674
3612,48.35924,-89.37743,195,11754
3612,48.35938,-89.3788799,196,11870
3612,48.3595199,-89.3803199,197,11969
3612,48.35966,-89.38176,198,12086
3612,48.35988,-89.38305,199,12185
3612,48.3598099,-89.38342,200,12203
3612,48.3599499,-89.3850499,201,12319
3612,48.36007,-89.38641,202,12423
3612,48.3602,-89.38783,203,12524
3612,48.36026,-89.38841,204,12563
3612,48.3602699,-89.38845,205,12569
3612,48.3603,-89.38851,206,12576
3612,48.36042,-89.38859,207,12589
3612,48.36049,-89.38861,208,12599
3612,48.36137,-89.38858,209,12699
3612,48.36234,-89.38849,210,12830
3612,48.3625,-89.3882399,211,12840
3612,48.3624699,-89.3868899,212,12933
3612,48.3624699,-89.3853799,213,13049
3612,48.3624699,-89.3852099,214,13056
3612,48.3624699,-89.3837699,215,13166
3612,48.3624799,-89.3824599,216,13266
3612,48.36242,-89.38168,217,13333
3612,48.3624699,-89.3812799,218,13349
3612,48.36246,-89.37969,219,13461
3612,48.36246,-89.37828,220,13566
3612,48.36241,-89.37736,221,13652
3612,48.3624699,-89.37692,222,13669
3612,48.3624699,-89.37542,223,13777
3612,48.3624699,-89.3739299,224,13892
3612,48.36245,-89.3724799,225,13994
3612,48.36244,-89.3725,226,14015
3612,48.36246,-89.37069,227,14121
3612,48.36246,-89.36938,228,14221
3612,48.36242,-89.36828,229,14320
3612,48.36245,-89.3667299,230,14422
3612,48.36245,-89.3652299,231,14532
3612,48.36245,-89.36472,232,14562
3612,48.3624399,-89.36328,233,14673
3612,48.36243,-89.36187,234,14778
3612,48.36242,-89.36128,235,14840
3612,48.3624399,-89.3596499,236,14942
3612,48.36245,-89.35821,237,15053
3612,48.3624399,-89.35677,238,15156
3612,48.3624399,-89.3553,239,15268
3612,48.36245,-89.3538699,240,15369
3612,48.36248,-89.35291,241,15439
3612,48.36245,-89.3507199,242,15583
3612,48.3624399,-89.3491699,243,15696
3612,48.36246,-89.3477899,244,15801
3612,48.36246,-89.3463,245,15909
3612,48.3624699,-89.346,246,15929
3612,48.36249,-89.3459299,247,15935
3612,48.36259,-89.3458599,248,15946
3612,48.3628,-89.34583,249,15986
3612,48.3644099,-89.3458899,250,16140
3612,48.3657199,-89.3458899,251,16285
3612,48.36706,-89.34588,252,16437
3612,48.3680899,-89.34584,253,16546
3612,48.36827,-89.3458899,254,16565
3612,48.3683199,-89.3459199,255,16574
3612,48.3684,-89.34608,256,16589
3612,48.3684199,-89.3480899,257,16734
3612,48.36839,-89.34833,258,16751
3612,48.3683499,-89.3484,259,16758
3612,48.36824,-89.3484899,260,16770
3612,48.36692,-89.3484499,261,16919
3612,48.36561,-89.34846,262,17066
3612,48.3653999,-89.34846,263,17087
3612,48.36532,-89.3484899,264,17101
3612,48.36394,-89.34847,265,17252
3612,48.36264,-89.34853,266,17421
3612,48.36246,-89.3488099,267,17431
3612,48.3624699,-89.35043,268,17554
3612,48.3624699,-89.35179,269,17656
3612,48.36251,-89.35252,270,17721
3612,48.3624799,-89.3541999,271,17826
3612,48.3624699,-89.3557,272,17939
3612,48.3624699,-89.35716,273,18045
3612,48.3624799,-89.35829,274,18123
3612,48.36246,-89.3596,275,18230
3612,48.36245,-89.36077,276,18310
3612,48.3624699,-89.36095,277,18321
3612,48.3625099,-89.36101,278,18327
3612,48.36256,-89.3610299,279,18333
3612,48.36355,-89.36097,280,18458
3612,48.3647399,-89.3609899,281,18559
3612,48.36565,-89.36098,282,18662
3612,48.36657,-89.36096,283,18791
3612,48.36768,-89.3609599,284,18896
3612,48.3686099,-89.3609599,285,19002
3612,48.36962,-89.36097,286,19108
3612,48.3706199,-89.36098,287,19220
3612,48.37154,-89.36093,288,19336
3612,48.3726,-89.36097,289,19438
3612,48.37352,-89.36098,290,19541
3612,48.37447,-89.3609,291,19654
3612,48.37477,-89.36098,292,19670
3612,48.37575,-89.3609599,293,19781
3612,48.37683,-89.3609599,294,19895
3612,48.37764,-89.36089,295,20007
3612,48.37881,-89.3609599,296,20121
3612,48.37978,-89.3609599,297,20225
3612,48.38038,-89.36089,298,20316
3612,48.3804599,-89.36095,299,20328
3612,48.3804899,-89.36094,300,20335
3612,48.3807,-89.36095,301,20360
3612,48.3808499,-89.36091,302,20374
3612,48.3809199,-89.3608599,303,20384
3612,48.3810199,-89.3606699,304,20401
3612,48.38121,-89.35939,305,20505
3612,48.3814,-89.35783,306,20623
3612,48.3815499,-89.3564599,307,20709
3612,48.38173,-89.3548199,308,20846
3612,48.38173,-89.35342,309,20955
3612,48.38166,-89.3528799,310,20979
3612,48.38133,-89.35145,311,21096
3612,48.38103,-89.35039,312,21172
3612,48.3808499,-89.3489,313,21282
3612,48.3808199,-89.3472099,314,21406
3612,48.3808199,-89.34613,315,21475
3612,48.3808199,-89.34456,316,21602
3612,48.38083,-89.34302,317,21716
3612,48.38078,-89.34208,318,21783
3612,48.38084,-89.34174,319,21803
3612,48.38083,-89.34033,320,21907
3612,48.38083,-89.33914,321,21991
3612,48.38081,-89.33806,322,22084
3612,48.3808199,-89.3365699,323,22187
3612,48.3808199,-89.33501,324,22300
3612,48.38079,-89.33498,325,22323
3612,48.38081,-89.33334,326,22430
3612,48.3807899,-89.33186,327,22529
3612,48.38075,-89.33131,328,22594
3612,48.3808,-89.32972,329,22700
3612,48.38081,-89.32845,330,22779
3612,48.38083,-89.3269499,331,22899
3612,48.38083,-89.32553,332,23005
3612,48.38084,-89.3241299,333,23109
3612,48.38083,-89.32267,334,23215
3612,48.38079,-89.3221,335,23270
3612,48.38083,-89.3204799,336,23374
3612,48.38084,-89.31899,337,23485
3612,48.38084,-89.31761,338,23588
3612,48.38083,-89.3162499,339,23691
3612,48.3808,-89.31557,340,23746
3612,48.3807899,-89.3139,341,23850
3612,48.38077,-89.31249,342,23960
3612,48.38077,-89.3123099,343,23968
3612,48.3807599,-89.31079,344,24078
3612,48.3807599,-89.3104399,345,24106
3612,48.38077,-89.31036,346,24113
3612,48.3807599,-89.30876,347,24231
3612,48.38074,-89.30845,348,24253
3612,48.38077,-89.3083799,349,24264
3612,48.38078,-89.3068899,350,24376
3612,48.38078,-89.3052899,351,24486
3612,48.38074,-89.30479,352,24514
3612,48.38074,-89.30321,353,24614
3612,48.3807299,-89.3018799,354,24714
3612,48.38074,-89.30048,355,24816
3612,48.3807599,-89.29901,356,24929
3612,48.3807599,-89.29752,357,25039
3612,48.38078,-89.29612,358,25158
3612,48.3807599,-89.2947,359,25266
3612,48.38077,-89.29319,360,25372
3612,48.38078,-89.2927,361,25403
3612,48.38078,-89.2925499,362,25414
3612,48.38077,-89.29247,363,25422
3612,48.38077,-89.29112,364,25523
3612,48.38077,-89.2897599,365,25617
3612,48.3807599,-89.2896899,366,25623
3612,48.38068,-89.28962,367,25633
3612,48.38014,-89.28961,368,25688
3612,48.3792,-89.2895999,369,25801
3612,48.37826,-89.28961,370,25896
3612,48.3772,-89.2895999,371,25996
3612,48.3764,-89.2896,372,26112
3612,48.37637,-89.28962,373,26118
3612,48.37543,-89.28958,374,26228
3612,48.37569,-89.28967,375,26281
3612,48.3737299,-89.28958,376,26382
3612,48.37279,-89.28968,377,26485
3612,48.37265,-89.28969,378,26513
3612,48.3715699,-89.2897299,379,26618
3612,48.3705799,-89.28971,380,26729
3612,48.3695999,-89.28971,381,26839
3612,48.3695299,-89.28971,382,26848
3612,48.3694699,-89.28968,383,26855
3612,48.36939,-89.2895299,384,26867
3612,48.36939,-89.2881,385,26996
3612,48.36939,-89.28803,386,27004
3612,48.3693999,-89.28797,387,27010
3612,48.3693999,-89.2866499,388,27111
3612,48.36939,-89.28547,389,27217
3612,48.36941,-89.2853599,390,27227
3612,48.36942,-89.2840499,391,27330
3612,48.36942,-89.2835899,392,27356
3612,48.36939,-89.28187,393,27507
3612,48.3692999,-89.2815199,394,27517
3612,48.36919,-89.2815599,395,27528
3612,48.3674899,-89.28157,396,27715
3612,48.36741,-89.28161,397,27750
3612,48.3673699,-89.28163,398,27759
3612,48.36646,-89.28157,399,27863
3612,48.36594,-89.2816,400,27914
3612,48.36583,-89.28163,401,27925
3612,48.36552,-89.28157,402,27961
3612,48.36511,-89.2816199,403,28000
3612,48.36509,-89.28167,404,28007
3612,48.36509,-89.28181,405,28016
3612,48.36516,-89.28197,406,28040
3613,48.40349,-89.2433,0,0
3613,48.4032399,-89.2433799,1,19
3613,48.40313,-89.24333,2,29
3613,48.40289,-89.24222,3,112
3613,48.4028,-89.24215,4,121
3613,48.40192,-89.24209,5,222
3613,48.4016999,-89.2420299,6,242
3613,48.40166,-89.2420299,7,248
3613,48.40159,-89.2420999,8,255
3613,48.4014099,-89.2432799,9,351
3613,48.4008499,-89.24442,10,454
3613,48.4006799,-89.2447899,11,486
3613,48.4006199,-89.24533,12,519
3613,48.40066,-89.24536,13,526
3613,48.4007199,-89.24544,14,537
3613,48.40166,-89.24544,15,640
3613,48.40256,-89.24544,16,740
3613,48.4028,-89.24541,17,765
3613,48.40284,-89.24544,18,773
3613,48.4037399,-89.2454499,19,877
3613,48.40467,-89.24542,20,979
3613,48.40581,-89.2454499,21,1099
3613,48.40674,-89.24543,22,1202
3613,48.40762,-89.2454499,23,1306
3613,48.40864,-89.24546,24,1417
3613,48.40922,-89.24546,25,1474
3613,48.4092199,-89.24547,26,1481
3613,48.41011,-89.2454799,27,1585
3613,48.41061,-89.24543,28,1631
3613,48.4109199,-89.24543,29,1669
3613,48.41177,-89.24493,30,1776
3613,48.4126999,-89.24435,31,1884
3613,48.41336,-89.2438699,32,1960
3613,48.41344,-89.2438999,33,1968
3613,48.41347,-89.24393,34,1974
3613,48.41351,-89.2439999,35,1980
3613,48.41353,-89.24408,36,1988
3613,48.41347,-89.2454799,37,2090
3613,48.41348,-89.24616,38,2135
3613,48.41341,-89.24708,39,2215
3613,48.41297,-89.24836,40,2321
3613,48.41235,-89.24985,41,2442
3613,48.4119799,-89.2508999,42,2515
3613,48.41193,-89.25128,43,2540
3613,48.41193,-89.2514499,44,2548
3613,48.41192,-89.25234,45,2634
3613,48.4119099,-89.25232,46,2641
3613,48.4119099,-89.25363,47,2741
3613,48.4119099,-89.2550999,48,2849
3613,48.41192,-89.25634,49,2968
3613,48.41185,-89.25675,50,2983
3613,48.41183,-89.25804,51,3071
3613,48.4118099,-89.25814,52,3078
3613,48.4117399,-89.25827,53,3090
3613,48.4116799,-89.2583099,54,3099
3613,48.4108,-89.2583099,55,3203
3613,48.40982,-89.2583199,56,3306
3613,48.40895,-89.25835,57,3419
3613,48.4078999,-89.25834,58,3519
3613,48.4069499,-89.25837,59,3620
3613,48.4058299,-89.25837,60,3746
3613,48.4048799,-89.25836,61,3862
3613,48.40407,-89.25831,62,3928
3613,48.40412,-89.25834,63,3937
3613,48.40312,-89.2583,64,4057
3613,48.40287,-89.2583,65,4073
3613,48.4018599,-89.2583,66,4188
3613,48.40089,-89.2583,67,4298
3613,48.4001,-89.2583499,68,4382
3613,48.4000299,-89.25847,69,4390
3613,48.40007,-89.25935,70,4452
3613,48.40007,-89.2591999,71,4458
3613,48.4000299,-89.26053,72,4563
3613,48.4000199,-89.2619899,73,4667
3613,48.3999899,-89.26306,74,4755
3613,48.39969,-89.2644599,75,4860
3613,48.39932,-89.26578,76,4963
3613,48.3991699,-89.267,77,5055
3613,48.3991699,-89.26717,78,5063
3613,48.39916,-89.26861,79,5168
3613,48.39918,-89.26867,80,5174
3613,48.3992099,-89.26873,81,5180
3613,48.39932,-89.26878,82,5190
3613,48.39988,-89.26877,83,5248
3613,48.40032,-89.26851,84,5295
3613,48.40037,-89.26857,85,5305
3613,48.40047,-89.2686499,86,5318
3613,48.40053,-89.26873,87,5327
3613,48.4005799,-89.26884,88,5336
3613,48.4008,-89.2700699,89,5434
3613,48.4008199,-89.27042,90,5461
3613,48.4009099,-89.27054,91,5471
3613,48.40115,-89.2706899,92,5502
3613,48.40122,-89.27071,93,5511
3613,48.40138,-89.2708599,94,5533
3613,48.4015399,-89.2710899,95,5550
3613,48.4015699,-89.2711199,96,5556
3613,48.40165,-89.2711,97,5565
3613,48.40178,-89.2708599,98,5584
3613,48.40228,-89.2703599,99,5650
3613,48.4023599,-89.27021,100,5666
3613,48.4025199,-89.2697399,101,5703
3613,48.40256,-89.26969,102,5710
3613,48.40297,-89.26967,103,5730
3613,48.4029199,-89.26965,104,5743
3613,48.4029799,-89.26969,105,5753
3613,48.403,-89.2697699,106,5760
3613,48.403,-89.26992,107,5769
3613,48.4029799,-89.27001,108,5775
3613,48.40297,-89.2701999,109,5789
3613,48.40294,-89.2702599,110,5795
3613,48.40284,-89.2702999,111,5808
3613,48.4027199,-89.2702999,112,5823
3613,48.40227,-89.27044,113,5870
3613,48.4020599,-89.2706,114,5897
3613,48.4017299,-89.2710499,115,5945
3613,48.4016699,-89.2711,116,5954
3613,48.40158,-89.2710899,117,5962
3613,48.4015399,-89.27107,118,5968
3613,48.4013699,-89.27084,119,5994
3613,48.4008799,-89.27055,120,6049
3613,48.4008399,-89.2704599,121,6058
3613,48.4008199,-89.2702999,122,6068
3613,48.4008199,-89.27014,123,6082
3613,48.40056,-89.2688,124,6188
3613,48.40051,-89.26867,125,6198
3613,48.4004799,-89.26864,126,6204
3613,48.4003199,-89.26861,127,6221
3613,48.39994,-89.26883,128,6260
3613,48.39932,-89.2688,129,6329
3613,48.39919,-89.2688499,130,6344
3613,48.39915,-89.26907,131,6362
3613,48.3991699,-89.2703999,132,6465
3613,48.39916,-89.27189,133,6571
3613,48.39923,-89.27326,134,6671
3613,48.39928,-89.27405,135,6723
3613,48.39926,-89.27413,136,6731
3613,48.39926,-89.27546,137,6838
3613,48.3993299,-89.27629,138,6895
3613,48.39963,-89.27715,139,6968
3613,48.40017,-89.27832,140,7071
3613,48.4003599,-89.27915,141,7134
3613,48.40037,-89.28025,142,7211
3613,48.40038,-89.2803099,143,7217
3613,48.40038,-89.28036,144,7223
3613,48.40037,-89.2804399,145,7232
3613,48.40038,-89.2818499,146,7337
3613,48.40037,-89.28217,147,7357
3613,48.40038,-89.28369,148,7457
3613,48.40037,-89.2853999,149,7596
3613,48.40038,-89.2869,150,7696
3613,48.40038,-89.28698,151,7705
3613,48.4003899,-89.28706,152,7712
3613,48.4003599,-89.2875299,153,7744
3613,48.40037,-89.28767,154,7756
3613,48.40033,-89.28813,155,7790
3613,48.40021,-89.28859,156,7826
3613,48.4000199,-89.28899,157,7863
3613,48.3996699,-89.28938,158,7913
3613,48.39929,-89.2895699,159,7957
3613,48.39888,-89.2896,160,7995
3613,48.39887,-89.28961,161,8002
3613,48.3978599,-89.2895999,162,8121
3613,48.3969,-89.2895999,163,8226
3613,48.39646,-89.28959,164,8267
3613,48.3964199,-89.28961,165,8273
3613,48.3954899,-89.2895999,166,8384
3613,48.39489,-89.28958,167,8443
3613,48.39485,-89.28961,168,8451
3613,48.3938899,-89.2895999,169,8565
3613,48.39286,-89.2895999,170,8676
3613,48.39261,-89.28967,171,8702
3613,48.3925699,-89.2896299,172,8709
3613,48.39161,-89.2895999,173,8815
3613,48.39051,-89.28968,174,8927
3613,48.38931,-89.28962,175,9069
3613,48.38846,-89.2895999,176,9156
3613,48.38762,-89.2896,177,9249
3613,48.38681,-89.28962,178,9349
3613,48.3859,-89.28961,179,9450
3613,48.38536,-89.2895999,180,9505
3613,48.38453,-89.28959,181,9618
3613,48.38362,-89.2895999,182,9732
3613,48.38327,-89.2895999,183,9762
3613,48.38228,-89.2895999,184,9880
3613,48.38155,-89.2896,185,9954
3613,48.38065,-89.28962,186,10054
3613,48.38014,-89.28961,187,10105
3613,48.3792,-89.2895999,188,10218
3613,48.37826,-89.28961,189,10313
3613,48.3772,-89.2895999,190,10413
3613,48.3764,-89.2896,191,10529
3613,48.37637,-89.28962,192,10535
3613,48.37543,-89.28958,193,10645
3613,48.37569,-89.28967,194,10698
3613,48.3745199,-89.28955,195,10705
3613,48.3744599,-89.2895599,196,10712
3613,48.3743599,-89.2895299,197,10721
3613,48.3743199,-89.28949,198,10728
3613,48.3742599,-89.2893699,199,10738
3613,48.37424,-89.28928,200,10745
3613,48.37428,-89.2878299,201,10854
3613,48.37427,-89.2864199,202,10963
3613,48.37428,-89.2860799,203,10978
3613,48.37427,-89.28607,204,11009
3613,48.3742899,-89.28601,205,11017
3613,48.37428,-89.28466,206,11121
3613,48.37431,-89.28201,207,11310
3613,48.3742899,-89.2798,208,11467
3613,48.37426,-89.27905,209,11515
3613,48.37427,-89.2789899,210,11522
3613,48.3742599,-89.27894,211,11529
3613,48.3742599,-89.2772,212,11663
3613,48.37419,-89.27521,213,11809
3613,48.3742299,-89.2750499,214,11815
3613,48.37424,-89.27363,215,11925
3613,48.37424,-89.2733099,216,11940
3613,48.37418,-89.27327,217,11975
3613,48.3742199,-89.2731199,218,11983
3613,48.37419,-89.27204,219,12086
3613,48.37424,-89.2696399,220,12258
3613,48.37431,-89.26858,221,12333
3613,48.37431,-89.26858,222,12341
3613,48.3743,-89.26851,223,12349
3613,48.3743199,-89.26709,224,12452
3613,48.37431,-89.2666,225,12487
3613,48.37432,-89.26596,226,12530
3613,48.3743,-89.26579,227,12539
3613,48.37431,-89.26465,228,12624
3613,48.37431,-89.2629799,229,12726
3613,48.37432,-89.26216,230,12809
3613,48.3743,-89.26207,231,12816
3613,48.3743,-89.26195,232,12827
3613,48.37431,-89.26188,233,12834
3613,48.3743199,-89.25975,234,12991
3613,48.37432,-89.25922,235,13025
3613,48.37428,-89.25928,236,13033
3613,48.3743199,-89.25784,237,13141
3613,48.37431,-89.2564799,238,13244
3613,48.37431,-89.2548999,239,13363
3613,48.37431,-89.25414,240,13407
3613,48.37431,-89.2541499,241,13413
3613,48.3743199,-89.25269,242,13522
3613,48.37431,-89.25186,243,13578
3613,48.3743,-89.2518199,244,13585
3613,48.3743299,-89.2512299,245,13632
3613,48.37441,-89.25108,246,13647
3613,48.37506,-89.25037,247,13760
3613,48.3751399,-89.25035,248,13770
3613,48.37591,-89.2496199,249,13873
3613,48.3760899,-89.24944,250,13898
3613,48.37614,-89.24941,251,13905
3613,48.37666,-89.24885,252,14005
3613,48.37766,-89.2479,253,14115
3613,48.37775,-89.24782,254,14121
3613,48.3786199,-89.24772,255,14224
3613,48.37907,-89.24766,256,14291
3613,48.38022,-89.24772,257,14394
3613,48.38062,-89.24768,258,14457
3613,48.38081,-89.2476499,259,14474
3613,48.3808499,-89.24753,260,14480
3613,48.3808499,-89.2467899,261,14536
3613,48.3808599,-89.24672,262,14542
3613,48.3808899,-89.2466599,263,14549
3613,48.38098,-89.24659,264,14562
3613,48.38192,-89.2465699,265,14667
3613,48.38247,-89.24602,266,14706
3614,48.38247,-89.24602,0,0
3614,48.38192,-89.2455199,1,11
3614,48.38103,-89.2455099,2,110
3614,48.38091,-89.24557,3,130
3614,48.38088,-89.2456499,4,136
3614,48.38087,-89.24572,5,143
3614,48.3808599,-89.24644,6,189
3614,48.38091,-89.2465999,7,200
3614,48.3809899,-89.24664,8,208
3614,48.3820699,-89.2465999,9,328
3614,48.38232,-89.24659,10,355
3614,48.38245,-89.24662,11,368
3614,48.38251,-89.24677,12,383
3614,48.38249,-89.24825,13,493
3614,48.38256,-89.24942,14,575
3614,48.3825299,-89.2495499,15,585
3614,48.38248,-89.25114,16,706
3614,48.38256,-89.25182,17,747
3614,48.38251,-89.2518799,18,753
3614,48.3824999,-89.2535599,19,878
3614,48.38251,-89.2566099,20,1107
3614,48.38245,-89.2567,21,1115
3614,48.38239,-89.25673,22,1122
3614,48.38028,-89.2566799,23,1364
3614,48.3789499,-89.25666,24,1516
3614,48.37749,-89.2566699,25,1672
3614,48.3759999,-89.25665,26,1839
3614,48.3745499,-89.25665,27,1995
3614,48.3744,-89.2566799,28,2009
3614,48.3743499,-89.25678,29,2018
3614,48.37434,-89.25686,30,2026
3614,48.37441,-89.25984,31,2259
3614,48.3743599,-89.2601,32,2270
3614,48.3743299,-89.2613699,33,2368
3614,48.37428,-89.2614299,34,2375
3614,48.37333,-89.26146,35,2488
3614,48.37237,-89.26145,36,2590
3614,48.37181,-89.26151,37,2651
3614,48.3708499,-89.26146,38,2759
3614,48.3699299,-89.2614399,39,2868
3614,48.3695999,-89.26145,40,2897
3614,48.36875,-89.26153,41,3001
3614,48.36843,-89.26145,42,3009
3614,48.36836,-89.26155,43,3017
3614,48.3683499,-89.26162,44,3023
3614,48.36837,-89.2630099,45,3131
3614,48.36842,-89.26436,46,3241
3614,48.36839,-89.26443,47,3249
3614,48.3683499,-89.26598,48,3368
3614,48.36836,-89.26729,49,3473
3614,48.3684,-89.26763,50,3511
3614,48.3684099,-89.26766,51,3518
3614,48.36837,-89.2694,52,3643
3614,48.3683799,-89.26963,53,3665
3614,48.36837,-89.2697399,54,3673
3614,48.36842,-89.26991,55,3695
3614,48.36836,-89.27024,56,3702
3614,48.3683499,-89.2715799,57,3800
3614,48.36836,-89.27275,58,3882
3614,48.36833,-89.2728199,59,3888
3614,48.3683,-89.2728599,60,3895
3614,48.36803,-89.27294,61,3944
3614,48.3679899,-89.27291,62,3952
3614,48.3670399,-89.27288,63,4062
3614,48.36606,-89.27287,64,4168
3614,48.3659499,-89.27288,65,4175
3614,48.36565,-89.27293,66,4202
3614,48.36515,-89.2728899,67,4236
3614,48.36509,-89.27298,68,4246
3614,48.3650999,-89.2736099,69,4298
3614,48.36515,-89.27391,70,4335
3614,48.36509,-89.2743999,71,4371
3614,48.36516,-89.27557,72,4472
3614,48.36511,-89.2758,73,4485
3614,48.36509,-89.27723,74,4597
3614,48.36516,-89.27816,75,4658
3614,48.36512,-89.2782999,76,4670
3614,48.3650999,-89.2801099,77,4806
3614,48.3650999,-89.28135,78,4894
3614,48.36512,-89.28147,79,4902
3614,48.36512,-89.2818,80,4926
3614,48.36516,-89.28197,81,4953
3614,48.3650999,-89.2823099,82,4969
3614,48.36515,-89.28366,83,5073
3614,48.36511,-89.2855899,84,5200
3614,48.36516,-89.28573,85,5225
3614,48.3651299,-89.28577,86,5231
3614,48.36509,-89.28709,87,5332
3614,48.36515,-89.28841,88,5429
3614,48.3650999,-89.28879,89,5454
3614,48.36511,-89.28886,90,5462
3614,48.3650999,-89.2895599,91,5517
3614,48.3650699,-89.2895999,92,5525
3614,48.3649699,-89.2896599,93,5532
3614,48.36423,-89.28956,94,5631
3614,48.36335,-89.28952,95,5731
3614,48.3623399,-89.28952,96,5840
3614,48.3620499,-89.28951,97,5867
3614,48.36112,-89.28952,98,5976
3614,48.3601499,-89.2894999,99,6077
3614,48.3596199,-89.28955,100,6141
3614,48.35908,-89.2898599,101,6210
3614,48.3586299,-89.2904499,102,6272
3614,48.35846,-89.29108,103,6335
3614,48.3582699,-89.29136,104,6342
3614,48.3578499,-89.2925199,105,6438
3614,48.35737,-89.29382,106,6554
3614,48.35711,-89.29479,107,6643
3614,48.35695,-89.29507,108,6659
3614,48.3568999,-89.29543,109,6683
3614,48.3568899,-89.2963599,110,6748
3614,48.35698,-89.2971,111,6820
3614,48.3568999,-89.29742,112,6828
3614,48.35691,-89.2987899,113,6934
3614,48.35691,-89.30002,114,7019
3614,48.35697,-89.30087,115,7104
3614,48.3569199,-89.3012799,116,7113
3614,48.3569199,-89.30268,117,7216
3614,48.3569299,-89.30402,118,7318
3614,48.3569299,-89.3055,119,7421
3614,48.35694,-89.3059,120,7448
3614,48.35698,-89.30602,121,7459
3614,48.35708,-89.3060799,122,7471
3614,48.35715,-89.30594,123,7494
3614,48.35744,-89.30605,124,7500
3614,48.3591899,-89.30603,125,7693
3614,48.36012,-89.30605,126,7796
3614,48.3602099,-89.30616,127,7809
3614,48.36023,-89.3063099,128,7819
3614,48.3602099,-89.3069999,129,7865
3614,48.36002,-89.3083,130,7965
3614,48.35983,-89.30948,131,8060
3614,48.3593899,-89.31184,132,8241
3614,48.3590899,-89.31269,133,8313
3614,48.35865,-89.3134299,134,8389
3614,48.35825,-89.31384,135,8438
3614,48.3578399,-89.31411,136,8491
3614,48.35546,-89.31429,137,8757
3614,48.35468,-89.31429,138,8838
3614,48.35375,-89.3143,139,8940
3614,48.35306,-89.3143499,140,9021
3614,48.35291,-89.3144399,141,9034
3614,48.3528299,-89.31453,142,9046
3614,48.35278,-89.3147,143,9059
3614,48.35278,-89.31485,144,9072
3614,48.35352,-89.31876,145,9392
3614,48.3535099,-89.3187499,146,9398
3614,48.35372,-89.3202599,147,9519
3614,48.35385,-89.32136,148,9592
3614,48.35392,-89.3226899,149,9692
3614,48.35395,-89.32402,150,9789
3614,48.35405,-89.32469,151,9861
3614,48.3540999,-89.3268899,152,9996
3614,48.3542,-89.32822,153,10121
3614,48.3541699,-89.3285899,154,10130
3614,48.3542399,-89.33006,155,10241
3614,48.3543,-89.33036,156,10269
3614,48.3542699,-89.33072,157,10283
3614,48.3543399,-89.33222,158,10394
3614,48.35442,-89.33302,159,10472
3614,48.3544699,-89.33468,160,10579
3614,48.35472,-89.33603,161,10675
3614,48.35507,-89.3375499,162,10799
3614,48.3551,-89.33765,163,10826
3614,48.3551199,-89.3377,164,10835
3614,48.35513,-89.33783,165,10847
3614,48.3554499,-89.3392299,166,10964
3614,48.35576,-89.3406099,167,11064
3614,48.35593,-89.34124,168,11129
3614,48.35623,-89.3427399,169,11232
3614,48.35656,-89.34397,170,11351
3614,48.35685,-89.3455299,171,11454
3614,48.3569899,-89.3462,172,11515
3614,48.357,-89.3476299,173,11616
3614,48.35695,-89.349,174,11724
3614,48.35697,-89.3493,175,11762
3614,48.35697,-89.35102,176,11868
3614,48.35703,-89.35161,177,11942
3614,48.3570199,-89.35199,178,11957
3614,48.3571599,-89.3534799,179,12067
3614,48.35727,-89.35478,180,12167
3614,48.35733,-89.35497,181,12192
3614,48.35744,-89.35671,182,12297
3614,48.35755,-89.35741,183,12381
3614,48.35753,-89.35785,184,12392
3614,48.3576499,-89.35923,185,12496
3614,48.35777,-89.36064,186,12599
3614,48.35786,-89.36105,187,12656
3614,48.3579399,-89.36281,188,12763
3614,48.3580799,-89.3643,189,12879
3614,48.35819,-89.3657899,190,12986
3614,48.35828,-89.36584,191,13019
3614,48.35825,-89.36629,192,13037
3614,48.3583699,-89.3676899,193,13142
3614,48.35849,-89.3690999,194,13249
3614,48.35862,-89.3705,195,13349
3614,48.35879,-89.37172,196,13456
3614,48.35888,-89.3733999,197,13561
3614,48.35901,-89.37483,198,13659
3614,48.35914,-89.37623,199,13776
3614,48.35924,-89.37743,200,13856
3614,48.35938,-89.3788799,201,13972
3614,48.3595199,-89.3803199,202,14071
3614,48.35966,-89.38176,203,14188
3614,48.35988,-89.38305,204,14287
3614,48.3598099,-89.38342,205,14305
3614,48.3599499,-89.3850499,206,14421
3614,48.36007,-89.38641,207,14525
3614,48.3602,-89.38783,208,14626
3614,48.36026,-89.38841,209,14665
3614,48.3602699,-89.38845,210,14671
3614,48.3603,-89.38851,211,14678
3614,48.36042,-89.38859,212,14691
3614,48.36049,-89.38861,213,14701
3614,48.36137,-89.38858,214,14801
3614,48.36234,-89.38849,215,14932
3614,48.3625,-89.3882399,216,14942
3614,48.3624699,-89.3868899,217,15035
3614,48.3624699,-89.3853799,218,15151
3614,48.3624699,-89.3852099,219,15158
3614,48.3624699,-89.3837699,220,15268
3614,48.3624799,-89.3824599,221,15368
3614,48.36242,-89.38168,222,15435
3614,48.3624699,-89.3812799,223,15451
3614,48.36246,-89.37969,224,15563
3614,48.36246,-89.37828,225,15668
3614,48.36241,-89.37736,226,15754
3614,48.3624699,-89.37692,227,15771
3614,48.3624699,-89.37542,228,15879
3614,48.3624699,-89.3739299,229,15994
3614,48.36245,-89.3724799,230,16096
3614,48.36244,-89.3725,231,16117
3614,48.36246,-89.37069,232,16223
3614,48.36246,-89.36938,233,16323
3614,48.36242,-89.36828,234,16422
3614,48.36245,-89.3667299,235,16524
3614,48.36245,-89.3652299,236,16634
3614,48.36245,-89.36472,237,16664
3614,48.3624399,-89.36328,238,16775
3614,48.36243,-89.36187,239,16880
3614,48.36242,-89.36128,240,16942
3614,48.3624399,-89.3596499,241,17044
3614,48.36245,-89.35821,242,17155
3614,48.3624399,-89.35677,243,17258
3614,48.3624399,-89.3553,244,17370
3614,48.36245,-89.3538699,245,17471
3614,48.36248,-89.35291,246,17541
3614,48.36245,-89.3507199,247,17685
3614,48.3624399,-89.3491699,248,17798
3614,48.36246,-89.3477899,249,17903
3614,48.36246,-89.3463,250,18011
3614,48.3624699,-89.346,251,18031
3614,48.36249,-89.3459299,252,18037
3614,48.36259,-89.3458599,253,18048
3614,48.3628,-89.34583,254,18088
3614,48.3644099,-89.3458899,255,18242
3614,48.3657199,-89.3458899,256,18387
3614,48.36706,-89.34588,257,18539
3614,48.3680899,-89.34584,258,18648
3614,48.36827,-89.3458899,259,18667
3614,48.3683199,-89.3459199,260,18676
3614,48.3684,-89.34608,261,18691
3614,48.3684199,-89.3480899,262,18836
3614,48.36839,-89.34833,263,18853
3614,48.3683499,-89.3484,264,18860
3614,48.36824,-89.3484899,265,18872
3614,48.36692,-89.3484499,266,19021
3614,48.36561,-89.34846,267,19168
3614,48.3653999,-89.34846,268,19189
3614,48.36532,-89.3484899,269,19203
3614,48.36394,-89.34847,270,19354
3614,48.36264,-89.34853,271,19523
3614,48.36246,-89.3488099,272,19533
3614,48.3624699,-89.35043,273,19656
3614,48.3624699,-89.35179,274,19758
3614,48.36251,-89.35252,275,19823
3614,48.3624799,-89.3541999,276,19928
3614,48.3624699,-89.3557,277,20041
3614,48.3624699,-89.35716,278,20147
3614,48.3624799,-89.35829,279,20225
3614,48.36246,-89.3596,280,20332
3614,48.36245,-89.36077,281,20412
3614,48.3624699,-89.36095,282,20423
3614,48.3625099,-89.36101,283,20429
3614,48.36256,-89.3610299,284,20435
3614,48.36355,-89.36097,285,20560
3614,48.3647399,-89.3609899,286,20661
3614,48.36565,-89.36098,287,20764
3614,48.36657,-89.36096,288,20893
3614,48.36768,-89.3609599,289,20998
3614,48.3686099,-89.3609599,290,21104
3614,48.36962,-89.36097,291,21210
3614,48.3706199,-89.36098,292,21322
3614,48.37154,-89.36093,293,21438
3614,48.3726,-89.36097,294,21540
3614,48.37352,-89.36098,295,21643
3614,48.37447,-89.3609,296,21756
3614,48.37477,-89.36098,297,21772
3614,48.37575,-89.3609599,298,21883
3614,48.37683,-89.3609599,299,21997
3614,48.37764,-89.36089,300,22109
3614,48.37881,-89.3609599,301,22223
3614,48.37978,-89.3609599,302,22327
3614,48.38038,-89.36089,303,22418
3614,48.3804599,-89.36095,304,22430
3614,48.3804899,-89.36094,305,22437
3614,48.3807,-89.36095,306,22462
3614,48.3808499,-89.36091,307,22476
3614,48.3809199,-89.3608599,308,22486
3614,48.3810199,-89.3606699,309,22503
3614,48.38121,-89.35939,310,22607
3614,48.3814,-89.35783,311,22725
3614,48.3815499,-89.3564599,312,22811
3614,48.38173,-89.3548199,313,22948
3614,48.38173,-89.35342,314,23057
3614,48.38166,-89.3528799,315,23081
3614,48.38133,-89.35145,316,23198
3614,48.38103,-89.35039,317,23274
3614,48.3808499,-89.3489,318,23384
3614,48.3808199,-89.3472099,319,23508
3614,48.3808199,-89.34613,320,23577
3614,48.3808199,-89.34456,321,23704
3614,48.38083,-89.34302,322,23818
3614,48.38078,-89.34208,323,23885
3614,48.38084,-89.34174,324,23905
3614,48.38083,-89.34033,325,24009
3614,48.38083,-89.33914,326,24093
3614,48.38081,-89.33806,327,24186
3614,48.3808199,-89.3365699,328,24289
3614,48.3808199,-89.33501,329,24402
3614,48.38079,-89.33498,330,24425
3614,48.38081,-89.33334,331,24532
3614,48.3807899,-89.33186,332,24631
3614,48.38075,-89.33131,333,24696
3614,48.3808,-89.32972,334,24802
3614,48.38081,-89.32845,335,24881
3614,48.38083,-89.3269499,336,25001
3614,48.38083,-89.32553,337,25107
3614,48.38084,-89.3241299,338,25211
3614,48.38083,-89.32267,339,25317
3614,48.38079,-89.3221,340,25372
3614,48.38083,-89.3204799,341,25476
3614,48.38084,-89.31899,342,25587
3614,48.38084,-89.31761,343,25690
3614,48.38083,-89.3162499,344,25793
3614,48.3808,-89.31557,345,25848
3614,48.3807899,-89.3139,346,25952
3614,48.38077,-89.31249,347,26062
3614,48.38077,-89.3123099,348,26070
3614,48.3807599,-89.31079,349,26180
3614,48.3807599,-89.3104399,350,26208
3614,48.38077,-89.31036,351,26215
3614,48.3807599,-89.30876,352,26333
3614,48.38074,-89.30845,353,26355
3614,48.38077,-89.3083799,354,26366
3614,48.38078,-89.3068899,355,26478
3614,48.38078,-89.3052899,356,26588
3614,48.38074,-89.30479,357,26616
3614,48.38074,-89.30321,358,26716
3614,48.3807299,-89.3018799,359,26816
3614,48.38074,-89.30048,360,26918
3614,48.3807599,-89.29901,361,27031
3614,48.3807599,-89.29752,362,27141
3614,48.38078,-89.29612,363,27260
3614,48.3807599,-89.2947,364,27368
3614,48.38077,-89.29319,365,27474
3614,48.38078,-89.2927,366,27505
3614,48.38078,-89.2925499,367,27516
3614,48.38077,-89.29247,368,27524
3614,48.38077,-89.29112,369,27625
3614,48.38077,-89.2897599,370,27719
3614,48.3807599,-89.2896899,371,27725
3614,48.38068,-89.28962,372,27735
3614,48.38014,-89.28961,373,27790
3614,48.3792,-89.2895999,374,27903
3614,48.37826,-89.28961,375,27998
3614,48.3772,-89.2895999,376,28098
3614,48.3764,-89.2896,377,28214
3614,48.37637,-89.28962,378,28220
3614,48.37543,-89.28958,379,28330
3614,48.37569,-89.28967,380,28383
3614,48.3737299,-89.28958,381,28484
3614,48.37279,-89.28968,382,28587
3614,48.37265,-89.28969,383,28615
3614,48.3715699,-89.2897299,384,28720
3614,48.3705799,-89.28971,385,28831
3614,48.3695999,-89.28971,386,28941
3614,48.3695299,-89.28971,387,28950
3614,48.3694699,-89.28968,388,28957
3614,48.36939,-89.2895299,389,28969
3614,48.36939,-89.2881,390,29098
3614,48.36939,-89.28803,391,29106
3614,48.3693999,-89.28797,392,29112
3614,48.3693999,-89.2866499,393,29213
3614,48.36939,-89.28547,394,29319
3614,48.36941,-89.2853599,395,29329
3614,48.36942,-89.2840499,396,29432
3614,48.36942,-89.2835899,397,29458
3614,48.36939,-89.28187,398,29609
3614,48.3692999,-89.2815199,399,29619
3614,48.36919,-89.2815599,400,29630
3614,48.3674899,-89.28157,401,29817
3614,48.36741,-89.28161,402,29852
3614,48.3673699,-89.28163,403,29861
3614,48.36646,-89.28157,404,29965
3614,48.36594,-89.2816,405,30016
3614,48.36583,-89.28163,406,30027
3614,48.36552,-89.28157,407,30063
3614,48.36511,-89.2816199,408,30102
3614,48.36509,-89.28167,409,30109
3614,48.36509,-89.28181,410,30118
3614,48.36516,-89.28197,411,30142
